Molecule_Name,OCNT_ID,pEC50
OADMET-0006089,OCNT-2318682,5.27
OADMET-0006088,OCNT-2318669,5.08
OADMET-0006087,OCNT-2318665,5.12
OADMET-0006086,OCNT-2318651,5.23
OADMET-0006085,OCNT-2318648,5.28
OADMET-0006084,OCNT-2318630,4.5
OADMET-0006083,OCNT-2318628,4.66
OADMET-0006082,OCNT-2318615,5.18
OADMET-0006081,OCNT-2318613,4.31
OADMET-0006080,OCNT-2318606,4.24
OADMET-0006079,OCNT-2318602,5.3
OADMET-0006078,OCNT-2318594,4.19
OADMET-0006077,OCNT-2318587,5.07
OADMET-0006076,OCNT-2318585,5.12
OADMET-0006075,OCNT-2318553,5.03
OADMET-0006074,OCNT-2318552,5.14
OADMET-0006073,OCNT-2318550,5.07
OADMET-0006072,OCNT-2318540,5.44
OADMET-0006071,OCNT-2318534,3.96
OADMET-0006070,OCNT-2318532,4.36
OADMET-0006069,OCNT-2318529,5.19
OADMET-0006068,OCNT-2318508,4.76
OADMET-0006067,OCNT-2318489,4.74
OADMET-0006066,OCNT-2318484,5.02
OADMET-0006065,OCNT-2318476,5.2
OADMET-0006064,OCNT-2318475,4.61
OADMET-0006063,OCNT-2318468,5.44
OADMET-0006062,OCNT-2318436,4.81
OADMET-0006061,OCNT-2318433,4.69
OADMET-0006060,OCNT-2318431,4.87
OADMET-0006059,OCNT-2318428,4.45
OADMET-0006058,OCNT-2318425,5.26
OADMET-0006057,OCNT-2318422,4.48
OADMET-0006056,OCNT-2318415,4.58
OADMET-0006055,OCNT-2318412,4.95
OADMET-0006054,OCNT-2318408,4.68
OADMET-0006053,OCNT-2318407,5.31
OADMET-0006052,OCNT-2318396,4.6
OADMET-0006051,OCNT-2318386,5.11
OADMET-0006050,OCNT-2318378,5.18
OADMET-0006049,OCNT-2318376,4.85
OADMET-0006048,OCNT-2318366,4.99
OADMET-0006047,OCNT-2318359,4.93
OADMET-0006046,OCNT-2318358,5.13
OADMET-0006045,OCNT-2318335,5.42
OADMET-0006044,OCNT-2318332,4.93
OADMET-0006043,OCNT-2318325,4.72
OADMET-0006042,OCNT-2318318,5.24
OADMET-0006041,OCNT-2318316,5.09
OADMET-0006040,OCNT-2318315,5.3
OADMET-0006039,OCNT-2318305,4.18
OADMET-0006038,OCNT-2318301,4.94
OADMET-0006037,OCNT-2318300,4.74
OADMET-0006036,OCNT-2318298,5.2
OADMET-0006035,OCNT-2318292,5.53
OADMET-0006034,OCNT-2318283,4.93
OADMET-0006033,OCNT-2318271,5.14
OADMET-0006032,OCNT-2318270,4.76
OADMET-0006031,OCNT-2318262,4.42
OADMET-0006030,OCNT-2318261,5.06
OADMET-0006029,OCNT-2318259,4.74
OADMET-0006028,OCNT-2318248,5.23
OADMET-0006027,OCNT-2318240,5.23
OADMET-0006026,OCNT-2318237,4.64
OADMET-0006025,OCNT-2318210,5.22
OADMET-0006024,OCNT-2318204,4.61
OADMET-0006023,OCNT-2318203,4.98
OADMET-0006022,OCNT-2318186,4.97
OADMET-0006021,OCNT-2318176,4.93
OADMET-0006020,OCNT-2318170,5.07
OADMET-0006019,OCNT-2318165,4.73
OADMET-0006018,OCNT-2318157,4.63
OADMET-0006017,OCNT-2318154,5.16
OADMET-0006016,OCNT-2318149,4.26
OADMET-0006015,OCNT-2318141,4.51
OADMET-0006014,OCNT-2318136,5.39
OADMET-0006013,OCNT-2318133,4.34
OADMET-0006012,OCNT-2318132,4.93
OADMET-0006011,OCNT-2318129,5.11
OADMET-0006010,OCNT-2318127,5.28
OADMET-0006009,OCNT-2318118,4.11
OADMET-0006008,OCNT-2318111,4.81
OADMET-0006007,OCNT-2318097,4.99
OADMET-0006006,OCNT-2318094,4.81
OADMET-0006005,OCNT-2318093,4.4
OADMET-0006004,OCNT-2318075,4.69
OADMET-0006003,OCNT-2318072,4.38
OADMET-0006002,OCNT-2318070,4.61
OADMET-0006001,OCNT-2318064,5.16
OADMET-0006000,OCNT-2318062,5.22
OADMET-0005999,OCNT-2318023,4.98
OADMET-0005998,OCNT-2318022,4.83
OADMET-0005997,OCNT-2318020,5.11
OADMET-0005996,OCNT-2318019,4.85
OADMET-0005995,OCNT-2318011,5.1
OADMET-0005994,OCNT-2318009,5.16
OADMET-0005993,OCNT-2318008,5.08
OADMET-0005992,OCNT-2318000,4.56
OADMET-0005991,OCNT-2317998,4.65
OADMET-0005990,OCNT-2317994,4.84
OADMET-0005989,OCNT-2317990,4.7
OADMET-0005988,OCNT-2317979,4.52
OADMET-0005987,OCNT-2317978,4.83
OADMET-0005986,OCNT-2317963,4.63
OADMET-0005985,OCNT-2317962,4.82
OADMET-0005984,OCNT-2317961,5.35
OADMET-0005983,OCNT-2317953,4.56
OADMET-0005982,OCNT-2317947,4.42
OADMET-0005981,OCNT-2317942,4.5
OADMET-0005980,OCNT-2317936,4.42
OADMET-0005979,OCNT-2317930,5.2
OADMET-0005978,OCNT-2317927,4.26
OADMET-0005977,OCNT-2317924,5.36
OADMET-0005976,OCNT-2317913,5.0
OADMET-0005975,OCNT-2317900,4.71
OADMET-0005974,OCNT-2317864,4.06
OADMET-0005973,OCNT-2317860,4.68
OADMET-0005972,OCNT-2317855,5.11
OADMET-0005971,OCNT-2317838,4.68
OADMET-0005970,OCNT-2317836,4.46
OADMET-0005969,OCNT-2317832,4.57
OADMET-0005968,OCNT-2317821,3.85
OADMET-0005967,OCNT-2317809,5.2
OADMET-0005966,OCNT-2317796,4.34
OADMET-0005965,OCNT-2317766,5.07
OADMET-0005964,OCNT-2317751,5.22
OADMET-0005963,OCNT-2317749,5.0
OADMET-0005962,OCNT-2317738,4.51
OADMET-0005961,OCNT-2317727,4.61
OADMET-0005960,OCNT-2317722,4.42
OADMET-0005959,OCNT-2317714,4.53
OADMET-0005958,OCNT-2317696,5.09
OADMET-0005957,OCNT-2317690,5.31
OADMET-0005956,OCNT-2317688,4.45
OADMET-0005955,OCNT-2317686,4.87
OADMET-0005954,OCNT-2317678,4.91
OADMET-0005953,OCNT-2317677,5.52
OADMET-0005952,OCNT-2317675,5.03
OADMET-0005951,OCNT-2317663,4.8
OADMET-0005950,OCNT-2317662,4.83
OADMET-0005949,OCNT-2317660,5.28
OADMET-0005948,OCNT-2317655,5.04
OADMET-0005947,OCNT-2317645,5.18
OADMET-0005946,OCNT-2317637,5.06
OADMET-0005945,OCNT-2317629,5.26
OADMET-0005944,OCNT-2317626,5.24
OADMET-0005943,OCNT-2317625,5.0
OADMET-0005942,OCNT-2317620,4.41
OADMET-0005941,OCNT-2317599,5.07
OADMET-0005940,OCNT-2317597,5.22
OADMET-0005939,OCNT-2317591,4.44
OADMET-0005938,OCNT-2317589,4.82
OADMET-0005937,OCNT-2317584,4.89
OADMET-0005936,OCNT-2317572,4.97
OADMET-0005935,OCNT-2317558,4.49
OADMET-0005934,OCNT-2317555,5.25
OADMET-0005933,OCNT-2317554,5.18
OADMET-0005932,OCNT-2317552,4.94
OADMET-0005931,OCNT-2317547,5.21
OADMET-0005930,OCNT-2317545,5.19
OADMET-0005929,OCNT-2317533,5.38
OADMET-0005928,OCNT-2317518,4.44
OADMET-0005927,OCNT-2317512,4.63
OADMET-0005926,OCNT-2317500,5.25
OADMET-0005925,OCNT-2317498,4.02
OADMET-0005924,OCNT-2317468,4.48
OADMET-0005923,OCNT-2317454,5.53
OADMET-0005922,OCNT-2317450,4.26
OADMET-0005921,OCNT-2317449,4.6
OADMET-0005920,OCNT-2317443,5.41
OADMET-0005919,OCNT-2317427,4.54
OADMET-0005918,OCNT-2317420,4.77
OADMET-0005917,OCNT-2317403,4.67
OADMET-0005916,OCNT-2317384,4.64
OADMET-0005915,OCNT-2317366,4.67
OADMET-0005914,OCNT-2317361,3.92
OADMET-0005913,OCNT-2317358,4.48
OADMET-0005912,OCNT-2317347,5.1
OADMET-0005911,OCNT-2317344,5.23
OADMET-0005910,OCNT-2317339,4.57
OADMET-0005909,OCNT-2317338,4.77
OADMET-0005908,OCNT-2317335,4.87
OADMET-0005907,OCNT-2317334,4.83
OADMET-0005906,OCNT-2317315,4.89
OADMET-0005905,OCNT-2317292,4.67
OADMET-0005904,OCNT-2317286,4.39
OADMET-0005903,OCNT-2317280,4.38
OADMET-0005902,OCNT-2317274,4.73
OADMET-0005901,OCNT-2317273,4.26
OADMET-0005900,OCNT-2317271,4.45
OADMET-0005899,OCNT-2317265,4.59
OADMET-0005898,OCNT-2317251,4.15
OADMET-0005897,OCNT-2317250,4.75
OADMET-0005896,OCNT-2317244,4.86
OADMET-0005895,OCNT-2317238,5.25
OADMET-0005894,OCNT-2317237,4.71
OADMET-0005893,OCNT-2317235,5.01
OADMET-0005892,OCNT-2317228,5.1
OADMET-0005891,OCNT-2317224,5.11
OADMET-0005890,OCNT-2317208,4.09
OADMET-0005889,OCNT-2317204,4.76
OADMET-0005888,OCNT-2317202,4.98
OADMET-0005887,OCNT-2317201,5.02
OADMET-0005886,OCNT-2317200,4.58
OADMET-0005885,OCNT-2317197,5.17
OADMET-0005884,OCNT-2317188,5.04
OADMET-0005883,OCNT-2317181,4.56
OADMET-0005882,OCNT-2317180,4.07
OADMET-0005881,OCNT-2317174,4.68
OADMET-0005880,OCNT-2317169,5.19
OADMET-0005879,OCNT-2317161,4.22
OADMET-0005878,OCNT-2317146,4.99
OADMET-0005877,OCNT-2317141,4.44
OADMET-0005876,OCNT-2317125,4.72
OADMET-0005875,OCNT-2317123,4.95
OADMET-0005874,OCNT-2317122,5.65
OADMET-0005873,OCNT-2317107,4.38
OADMET-0005872,OCNT-2317096,5.48
OADMET-0005871,OCNT-2317084,5.37
OADMET-0005870,OCNT-2317077,4.88
OADMET-0005869,OCNT-2317074,4.47
OADMET-0005868,OCNT-2317072,4.43
OADMET-0005867,OCNT-2317048,4.47
OADMET-0005866,OCNT-2317040,4.48
OADMET-0005865,OCNT-2317032,5.2
OADMET-0005864,OCNT-2317023,4.77
OADMET-0005863,OCNT-2317016,4.69
OADMET-0005862,OCNT-2317009,4.89
OADMET-0005861,OCNT-2316995,4.63
OADMET-0005860,OCNT-2316987,4.36
OADMET-0005859,OCNT-2316981,4.4
OADMET-0005858,OCNT-2316967,5.29
OADMET-0005857,OCNT-2316953,5.06
OADMET-0005856,OCNT-2316948,5.04
OADMET-0005855,OCNT-2316940,4.48
OADMET-0005854,OCNT-2316919,3.96
OADMET-0005853,OCNT-2316909,4.06
OADMET-0005852,OCNT-2316893,4.73
OADMET-0005851,OCNT-2316882,4.34
OADMET-0005850,OCNT-2316875,4.07
OADMET-0005849,OCNT-2316873,4.42
OADMET-0005848,OCNT-2316839,4.41
OADMET-0005847,OCNT-2316836,5.21
OADMET-0005846,OCNT-2316818,4.61
OADMET-0005845,OCNT-2316810,4.84
OADMET-0005844,OCNT-2316807,4.25
OADMET-0005843,OCNT-2316803,4.74
OADMET-0005842,OCNT-2316795,5.12
OADMET-0005841,OCNT-2316794,4.87
OADMET-0005840,OCNT-2316782,4.81
OADMET-0005839,OCNT-2316772,5.06
OADMET-0005838,OCNT-2316767,5.23
OADMET-0005837,OCNT-2316753,4.5
OADMET-0005836,OCNT-2316749,4.83
OADMET-0005835,OCNT-2316748,3.63
OADMET-0005834,OCNT-2316740,4.52
OADMET-0005833,OCNT-2316733,4.66
OADMET-0005832,OCNT-2316730,5.07
OADMET-0005831,OCNT-2316723,3.9
OADMET-0005830,OCNT-2316722,3.93
OADMET-0005829,OCNT-2316695,5.38
OADMET-0005828,OCNT-2316678,4.67
OADMET-0005827,OCNT-2316674,4.69
OADMET-0005826,OCNT-2316666,5.19
OADMET-0005825,OCNT-2316651,4.41
OADMET-0005824,OCNT-2316650,4.44
OADMET-0005823,OCNT-2316646,5.63
OADMET-0005822,OCNT-2316644,4.65
OADMET-0005821,OCNT-2316635,5.23
OADMET-0005820,OCNT-2316634,4.47
OADMET-0005819,OCNT-2316631,4.99
OADMET-0005818,OCNT-2316614,4.92
OADMET-0005817,OCNT-2316613,4.66
OADMET-0005816,OCNT-2316609,4.4
OADMET-0005815,OCNT-2316607,4.9
OADMET-0005814,OCNT-2316572,4.58
OADMET-0005813,OCNT-2316566,4.13
OADMET-0005812,OCNT-2316563,4.69
OADMET-0005811,OCNT-2316559,5.22
OADMET-0005810,OCNT-2316549,4.75
OADMET-0005809,OCNT-2316536,5.62
OADMET-0005808,OCNT-2316531,5.32
OADMET-0005807,OCNT-2316501,5.56
OADMET-0005806,OCNT-2316500,5.22
OADMET-0005805,OCNT-2316494,4.91
OADMET-0005804,OCNT-2316485,5.57
OADMET-0005803,OCNT-2316463,5.15
OADMET-0005802,OCNT-2316460,4.53
OADMET-0005801,OCNT-2316456,4.5
OADMET-0005800,OCNT-2316444,5.05
OADMET-0005799,OCNT-2316440,3.56
OADMET-0005798,OCNT-2316417,4.82
OADMET-0005797,OCNT-2316410,4.85
OADMET-0005796,OCNT-2316408,4.63
OADMET-0005795,OCNT-2316407,4.68
OADMET-0005794,OCNT-2316396,4.71
OADMET-0005793,OCNT-2316395,4.25
OADMET-0005792,OCNT-2316394,4.58
OADMET-0005791,OCNT-2316389,4.63
OADMET-0005790,OCNT-2316386,4.57
OADMET-0005789,OCNT-2316383,4.36
OADMET-0005788,OCNT-2316378,6.23
OADMET-0005787,OCNT-2316366,4.67
OADMET-0005786,OCNT-2316365,5.05
OADMET-0005785,OCNT-2316360,4.57
OADMET-0005784,OCNT-2316356,4.84
OADMET-0005783,OCNT-2316349,5.22
OADMET-0005782,OCNT-2316345,4.83
OADMET-0005781,OCNT-2316338,4.85
OADMET-0005780,OCNT-2316334,4.03
OADMET-0005779,OCNT-2316328,5.11
OADMET-0005778,OCNT-2316326,4.53
OADMET-0005777,OCNT-2316324,4.72
OADMET-0005776,OCNT-2316321,4.99
OADMET-0005775,OCNT-2316316,4.78
OADMET-0005774,OCNT-2316315,5.05
OADMET-0005773,OCNT-2316313,4.38
OADMET-0005772,OCNT-2316310,4.78
OADMET-0005771,OCNT-2316293,5.46
OADMET-0005770,OCNT-2316292,4.85
OADMET-0005769,OCNT-2316290,4.78
OADMET-0005768,OCNT-2316289,4.86
OADMET-0005767,OCNT-2316264,4.28
OADMET-0005766,OCNT-2316255,4.75
OADMET-0005765,OCNT-2316252,4.16
OADMET-0005764,OCNT-2316246,4.65
OADMET-0005763,OCNT-2316237,4.21
OADMET-0005762,OCNT-2316219,4.79
OADMET-0005761,OCNT-2316215,4.4
OADMET-0005760,OCNT-2316213,5.24
OADMET-0005759,OCNT-2316209,4.14
OADMET-0005758,OCNT-2316204,4.29
OADMET-0005757,OCNT-2316200,4.52
OADMET-0005756,OCNT-2316189,4.54
OADMET-0005755,OCNT-2316185,4.69
OADMET-0005754,OCNT-2316178,4.6
OADMET-0005753,OCNT-2316175,4.29
OADMET-0005752,OCNT-2316162,4.62
OADMET-0005751,OCNT-2316161,4.28
OADMET-0005750,OCNT-2316159,4.44
OADMET-0005749,OCNT-2316158,4.3
OADMET-0005748,OCNT-2316155,4.74
OADMET-0005747,OCNT-2316139,5.58
OADMET-0005746,OCNT-2316136,5.46
OADMET-0005745,OCNT-2316129,4.82
OADMET-0005744,OCNT-2316123,4.78
OADMET-0005743,OCNT-2316111,4.61
OADMET-0005742,OCNT-2316099,4.06
OADMET-0005741,OCNT-2316089,4.59
OADMET-0005740,OCNT-2316084,4.81
OADMET-0005739,OCNT-2316079,4.46
OADMET-0005738,OCNT-2316074,4.3
OADMET-0005737,OCNT-2316051,4.67
OADMET-0005736,OCNT-2316048,5.46
OADMET-0005735,OCNT-2316046,5.09
OADMET-0005734,OCNT-2316043,4.85
OADMET-0005733,OCNT-2316034,5.22
OADMET-0005732,OCNT-2316033,5.12
OADMET-0005731,OCNT-2316031,5.11
OADMET-0005730,OCNT-2316023,4.59
OADMET-0005729,OCNT-2316021,4.23
OADMET-0005728,OCNT-2316016,4.9
OADMET-0005727,OCNT-2316014,5.12
OADMET-0005726,OCNT-2316012,4.83
OADMET-0005725,OCNT-2316009,4.8
OADMET-0005724,OCNT-2316007,4.84
OADMET-0005723,OCNT-2316005,4.17
OADMET-0005722,OCNT-2315980,4.2
OADMET-0005721,OCNT-2315968,5.02
OADMET-0005720,OCNT-2315966,5.0
OADMET-0005719,OCNT-2315943,4.86
OADMET-0005718,OCNT-2315929,4.73
OADMET-0005717,OCNT-2315913,4.33
OADMET-0005716,OCNT-2315891,4.51
OADMET-0005715,OCNT-2315880,4.82
OADMET-0005714,OCNT-2315868,4.96
OADMET-0005713,OCNT-2315864,4.39
OADMET-0005712,OCNT-2315844,4.49
OADMET-0005711,OCNT-2315834,4.34
OADMET-0005710,OCNT-2315814,4.16
OADMET-0005709,OCNT-2315812,4.95
OADMET-0005708,OCNT-2315810,4.83
OADMET-0005707,OCNT-2315806,4.3
OADMET-0005706,OCNT-2315799,4.86
OADMET-0005705,OCNT-2315797,4.52
OADMET-0005704,OCNT-2315794,4.68
OADMET-0005703,OCNT-2315791,4.97
OADMET-0005702,OCNT-2315778,5.22
OADMET-0005701,OCNT-2315773,4.97
OADMET-0005700,OCNT-2315760,4.04
OADMET-0005699,OCNT-2315759,4.95
OADMET-0005698,OCNT-2315750,4.41
OADMET-0005697,OCNT-2315749,4.9
OADMET-0005696,OCNT-2315739,4.22
OADMET-0005695,OCNT-2315734,3.94
OADMET-0005694,OCNT-2315728,4.96
OADMET-0005693,OCNT-2315727,4.82
OADMET-0005692,OCNT-2315726,4.9
OADMET-0005691,OCNT-2315716,4.25
OADMET-0005690,OCNT-2315710,4.7
OADMET-0005689,OCNT-2315701,5.05
OADMET-0005688,OCNT-2315690,4.59
OADMET-0005687,OCNT-2315685,5.04
OADMET-0005686,OCNT-2315682,5.1
OADMET-0005685,OCNT-2315669,4.22
OADMET-0005684,OCNT-2315662,4.67
OADMET-0005683,OCNT-2315659,4.77
OADMET-0005682,OCNT-2315642,4.9
OADMET-0005681,OCNT-2315634,5.17
OADMET-0005680,OCNT-2315632,4.27
OADMET-0005679,OCNT-2315616,4.4
OADMET-0005678,OCNT-2315615,5.14
OADMET-0005677,OCNT-2315603,5.13
OADMET-0005676,OCNT-2315590,5.66
OADMET-0005675,OCNT-2315588,4.41
OADMET-0005674,OCNT-2315585,5.2
OADMET-0005673,OCNT-2315579,4.39
OADMET-0005672,OCNT-2315567,4.92
OADMET-0005671,OCNT-2315563,4.94
OADMET-0005670,OCNT-2315559,4.6
OADMET-0005669,OCNT-2315553,4.68
OADMET-0005668,OCNT-2315551,5.27
OADMET-0005667,OCNT-2315542,5.14
OADMET-0005666,OCNT-2315540,5.25
OADMET-0005665,OCNT-2315538,4.39
OADMET-0005664,OCNT-2315536,5.28
OADMET-0005663,OCNT-2315534,4.85
OADMET-0005662,OCNT-2315511,4.28
OADMET-0005661,OCNT-2315509,5.08
OADMET-0005660,OCNT-2315501,4.75
OADMET-0005659,OCNT-2315497,5.12
OADMET-0005658,OCNT-2315478,4.51
OADMET-0005657,OCNT-2315477,4.63
OADMET-0005656,OCNT-2315476,4.89
OADMET-0005655,OCNT-2315469,5.2
OADMET-0005654,OCNT-2315465,5.16
OADMET-0005653,OCNT-2315463,5.41
OADMET-0005652,OCNT-2315458,4.45
OADMET-0005651,OCNT-2315452,4.09
OADMET-0005650,OCNT-2315445,4.27
OADMET-0005649,OCNT-2315437,4.79
OADMET-0005648,OCNT-2315431,4.53
OADMET-0005647,OCNT-2315429,4.53
OADMET-0005646,OCNT-2315420,4.64
OADMET-0005645,OCNT-2315411,4.65
OADMET-0005644,OCNT-2315392,5.1
OADMET-0005643,OCNT-2315387,4.29
OADMET-0005642,OCNT-2315385,5.14
OADMET-0005641,OCNT-2315381,5.1
OADMET-0005640,OCNT-2315377,4.67
OADMET-0005639,OCNT-2315370,4.8
OADMET-0005638,OCNT-2315359,4.84
OADMET-0005637,OCNT-2315345,4.09
OADMET-0005636,OCNT-2315339,5.12
OADMET-0005635,OCNT-2315338,4.89
OADMET-0005634,OCNT-2315334,4.09
OADMET-0005633,OCNT-2315333,4.43
OADMET-0005632,OCNT-2315331,5.1
OADMET-0005631,OCNT-2315326,4.35
OADMET-0005630,OCNT-2315324,4.63
OADMET-0005629,OCNT-2315318,4.73
OADMET-0005628,OCNT-2315317,5.27
OADMET-0005627,OCNT-2315313,4.68
OADMET-0005626,OCNT-2315307,3.51
OADMET-0005625,OCNT-2315303,4.57
OADMET-0005624,OCNT-2315297,4.16
OADMET-0005623,OCNT-2315290,4.87
OADMET-0005622,OCNT-2315284,5.15
OADMET-0005621,OCNT-2315276,4.95
OADMET-0005620,OCNT-2315271,4.67
OADMET-0005619,OCNT-2315270,5.05
OADMET-0005618,OCNT-2315263,4.96
OADMET-0005617,OCNT-2315257,4.87
OADMET-0005616,OCNT-2315247,4.54
OADMET-0005615,OCNT-2315234,4.93
OADMET-0005614,OCNT-2315229,5.32
OADMET-0005613,OCNT-2315205,5.04
OADMET-0005612,OCNT-2315196,4.53
OADMET-0005611,OCNT-2315195,4.85
OADMET-0005610,OCNT-2315189,4.85
OADMET-0005609,OCNT-2315185,4.15
OADMET-0005608,OCNT-2315170,4.53
OADMET-0005607,OCNT-2315166,4.73
OADMET-0005606,OCNT-2315147,4.59
OADMET-0005605,OCNT-2315142,4.91
OADMET-0005604,OCNT-2315141,3.91
OADMET-0005603,OCNT-2315140,4.29
OADMET-0005602,OCNT-2315139,4.47
OADMET-0005601,OCNT-2315138,4.87
OADMET-0005600,OCNT-2315133,4.73
OADMET-0005599,OCNT-2315132,4.43
OADMET-0005598,OCNT-2315131,4.92
OADMET-0005597,OCNT-2315126,4.77
OADMET-0005596,OCNT-2315122,4.79
OADMET-0005595,OCNT-2315114,4.93
OADMET-0005594,OCNT-2315110,4.24
OADMET-0005593,OCNT-2315103,4.74
OADMET-0005592,OCNT-2315096,4.65
OADMET-0005591,OCNT-2315083,4.9
OADMET-0005590,OCNT-2315065,4.63
OADMET-0005589,OCNT-2315059,5.16
OADMET-0005588,OCNT-2315057,4.45
OADMET-0005587,OCNT-2315056,4.26
OADMET-0005586,OCNT-2315048,4.68
OADMET-0005585,OCNT-2315046,5.04
OADMET-0005584,OCNT-2315039,4.05
OADMET-0005583,OCNT-2315027,4.27
OADMET-0005582,OCNT-2315023,4.85
OADMET-0005581,OCNT-2315019,4.66
OADMET-0005580,OCNT-2315016,4.11
OADMET-0005579,OCNT-2315008,4.85
OADMET-0005578,OCNT-2315004,4.77
OADMET-0005577,OCNT-2314966,4.9
OADMET-0005576,OCNT-2314963,4.12
OADMET-0005575,OCNT-2314945,4.82
OADMET-0005574,OCNT-2314930,5.28
OADMET-0005573,OCNT-2314924,4.73
OADMET-0005572,OCNT-2314906,4.77
OADMET-0005571,OCNT-2314892,4.75
OADMET-0005570,OCNT-2314885,5.08
OADMET-0005569,OCNT-2314881,4.68
OADMET-0005568,OCNT-2314880,4.35
OADMET-0005567,OCNT-2314877,5.12
OADMET-0005566,OCNT-2314875,5.31
OADMET-0005565,OCNT-2314859,5.28
OADMET-0005564,OCNT-2314853,4.88
OADMET-0005563,OCNT-2314846,5.18
OADMET-0005562,OCNT-2314838,5.03
OADMET-0005561,OCNT-2314829,4.59
OADMET-0005560,OCNT-2314805,4.8
OADMET-0005559,OCNT-2314801,4.96
OADMET-0005558,OCNT-2314783,4.61
OADMET-0005557,OCNT-2314780,5.13
OADMET-0005556,OCNT-2314774,5.22
OADMET-0005555,OCNT-2314770,4.53
OADMET-0005554,OCNT-2314767,4.58
OADMET-0005553,OCNT-2314759,4.79
OADMET-0005552,OCNT-2314735,5.14
OADMET-0005551,OCNT-2314734,5.3
OADMET-0005550,OCNT-2314718,5.0
OADMET-0005549,OCNT-2314714,5.09
OADMET-0005548,OCNT-2314711,4.83
OADMET-0005547,OCNT-2314708,5.37
OADMET-0005546,OCNT-2314706,4.93
OADMET-0005545,OCNT-2314703,5.43
OADMET-0005544,OCNT-2314702,4.8
OADMET-0005543,OCNT-2314675,5.1
OADMET-0005542,OCNT-2314671,5.28
OADMET-0005541,OCNT-2314663,4.68
OADMET-0005540,OCNT-2314662,4.63
OADMET-0005539,OCNT-2314661,4.82
OADMET-0005538,OCNT-2314657,4.43
OADMET-0005537,OCNT-2314650,5.19
OADMET-0005536,OCNT-2314649,4.49
OADMET-0005535,OCNT-2314645,5.23
OADMET-0005534,OCNT-2314636,5.49
OADMET-0005533,OCNT-2314628,4.21
OADMET-0005532,OCNT-2314623,5.22
OADMET-0005531,OCNT-2314598,4.4
OADMET-0005530,OCNT-2314589,4.88
OADMET-0005529,OCNT-2314585,5.3
OADMET-0005528,OCNT-2314581,3.86
OADMET-0005527,OCNT-2314578,4.09
OADMET-0005526,OCNT-2314577,5.07
OADMET-0005525,OCNT-2314562,5.54
OADMET-0005524,OCNT-2314546,5.3
OADMET-0005523,OCNT-2314534,4.43
OADMET-0005522,OCNT-2314513,5.37
OADMET-0005521,OCNT-2314511,4.49
OADMET-0005520,OCNT-2314499,4.29
OADMET-0005519,OCNT-2314481,4.81
OADMET-0005518,OCNT-2314441,5.39
OADMET-0005517,OCNT-2314434,4.92
OADMET-0005516,OCNT-2314433,4.46
OADMET-0005515,OCNT-2314416,5.1
OADMET-0005514,OCNT-2314415,4.7
OADMET-0005513,OCNT-2314413,5.2
OADMET-0005512,OCNT-2314401,5.01
OADMET-0005511,OCNT-2314400,4.73
OADMET-0005510,OCNT-2314393,4.99
OADMET-0005509,OCNT-2314392,5.68
OADMET-0005508,OCNT-2314389,5.34
OADMET-0005507,OCNT-2314371,5.31
OADMET-0005506,OCNT-2314358,5.18
OADMET-0005505,OCNT-2314357,4.48
OADMET-0005504,OCNT-2314355,4.77
OADMET-0005503,OCNT-2314351,4.95
OADMET-0005502,OCNT-2314344,4.87
OADMET-0005501,OCNT-2314339,5.29
OADMET-0005500,OCNT-2314337,4.64
OADMET-0005499,OCNT-2314322,5.17
OADMET-0005498,OCNT-2314308,3.8
OADMET-0005497,OCNT-2314295,4.9
OADMET-0005496,OCNT-2314293,5.08
OADMET-0005495,OCNT-2314280,5.03
OADMET-0005494,OCNT-2314276,5.36
OADMET-0005493,OCNT-2314271,5.13
OADMET-0005492,OCNT-2314261,5.35
OADMET-0005491,OCNT-2314260,4.84
OADMET-0005490,OCNT-2314257,4.96
OADMET-0005489,OCNT-2314255,4.94
OADMET-0005488,OCNT-2314254,5.04
OADMET-0005487,OCNT-2314242,4.78
OADMET-0005486,OCNT-2314239,4.93
OADMET-0005485,OCNT-2314233,4.61
OADMET-0005484,OCNT-2314230,4.93
OADMET-0005483,OCNT-2314194,5.17
OADMET-0005482,OCNT-2314185,4.99
OADMET-0005481,OCNT-2314183,4.96
OADMET-0005480,OCNT-2314177,5.11
OADMET-0005479,OCNT-2314166,4.7
OADMET-0005478,OCNT-2314157,5.06
OADMET-0005477,OCNT-2314153,4.5
OADMET-0005476,OCNT-2314148,5.3
OADMET-0005475,OCNT-2314142,4.85
OADMET-0005474,OCNT-2314134,5.27
OADMET-0005473,OCNT-2314131,4.33
OADMET-0005472,OCNT-2314115,4.92
OADMET-0005471,OCNT-2314114,5.32
OADMET-0005470,OCNT-2314089,4.23
OADMET-0005469,OCNT-2314088,4.87
OADMET-0005468,OCNT-2314074,4.38
OADMET-0005467,OCNT-2314068,5.22
OADMET-0005466,OCNT-2314065,4.43
OADMET-0005465,OCNT-2314054,5.19
OADMET-0005464,OCNT-2314051,4.81
OADMET-0005463,OCNT-2314037,5.34
OADMET-0005462,OCNT-2314026,4.86
OADMET-0005461,OCNT-2314016,5.23
OADMET-0005460,OCNT-2314001,5.15
OADMET-0005459,OCNT-2313999,4.72
OADMET-0005458,OCNT-2313997,4.75
OADMET-0005457,OCNT-2313994,4.59
OADMET-0005456,OCNT-2313993,5.22
OADMET-0005455,OCNT-2313982,5.09
OADMET-0005454,OCNT-2313957,4.69
OADMET-0005453,OCNT-2313938,4.93
OADMET-0005452,OCNT-2313929,4.61
OADMET-0005451,OCNT-2313928,4.3
OADMET-0005450,OCNT-2313920,5.43
OADMET-0005449,OCNT-2313916,5.32
OADMET-0005448,OCNT-2313915,5.31
OADMET-0005447,OCNT-2313907,5.07
OADMET-0005446,OCNT-2313892,5.24
OADMET-0005445,OCNT-2313891,4.5
OADMET-0005444,OCNT-2313884,4.57
OADMET-0005443,OCNT-2313883,5.61
OADMET-0005442,OCNT-2313877,5.03
OADMET-0005441,OCNT-2313857,4.56
OADMET-0005440,OCNT-2313847,5.01
OADMET-0005439,OCNT-2313846,4.46
OADMET-0005438,OCNT-2313837,4.63
OADMET-0005437,OCNT-2313826,5.16
OADMET-0005436,OCNT-2313820,4.58
OADMET-0005435,OCNT-2313815,5.18
OADMET-0005434,OCNT-2313800,5.01
OADMET-0005433,OCNT-2313784,4.78
OADMET-0005432,OCNT-2313783,5.48
OADMET-0005431,OCNT-2313779,5.04
OADMET-0005430,OCNT-2313768,4.75
OADMET-0005429,OCNT-2313763,4.97
OADMET-0005428,OCNT-2313758,5.0
OADMET-0005427,OCNT-2313750,4.7
OADMET-0005426,OCNT-2313749,5.16
OADMET-0005425,OCNT-2313743,5.88
OADMET-0005424,OCNT-2313734,3.9
OADMET-0005423,OCNT-2313726,5.19
OADMET-0005422,OCNT-2313722,4.86
OADMET-0005421,OCNT-2313718,4.68
OADMET-0005420,OCNT-2313705,5.25
OADMET-0005419,OCNT-2313698,5.38
OADMET-0005418,OCNT-2313685,4.84
OADMET-0005417,OCNT-2313683,4.88
OADMET-0005416,OCNT-2313679,5.28
OADMET-0005415,OCNT-2313671,4.79
OADMET-0005414,OCNT-2313670,4.42
OADMET-0005413,OCNT-2313663,4.22
OADMET-0005412,OCNT-2313645,4.89
OADMET-0005411,OCNT-2313644,4.91
OADMET-0005410,OCNT-2313639,5.15
OADMET-0005409,OCNT-2313637,4.89
OADMET-0005408,OCNT-2313631,5.82
OADMET-0005407,OCNT-2313630,5.17
OADMET-0005406,OCNT-2313603,4.69
OADMET-0005405,OCNT-2313586,4.56
OADMET-0005404,OCNT-2313585,5.31
OADMET-0005403,OCNT-2313576,4.98
OADMET-0005402,OCNT-2313574,5.1
OADMET-0005401,OCNT-2313563,4.15
OADMET-0005400,OCNT-2313554,4.83
OADMET-0005399,OCNT-2313537,4.98
OADMET-0005398,OCNT-2313533,4.93
OADMET-0005397,OCNT-2313531,4.53
OADMET-0005396,OCNT-2313523,4.29
OADMET-0005395,OCNT-2313508,4.2
OADMET-0005394,OCNT-2313497,5.26
OADMET-0005393,OCNT-2313496,4.4
OADMET-0005392,OCNT-2313494,4.43
OADMET-0005391,OCNT-2313487,4.54
OADMET-0005390,OCNT-2313469,3.34
OADMET-0005389,OCNT-2313466,4.87
OADMET-0005388,OCNT-2313457,6.06
OADMET-0005387,OCNT-2313452,4.79
OADMET-0005386,OCNT-2313442,4.88
OADMET-0005385,OCNT-2313427,4.57
OADMET-0005384,OCNT-2313419,4.62
OADMET-0005383,OCNT-2313402,4.18
OADMET-0005382,OCNT-2313398,4.74
OADMET-0005381,OCNT-2313397,4.59
OADMET-0005380,OCNT-2313396,4.16
OADMET-0005379,OCNT-2313395,4.34
OADMET-0005378,OCNT-2313394,4.89
OADMET-0005377,OCNT-2313385,4.91
OADMET-0005376,OCNT-2313383,4.8
OADMET-0005375,OCNT-2313382,4.53
OADMET-0005374,OCNT-2313376,4.68
OADMET-0005373,OCNT-2313375,5.19
OADMET-0005372,OCNT-2313371,5.23
OADMET-0005371,OCNT-2313358,4.69
OADMET-0005370,OCNT-2313345,4.5
OADMET-0005369,OCNT-2313340,4.15
OADMET-0005368,OCNT-2313337,3.98
OADMET-0005367,OCNT-2313336,4.75
OADMET-0005366,OCNT-2313334,4.83
OADMET-0005365,OCNT-2313329,4.9
OADMET-0005364,OCNT-2313316,4.62
OADMET-0005363,OCNT-2313315,4.84
OADMET-0005362,OCNT-2313310,4.58
OADMET-0005361,OCNT-2313309,5.11
OADMET-0005360,OCNT-2313298,3.98
OADMET-0005359,OCNT-2313290,4.47
OADMET-0005358,OCNT-2313284,4.43
OADMET-0005357,OCNT-2313275,4.78
OADMET-0005356,OCNT-2313273,4.72
OADMET-0005355,OCNT-2313271,4.41
OADMET-0005354,OCNT-2313251,4.45
OADMET-0005353,OCNT-2313246,4.26
OADMET-0005352,OCNT-2313245,5.17
OADMET-0005351,OCNT-2313240,4.41
OADMET-0005350,OCNT-2313233,4.71
OADMET-0005349,OCNT-2313226,4.8
OADMET-0005348,OCNT-2313216,4.5
OADMET-0005347,OCNT-2313210,4.51
OADMET-0005346,OCNT-2313209,4.51
OADMET-0005345,OCNT-2313208,4.87
OADMET-0005344,OCNT-2313206,5.04
OADMET-0005343,OCNT-2313196,3.98
OADMET-0005342,OCNT-2313181,5.2
OADMET-0005341,OCNT-2313179,4.33
OADMET-0005340,OCNT-2313177,4.22
OADMET-0005339,OCNT-2313176,4.44
OADMET-0005338,OCNT-2313171,5.06
OADMET-0005337,OCNT-2313168,4.87
OADMET-0005336,OCNT-2313167,4.75
OADMET-0005335,OCNT-2313165,4.35
OADMET-0005334,OCNT-2313164,4.47
OADMET-0005333,OCNT-2313163,5.27
OADMET-0005332,OCNT-2313153,4.98
OADMET-0005331,OCNT-2313150,4.46
OADMET-0005330,OCNT-2313135,4.21
OADMET-0005329,OCNT-2313124,4.62
OADMET-0005328,OCNT-2313120,4.74
OADMET-0005327,OCNT-2313117,4.4
OADMET-0005326,OCNT-2313110,4.4
OADMET-0005325,OCNT-2313107,5.14
OADMET-0005324,OCNT-2313096,4.08
OADMET-0005323,OCNT-2313093,5.02
OADMET-0005322,OCNT-2313084,4.88
OADMET-0005321,OCNT-2313077,4.29
OADMET-0005320,OCNT-2313076,4.54
OADMET-0005319,OCNT-2313065,5.04
OADMET-0005318,OCNT-2313053,4.42
OADMET-0005317,OCNT-2313049,5.34
OADMET-0005316,OCNT-2313042,5.07
OADMET-0005315,OCNT-2313031,4.77
OADMET-0005314,OCNT-2313029,4.34
OADMET-0005313,OCNT-2313027,5.06
OADMET-0005312,OCNT-2313017,4.57
OADMET-0005311,OCNT-2313002,4.7
OADMET-0005310,OCNT-2312999,5.14
OADMET-0005309,OCNT-2312991,4.64
OADMET-0005308,OCNT-2312988,4.49
OADMET-0005307,OCNT-2312987,4.55
OADMET-0005306,OCNT-2312966,5.16
OADMET-0005305,OCNT-2312964,4.64
OADMET-0005304,OCNT-2312963,4.6
OADMET-0005303,OCNT-2312946,4.98
OADMET-0005302,OCNT-2312945,4.96
OADMET-0005301,OCNT-2312943,4.68
OADMET-0005300,OCNT-2312935,4.38
OADMET-0005299,OCNT-2312926,4.56
OADMET-0005298,OCNT-2312925,4.26
OADMET-0005297,OCNT-2312920,5.23
OADMET-0005296,OCNT-2312919,4.43
OADMET-0005295,OCNT-2312918,5.27
OADMET-0005294,OCNT-2312912,4.97
OADMET-0005293,OCNT-2312909,4.6
OADMET-0005292,OCNT-2312906,4.39
OADMET-0005291,OCNT-2312897,4.65
OADMET-0005290,OCNT-2312892,5.16
OADMET-0005289,OCNT-2312886,5.12
OADMET-0005288,OCNT-2312884,4.53
OADMET-0005287,OCNT-2312882,4.73
OADMET-0005286,OCNT-2312876,3.26
OADMET-0005285,OCNT-2312873,4.79
OADMET-0005284,OCNT-2312851,4.93
OADMET-0005283,OCNT-2312845,4.46
OADMET-0005282,OCNT-2312844,4.54
OADMET-0005281,OCNT-2312840,4.42
OADMET-0005280,OCNT-2312828,5.02
OADMET-0005279,OCNT-2312820,5.39
OADMET-0005278,OCNT-2312815,4.78
OADMET-0005277,OCNT-2312807,4.38
OADMET-0005276,OCNT-2312801,4.92
OADMET-0005275,OCNT-2312796,4.43
OADMET-0005274,OCNT-2312782,4.26
OADMET-0005273,OCNT-2312778,4.13
OADMET-0005272,OCNT-2312776,4.3
OADMET-0005271,OCNT-2312771,4.45
OADMET-0005270,OCNT-2312764,4.28
OADMET-0005269,OCNT-2312763,4.58
OADMET-0005268,OCNT-2312761,4.73
OADMET-0005267,OCNT-2312756,4.24
OADMET-0005266,OCNT-2312749,5.09
OADMET-0005265,OCNT-2312741,5.0
OADMET-0005264,OCNT-2312738,4.75
OADMET-0005263,OCNT-2312736,5.08
OADMET-0005262,OCNT-2312724,4.24
OADMET-0005261,OCNT-2312722,5.05
OADMET-0005260,OCNT-2312720,4.55
OADMET-0005259,OCNT-2312719,4.38
OADMET-0005258,OCNT-2312717,4.36
OADMET-0005257,OCNT-2312712,5.46
OADMET-0005256,OCNT-2312707,4.93
OADMET-0005255,OCNT-2312706,5.3
OADMET-0005254,OCNT-2312704,4.04
OADMET-0005253,OCNT-2312702,4.51
OADMET-0005252,OCNT-2312690,4.86
OADMET-0005251,OCNT-2312684,4.53
OADMET-0005250,OCNT-2312681,4.35
OADMET-0005249,OCNT-2312676,4.7
OADMET-0005248,OCNT-2312675,4.53
OADMET-0005247,OCNT-2312665,4.72
OADMET-0005246,OCNT-2312663,4.81
OADMET-0005245,OCNT-2312662,5.01
OADMET-0005244,OCNT-2312659,4.81
OADMET-0005243,OCNT-2312654,3.98
OADMET-0005242,OCNT-2312645,4.46
OADMET-0005241,OCNT-2312641,4.3
OADMET-0005240,OCNT-2312639,4.24
OADMET-0005239,OCNT-2312638,5.15
OADMET-0005238,OCNT-2312637,4.73
OADMET-0005237,OCNT-2312625,4.47
OADMET-0005236,OCNT-2312622,5.19
OADMET-0005235,OCNT-2312616,4.54
OADMET-0005234,OCNT-2312607,4.87
OADMET-0005233,OCNT-2312568,4.88
OADMET-0005232,OCNT-2312551,5.45
OADMET-0005231,OCNT-2312538,4.81
OADMET-0005230,OCNT-2312523,5.21
OADMET-0005229,OCNT-2312489,4.6
OADMET-0005228,OCNT-2312478,4.89
OADMET-0005227,OCNT-2312472,4.63
OADMET-0005226,OCNT-2312465,4.2
OADMET-0005225,OCNT-2312464,4.62
OADMET-0005224,OCNT-2312445,4.91
OADMET-0005223,OCNT-2312443,5.2
OADMET-0005222,OCNT-2312441,5.48
OADMET-0005221,OCNT-2312432,5.04
OADMET-0005220,OCNT-2312425,5.16
OADMET-0005219,OCNT-2312397,4.16
OADMET-0005218,OCNT-2312390,5.57
OADMET-0005217,OCNT-2312385,4.47
OADMET-0005216,OCNT-2312378,4.14
OADMET-0005215,OCNT-2312373,4.65
OADMET-0005214,OCNT-2312370,5.12
OADMET-0005213,OCNT-2312357,5.15
OADMET-0005212,OCNT-2312354,4.87
OADMET-0005211,OCNT-2312352,4.46
OADMET-0005210,OCNT-2312347,4.52
OADMET-0005209,OCNT-2312339,4.57
OADMET-0005208,OCNT-2312337,4.93
OADMET-0005207,OCNT-2312333,4.3
OADMET-0005206,OCNT-2312323,5.13
OADMET-0005205,OCNT-2312304,4.34
OADMET-0005204,OCNT-2312301,4.61
OADMET-0005203,OCNT-2312293,4.57
OADMET-0005202,OCNT-2312291,4.47
OADMET-0005201,OCNT-2312278,4.31
OADMET-0005200,OCNT-2312275,5.33
OADMET-0005199,OCNT-2312274,4.58
OADMET-0005198,OCNT-2312240,4.8
OADMET-0005197,OCNT-2312236,4.44
OADMET-0005196,OCNT-2312234,5.07
OADMET-0005195,OCNT-2312231,4.26
OADMET-0005194,OCNT-2312201,4.92
OADMET-0005193,OCNT-2312176,4.81
OADMET-0005192,OCNT-2312167,4.39
OADMET-0005191,OCNT-2312161,5.21
OADMET-0005190,OCNT-2312143,5.57
OADMET-0005189,OCNT-2312131,4.37
OADMET-0005188,OCNT-2312128,4.78
OADMET-0005187,OCNT-2312126,5.2
OADMET-0005186,OCNT-2312122,4.4
OADMET-0005185,OCNT-2312105,4.5
OADMET-0005184,OCNT-2312094,4.82
OADMET-0005183,OCNT-2312089,4.46
OADMET-0005182,OCNT-2312085,4.87
OADMET-0005181,OCNT-2312073,5.33
OADMET-0005180,OCNT-2312046,4.86
OADMET-0005179,OCNT-2312044,5.21
OADMET-0005178,OCNT-2312032,5.0
OADMET-0005177,OCNT-2312030,5.21
OADMET-0005176,OCNT-2312023,4.86
OADMET-0005175,OCNT-2311998,4.2
OADMET-0005174,OCNT-2311993,4.62
OADMET-0005173,OCNT-2311973,4.82
OADMET-0005172,OCNT-2311972,5.2
OADMET-0005171,OCNT-2311959,4.72
OADMET-0005170,OCNT-2311957,5.14
OADMET-0005169,OCNT-2311952,4.87
OADMET-0005168,OCNT-2311951,4.95
OADMET-0005167,OCNT-2311950,5.28
OADMET-0005166,OCNT-2311948,5.37
OADMET-0005165,OCNT-2311937,5.25
OADMET-0005164,OCNT-2311929,4.84
OADMET-0005163,OCNT-2311919,4.54
OADMET-0005162,OCNT-2311918,4.9
OADMET-0005161,OCNT-2311898,5.07
OADMET-0005160,OCNT-2311892,4.49
OADMET-0005159,OCNT-2311886,4.4
OADMET-0005158,OCNT-2311872,4.61
OADMET-0005157,OCNT-2311858,4.8
OADMET-0005156,OCNT-2311856,4.31
OADMET-0005155,OCNT-2311844,4.83
OADMET-0005154,OCNT-2311837,4.89
OADMET-0005153,OCNT-2311815,4.53
OADMET-0005152,OCNT-2311807,5.06
OADMET-0005151,OCNT-2311792,4.83
OADMET-0005150,OCNT-2311783,5.02
OADMET-0005149,OCNT-2311782,4.64
OADMET-0005148,OCNT-2311766,4.92
OADMET-0005147,OCNT-2311763,4.62
OADMET-0005146,OCNT-2311760,4.45
OADMET-0005145,OCNT-2311759,4.99
OADMET-0005144,OCNT-2311757,4.6
OADMET-0005143,OCNT-2311742,4.63
OADMET-0005142,OCNT-2311739,4.49
OADMET-0005141,OCNT-2311737,4.8
OADMET-0005140,OCNT-2311732,4.87
OADMET-0005139,OCNT-2311727,5.12
OADMET-0005138,OCNT-2311725,4.84
OADMET-0005137,OCNT-2311720,5.44
OADMET-0005136,OCNT-2311716,5.05
OADMET-0005135,OCNT-2311706,4.34
OADMET-0005134,OCNT-2311703,4.42
OADMET-0005133,OCNT-2311699,5.03
OADMET-0005132,OCNT-2311695,5.33
OADMET-0005131,OCNT-2311689,4.46
OADMET-0005130,OCNT-2311685,5.1
OADMET-0005129,OCNT-2311671,5.01
OADMET-0005128,OCNT-2311667,5.46
OADMET-0005127,OCNT-2311661,5.25
OADMET-0005126,OCNT-2311658,4.15
OADMET-0005125,OCNT-2311657,4.67
OADMET-0005124,OCNT-2311656,4.5
OADMET-0005123,OCNT-2311655,4.6
OADMET-0005122,OCNT-2311632,4.52
OADMET-0005121,OCNT-2311631,4.94
OADMET-0005120,OCNT-2311627,4.19
OADMET-0005119,OCNT-2311615,4.97
OADMET-0005118,OCNT-2311591,4.36
OADMET-0005117,OCNT-2311587,4.46
OADMET-0005116,OCNT-2311557,5.3
OADMET-0005115,OCNT-2311550,5.12
OADMET-0005114,OCNT-2311547,4.01
OADMET-0005113,OCNT-2311523,4.23
OADMET-0005112,OCNT-2311474,4.26
OADMET-0005111,OCNT-2311469,5.19
OADMET-0005110,OCNT-2311460,4.93
OADMET-0005109,OCNT-2311456,5.3
OADMET-0005108,OCNT-2311453,5.1
OADMET-0005107,OCNT-2311452,5.03
OADMET-0005106,OCNT-2311436,4.73
OADMET-0005105,OCNT-2311435,5.15
OADMET-0005104,OCNT-2311425,5.26
OADMET-0005103,OCNT-2311409,5.06
OADMET-0005102,OCNT-2311402,5.09
OADMET-0005101,OCNT-2311385,4.57
OADMET-0005100,OCNT-2311382,4.44
OADMET-0005099,OCNT-2311355,4.84
OADMET-0005098,OCNT-2311353,5.09
OADMET-0005097,OCNT-2311335,4.73
OADMET-0005096,OCNT-2311327,5.23
OADMET-0005095,OCNT-2311313,5.47
OADMET-0005094,OCNT-2311312,5.24
OADMET-0005093,OCNT-2311304,5.31
OADMET-0005092,OCNT-2311292,4.73
OADMET-0005091,OCNT-2311291,5.31
OADMET-0005090,OCNT-2311284,5.44
OADMET-0005089,OCNT-2311281,5.06
OADMET-0005088,OCNT-2311272,4.57
OADMET-0005087,OCNT-2311261,5.0
OADMET-0005086,OCNT-2311258,3.99
OADMET-0005085,OCNT-2311241,5.25
OADMET-0005084,OCNT-2311238,4.58
OADMET-0005083,OCNT-2311214,4.27
OADMET-0005082,OCNT-2311212,5.32
OADMET-0005081,OCNT-2311178,4.91
OADMET-0005080,OCNT-2311168,4.43
OADMET-0005079,OCNT-2311167,4.94
OADMET-0005078,OCNT-2311160,5.24
OADMET-0005077,OCNT-2311153,5.07
OADMET-0005076,OCNT-2311143,4.35
OADMET-0005075,OCNT-2311101,5.18
OADMET-0005074,OCNT-2311099,5.08
OADMET-0005073,OCNT-2311082,4.85
OADMET-0005072,OCNT-2311079,5.06
OADMET-0005071,OCNT-2311077,4.41
OADMET-0005070,OCNT-2311067,5.3
OADMET-0005069,OCNT-2311052,5.02
OADMET-0005068,OCNT-2311051,5.43
OADMET-0005067,OCNT-2311049,4.73
OADMET-0005066,OCNT-2311042,4.72
OADMET-0005065,OCNT-2311037,5.19
OADMET-0005064,OCNT-2311030,4.99
OADMET-0005063,OCNT-2311015,4.33
OADMET-0005062,OCNT-2311010,4.99
OADMET-0005061,OCNT-2310992,5.39
OADMET-0005060,OCNT-2310987,5.25
OADMET-0005059,OCNT-2310986,4.92
OADMET-0005058,OCNT-2310966,4.96
OADMET-0005057,OCNT-2310962,4.26
OADMET-0005056,OCNT-2310947,4.83
OADMET-0005055,OCNT-2310934,4.83
OADMET-0005054,OCNT-2310931,4.79
OADMET-0005053,OCNT-2310929,4.95
OADMET-0005052,OCNT-2310920,4.82
OADMET-0005051,OCNT-2310900,4.84
OADMET-0005050,OCNT-2310896,5.22
OADMET-0005049,OCNT-2310888,4.21
OADMET-0005048,OCNT-2310884,5.05
OADMET-0005047,OCNT-2310880,4.88
OADMET-0005046,OCNT-2310868,5.1
OADMET-0005045,OCNT-2310854,5.05
OADMET-0005044,OCNT-2310845,4.84
OADMET-0005043,OCNT-2310833,4.94
OADMET-0005042,OCNT-2310804,4.69
OADMET-0005041,OCNT-2310803,4.63
OADMET-0005040,OCNT-2310788,4.68
OADMET-0005039,OCNT-2310781,4.57
OADMET-0005038,OCNT-2310770,4.86
OADMET-0005037,OCNT-2310747,4.09
OADMET-0005036,OCNT-2310729,4.93
OADMET-0005035,OCNT-2310728,4.54
OADMET-0005034,OCNT-2310711,4.88
OADMET-0005033,OCNT-2310706,4.83
OADMET-0005032,OCNT-2310696,4.82
OADMET-0005031,OCNT-2310695,4.53
OADMET-0005030,OCNT-2310689,5.07
OADMET-0005029,OCNT-2310688,4.73
OADMET-0005028,OCNT-2310676,5.3
OADMET-0005027,OCNT-2310646,5.69
OADMET-0005026,OCNT-2310631,5.0
OADMET-0005025,OCNT-2310615,4.71
OADMET-0005024,OCNT-2310611,5.02
OADMET-0005023,OCNT-2310606,5.23
OADMET-0005022,OCNT-2310601,4.74
OADMET-0005021,OCNT-2310591,5.0
OADMET-0005020,OCNT-2310584,5.24
OADMET-0005019,OCNT-2310577,5.38
OADMET-0005018,OCNT-2310566,4.7
OADMET-0005017,OCNT-2310564,5.14
OADMET-0005016,OCNT-2310562,5.13
OADMET-0005015,OCNT-2310561,4.8
OADMET-0005014,OCNT-2310551,4.66
OADMET-0005013,OCNT-2310543,4.7
OADMET-0005012,OCNT-2310539,5.33
OADMET-0005011,OCNT-2310520,4.51
OADMET-0005010,OCNT-2310517,4.61
OADMET-0005009,OCNT-2310483,5.09
OADMET-0005008,OCNT-2310478,4.57
OADMET-0005007,OCNT-2310459,4.82
OADMET-0005006,OCNT-2310458,5.05
OADMET-0005005,OCNT-2310455,5.0
OADMET-0005004,OCNT-2310446,4.35
OADMET-0005003,OCNT-2310445,4.81
OADMET-0005002,OCNT-2310427,4.87
OADMET-0005001,OCNT-2310425,4.63
OADMET-0005000,OCNT-2310419,4.57
OADMET-0004999,OCNT-2310407,4.99
OADMET-0004998,OCNT-2310406,5.08
OADMET-0004997,OCNT-2310396,5.02
OADMET-0004996,OCNT-2310395,5.03
OADMET-0004995,OCNT-2310391,5.34
OADMET-0004994,OCNT-2310382,5.16
OADMET-0004993,OCNT-2310372,4.65
OADMET-0004992,OCNT-2310366,4.78
OADMET-0004991,OCNT-2310360,5.41
OADMET-0004990,OCNT-2310354,5.51
OADMET-0004989,OCNT-2310348,5.56
OADMET-0004988,OCNT-2310333,4.87
OADMET-0004987,OCNT-2310330,5.23
OADMET-0004986,OCNT-2310328,4.87
OADMET-0004985,OCNT-2310319,4.78
OADMET-0004984,OCNT-2310317,5.33
OADMET-0004983,OCNT-2310316,4.65
OADMET-0004982,OCNT-2310309,4.47
OADMET-0004981,OCNT-2310293,5.53
OADMET-0004980,OCNT-2310289,5.35
OADMET-0004979,OCNT-2310284,4.2
OADMET-0004978,OCNT-2310261,5.05
OADMET-0004977,OCNT-2310257,5.33
OADMET-0004976,OCNT-2310252,4.56
OADMET-0004975,OCNT-2310227,4.6
OADMET-0004974,OCNT-2310222,4.98
OADMET-0004973,OCNT-2310197,5.21
OADMET-0004972,OCNT-2310195,4.24
OADMET-0004971,OCNT-2310194,4.6
OADMET-0004970,OCNT-2310185,5.22
OADMET-0004969,OCNT-2310184,4.97
OADMET-0004968,OCNT-2310160,4.73
OADMET-0004967,OCNT-2310145,4.8
OADMET-0004966,OCNT-2310125,5.15
OADMET-0004965,OCNT-2310121,4.93
OADMET-0004964,OCNT-2310119,5.21
OADMET-0004963,OCNT-2310081,4.78
OADMET-0004962,OCNT-2310077,4.27
OADMET-0004961,OCNT-2310061,4.67
OADMET-0004960,OCNT-2310060,5.39
OADMET-0004959,OCNT-2310044,4.68
OADMET-0004958,OCNT-2310021,4.97
OADMET-0004957,OCNT-2310019,4.95
OADMET-0004956,OCNT-2310013,5.42
OADMET-0004955,OCNT-2310010,4.57
OADMET-0004954,OCNT-2310007,5.03
OADMET-0004953,OCNT-2310004,4.6
OADMET-0004952,OCNT-2310000,5.03
OADMET-0004951,OCNT-2309996,4.56
OADMET-0004950,OCNT-2309995,5.33
OADMET-0004949,OCNT-2309993,4.9
OADMET-0004948,OCNT-2309974,4.54
OADMET-0004947,OCNT-2309973,4.89
OADMET-0004946,OCNT-2309972,4.56
OADMET-0004945,OCNT-2309970,5.51
OADMET-0004944,OCNT-2309967,4.37
OADMET-0004943,OCNT-2309965,5.2
OADMET-0004942,OCNT-2309964,5.06
OADMET-0004941,OCNT-2309951,5.24
OADMET-0004940,OCNT-2309948,5.67
OADMET-0004939,OCNT-2309947,4.71
OADMET-0004938,OCNT-2309944,5.01
OADMET-0004937,OCNT-2309925,4.9
OADMET-0004936,OCNT-2309915,3.97
OADMET-0004935,OCNT-2309912,3.78
OADMET-0004934,OCNT-2309908,4.83
OADMET-0004933,OCNT-2309896,5.33
OADMET-0004932,OCNT-2309891,5.49
OADMET-0004931,OCNT-2309887,5.36
OADMET-0004930,OCNT-2309880,4.1
OADMET-0004929,OCNT-2309876,4.81
OADMET-0004928,OCNT-2309875,5.55
OADMET-0004927,OCNT-2309864,4.81
OADMET-0004926,OCNT-2309863,5.54
OADMET-0004925,OCNT-2309860,5.2
OADMET-0004924,OCNT-2309856,4.3
OADMET-0004923,OCNT-2309854,4.4
OADMET-0004922,OCNT-2309850,5.34
OADMET-0004921,OCNT-2309844,4.72
OADMET-0004920,OCNT-2309825,4.68
OADMET-0004919,OCNT-2309815,4.65
OADMET-0004918,OCNT-2309813,4.53
OADMET-0004917,OCNT-2309812,4.65
OADMET-0004916,OCNT-2309806,4.79
OADMET-0004915,OCNT-2309802,5.19
OADMET-0004914,OCNT-2309796,5.16
OADMET-0004913,OCNT-2309795,5.23
OADMET-0004912,OCNT-2309794,5.47
OADMET-0004911,OCNT-2309788,5.16
OADMET-0004910,OCNT-2309783,5.09
OADMET-0004909,OCNT-2309782,5.15
OADMET-0004908,OCNT-2309774,5.58
OADMET-0004907,OCNT-2309772,4.76
OADMET-0004906,OCNT-2309757,5.1
OADMET-0004905,OCNT-2309735,5.08
OADMET-0004904,OCNT-2309728,4.86
OADMET-0004903,OCNT-2309726,4.51
OADMET-0004902,OCNT-2309723,4.98
OADMET-0004901,OCNT-2309721,4.66
OADMET-0004900,OCNT-2309718,4.73
OADMET-0004899,OCNT-2309701,4.73
OADMET-0004898,OCNT-2309698,4.56
OADMET-0004897,OCNT-2309693,5.12
OADMET-0004896,OCNT-2309692,4.77
OADMET-0004895,OCNT-2309689,4.63
OADMET-0004894,OCNT-2309687,4.73
OADMET-0004893,OCNT-2309686,5.17
OADMET-0004892,OCNT-2309676,5.08
OADMET-0004891,OCNT-2309675,4.7
OADMET-0004890,OCNT-2309667,4.66
OADMET-0004889,OCNT-2309664,4.38
OADMET-0004888,OCNT-2309663,4.59
OADMET-0004887,OCNT-2309654,5.02
OADMET-0004886,OCNT-2309653,4.25
OADMET-0004885,OCNT-2309648,4.72
OADMET-0004884,OCNT-2309643,5.09
OADMET-0004883,OCNT-2309639,4.76
OADMET-0004882,OCNT-2309638,4.49
OADMET-0004881,OCNT-2309637,4.42
OADMET-0004880,OCNT-2309619,4.93
OADMET-0004879,OCNT-2309615,4.86
OADMET-0004878,OCNT-2309604,4.72
OADMET-0004877,OCNT-2309602,4.11
OADMET-0004876,OCNT-2309596,4.8
OADMET-0004875,OCNT-2309590,4.65
OADMET-0004874,OCNT-2309587,4.89
OADMET-0004873,OCNT-2309582,5.01
OADMET-0004872,OCNT-2309573,4.77
OADMET-0004871,OCNT-2309562,5.27
OADMET-0004870,OCNT-2309559,4.79
OADMET-0004869,OCNT-2309557,4.92
OADMET-0004868,OCNT-2309556,4.71
OADMET-0004867,OCNT-2309552,4.05
OADMET-0004866,OCNT-2309544,4.51
OADMET-0004865,OCNT-2309540,5.37
OADMET-0004864,OCNT-2309531,4.2
OADMET-0004863,OCNT-2309527,4.9
OADMET-0004862,OCNT-2309526,4.54
OADMET-0004861,OCNT-2309522,5.52
OADMET-0004860,OCNT-2309520,4.22
OADMET-0004859,OCNT-2309514,5.29
OADMET-0004858,OCNT-2309512,5.27
OADMET-0004857,OCNT-2309511,4.97
OADMET-0004856,OCNT-2309509,4.49
OADMET-0004855,OCNT-2309503,4.97
OADMET-0004854,OCNT-2309502,4.05
OADMET-0004853,OCNT-2309499,4.37
OADMET-0004852,OCNT-2309492,5.61
OADMET-0004851,OCNT-2309483,4.86
OADMET-0004850,OCNT-2309481,5.0
OADMET-0004849,OCNT-2309477,4.3
OADMET-0004848,OCNT-2309476,4.81
OADMET-0004847,OCNT-2309469,4.48
OADMET-0004846,OCNT-2309468,4.95
OADMET-0004845,OCNT-2309465,5.4
OADMET-0004844,OCNT-2309464,5.37
OADMET-0004843,OCNT-2309462,5.24
OADMET-0004842,OCNT-2309457,5.11
OADMET-0004841,OCNT-2309453,5.41
OADMET-0004840,OCNT-2309448,4.95
OADMET-0004839,OCNT-2309444,5.06
OADMET-0004838,OCNT-2309441,5.09
OADMET-0004837,OCNT-2309434,5.37
OADMET-0004836,OCNT-2309429,4.11
OADMET-0004835,OCNT-2309419,5.28
OADMET-0004834,OCNT-2309407,4.64
OADMET-0004833,OCNT-2309401,5.21
OADMET-0004832,OCNT-2309398,4.81
OADMET-0004831,OCNT-2309390,4.42
OADMET-0004830,OCNT-2309389,4.67
OADMET-0004829,OCNT-2309387,4.49
OADMET-0004828,OCNT-2309372,4.46
OADMET-0004827,OCNT-2309367,4.97
OADMET-0004826,OCNT-2309357,5.03
OADMET-0004825,OCNT-2309351,5.3
OADMET-0004824,OCNT-2309348,4.13
OADMET-0004823,OCNT-2309346,4.24
OADMET-0004822,OCNT-2309339,3.92
OADMET-0004821,OCNT-2309336,4.73
OADMET-0004820,OCNT-2309331,4.93
OADMET-0004819,OCNT-2309328,4.63
OADMET-0004818,OCNT-2309318,4.88
OADMET-0004817,OCNT-2309314,4.78
OADMET-0004816,OCNT-2309311,4.64
OADMET-0004815,OCNT-2309277,4.8
OADMET-0004814,OCNT-2309275,4.83
OADMET-0004813,OCNT-2309274,5.17
OADMET-0004812,OCNT-2309267,4.72
OADMET-0004811,OCNT-2309249,4.76
OADMET-0004810,OCNT-2309240,4.49
OADMET-0004809,OCNT-2309234,4.53
OADMET-0004808,OCNT-2309231,4.51
OADMET-0004807,OCNT-2309230,4.59
OADMET-0004806,OCNT-2309226,4.11
OADMET-0004805,OCNT-2309225,5.0
OADMET-0004804,OCNT-2309207,4.67
OADMET-0004803,OCNT-2309194,5.2
OADMET-0004802,OCNT-2309191,4.67
OADMET-0004801,OCNT-2309186,4.99
OADMET-0004800,OCNT-2309185,4.44
OADMET-0004799,OCNT-2309183,5.38
OADMET-0004798,OCNT-2309180,4.63
OADMET-0004797,OCNT-2309176,5.19
OADMET-0004796,OCNT-2309171,4.72
OADMET-0004795,OCNT-2309159,4.66
OADMET-0004794,OCNT-2309153,4.58
OADMET-0004793,OCNT-2309138,4.66
OADMET-0004792,OCNT-2309122,4.04
OADMET-0004791,OCNT-2309116,4.79
OADMET-0004790,OCNT-2309115,5.31
OADMET-0004789,OCNT-2309109,5.06
OADMET-0004788,OCNT-2309102,5.12
OADMET-0004787,OCNT-2309100,4.75
OADMET-0004786,OCNT-2309097,5.01
OADMET-0004785,OCNT-2309094,4.37
OADMET-0004784,OCNT-2309092,4.73
OADMET-0004783,OCNT-2309091,4.91
OADMET-0004782,OCNT-2309090,4.22
OADMET-0004781,OCNT-2309082,4.7
OADMET-0004780,OCNT-2309079,5.58
OADMET-0004779,OCNT-2309075,4.93
OADMET-0004778,OCNT-2309073,4.74
OADMET-0004777,OCNT-2309069,4.93
OADMET-0004776,OCNT-2309065,4.98
OADMET-0004775,OCNT-2309047,5.16
OADMET-0004774,OCNT-2309046,4.72
OADMET-0004773,OCNT-2309040,4.76
OADMET-0004772,OCNT-2309030,4.68
OADMET-0004771,OCNT-2309027,4.63
OADMET-0004770,OCNT-2309021,4.15
OADMET-0004769,OCNT-2309014,4.76
OADMET-0004768,OCNT-2309005,4.58
OADMET-0004767,OCNT-2309003,5.32
OADMET-0004766,OCNT-2308999,3.97
OADMET-0004765,OCNT-2308997,4.85
OADMET-0004764,OCNT-2308996,4.95
OADMET-0004763,OCNT-2308995,4.91
OADMET-0004762,OCNT-2308980,4.8
OADMET-0004761,OCNT-2308976,4.61
OADMET-0004760,OCNT-2308972,5.27
OADMET-0004759,OCNT-2308971,4.96
OADMET-0004758,OCNT-2308967,4.96
OADMET-0004757,OCNT-2308964,4.55
OADMET-0004756,OCNT-2308962,4.5
OADMET-0004755,OCNT-2308958,5.18
OADMET-0004754,OCNT-2308954,4.82
OADMET-0004753,OCNT-2308952,5.06
OADMET-0004752,OCNT-2308944,4.45
OADMET-0004751,OCNT-2308941,4.99
OADMET-0004750,OCNT-2308936,3.92
OADMET-0004749,OCNT-2308934,4.26
OADMET-0004748,OCNT-2308930,5.11
OADMET-0004747,OCNT-2308926,4.69
OADMET-0004746,OCNT-2308925,5.04
OADMET-0004745,OCNT-2308918,4.35
OADMET-0004744,OCNT-2308908,4.4
OADMET-0004743,OCNT-2308907,4.97
OADMET-0004742,OCNT-2308905,4.98
OADMET-0004741,OCNT-2308901,4.94
OADMET-0004740,OCNT-2308897,4.81
OADMET-0004739,OCNT-2308893,4.77
OADMET-0004738,OCNT-2308889,4.31
OADMET-0004737,OCNT-2308873,4.78
OADMET-0004736,OCNT-2308871,4.33
OADMET-0004735,OCNT-2308865,4.25
OADMET-0004734,OCNT-2308864,4.61
OADMET-0004733,OCNT-2308863,4.23
OADMET-0004732,OCNT-2308859,4.95
OADMET-0004731,OCNT-2308858,5.25
OADMET-0004730,OCNT-2308857,5.33
OADMET-0004729,OCNT-2308853,3.95
OADMET-0004728,OCNT-2308848,4.34
OADMET-0004727,OCNT-2308845,5.01
OADMET-0004726,OCNT-2308823,4.89
OADMET-0004725,OCNT-2308813,4.38
OADMET-0004724,OCNT-2308803,4.43
OADMET-0004723,OCNT-2308786,4.31
OADMET-0004722,OCNT-2308781,4.49
OADMET-0004721,OCNT-2308777,5.41
OADMET-0004720,OCNT-2308764,4.59
OADMET-0004719,OCNT-2308761,4.64
OADMET-0004718,OCNT-2308737,4.38
OADMET-0004717,OCNT-2308732,4.68
OADMET-0004716,OCNT-2308724,4.29
OADMET-0004715,OCNT-2308718,5.04
OADMET-0004714,OCNT-2308713,4.41
OADMET-0004713,OCNT-2308688,3.82
OADMET-0004712,OCNT-2308687,4.39
OADMET-0004711,OCNT-2308686,4.9
OADMET-0004710,OCNT-2308684,4.56
OADMET-0004709,OCNT-2308678,4.48
OADMET-0004708,OCNT-2308675,4.97
OADMET-0004707,OCNT-2308671,4.93
OADMET-0004706,OCNT-2308670,4.44
OADMET-0004705,OCNT-2308669,4.66
OADMET-0004704,OCNT-2308632,4.75
OADMET-0004703,OCNT-2308625,4.79
OADMET-0004702,OCNT-2308616,4.85
OADMET-0004701,OCNT-2308612,4.89
OADMET-0004700,OCNT-2308587,5.36
OADMET-0004699,OCNT-2308584,5.04
OADMET-0004698,OCNT-2308581,4.23
OADMET-0004697,OCNT-2308577,5.03
OADMET-0004696,OCNT-2308571,4.21
OADMET-0004695,OCNT-2308562,5.2
OADMET-0004694,OCNT-2308557,4.76
OADMET-0004693,OCNT-2308553,4.66
OADMET-0004692,OCNT-2308545,4.35
OADMET-0004691,OCNT-2308537,4.13
OADMET-0004690,OCNT-2308533,4.79
OADMET-0004689,OCNT-2308522,4.22
OADMET-0004688,OCNT-2308521,4.48
OADMET-0004687,OCNT-2308496,4.05
OADMET-0004686,OCNT-2308492,4.89
OADMET-0004685,OCNT-2308489,4.63
OADMET-0004684,OCNT-2308477,5.0
OADMET-0004683,OCNT-2308468,5.31
OADMET-0004682,OCNT-2308464,4.88
OADMET-0004681,OCNT-2308462,4.84
OADMET-0004680,OCNT-2308459,5.15
OADMET-0004679,OCNT-2087689,5.23
OADMET-0004678,OCNT-0496647,5.08
OADMET-0004677,OCNT-0494108,3.93
OADMET-0004673,OCNT-0020440,4.78
OADMET-0004662,OCNT-2318487,4.63
OADMET-0004653,OCNT-2318314,4.72
OADMET-0004642,OCNT-2317868,4.65
OADMET-0004629,OCNT-2317372,4.41
OADMET-0004628,OCNT-2317357,4.15
OADMET-0004625,OCNT-2317275,4.72
OADMET-0004617,OCNT-2316922,4.99
OADMET-0004611,OCNT-2316826,4.66
OADMET-0004605,OCNT-2316693,4.95
OADMET-0004590,OCNT-2316052,5.48
OADMET-0004588,OCNT-2315960,4.85
OADMET-0004581,OCNT-2315656,4.76
OADMET-0004579,OCNT-2315622,4.65
OADMET-0004577,OCNT-2315474,4.8
OADMET-0004575,OCNT-2315351,4.36
OADMET-0004570,OCNT-2315256,5.04
OADMET-0004567,OCNT-2315167,4.92
OADMET-0004566,OCNT-2315150,4.71
OADMET-0004560,OCNT-2314898,5.02
OADMET-0004551,OCNT-2314530,4.43
OADMET-0004547,OCNT-2314403,4.12
OADMET-0004514,OCNT-2312931,5.26
OADMET-0004510,OCNT-2312853,4.78
OADMET-0004498,OCNT-2312298,5.18
OADMET-0004490,OCNT-2311722,5.01
OADMET-0004489,OCNT-2311636,5.41
OADMET-0004478,OCNT-2311180,5.41
OADMET-0004472,OCNT-2311083,4.86
OADMET-0004458,OCNT-2310835,5.18
OADMET-0004452,OCNT-2310748,4.89
OADMET-0004444,OCNT-2310527,4.36
OADMET-0004442,OCNT-2310416,4.7
OADMET-0004440,OCNT-2310256,4.97
OADMET-0004439,OCNT-2310247,4.2
OADMET-0004428,OCNT-2309736,4.61
OADMET-0004419,OCNT-2309360,4.55
OADMET-0004418,OCNT-2309345,5.2
OADMET-0004415,OCNT-2309125,4.17
OADMET-0004413,OCNT-2309056,4.66
OADMET-0004402,OCNT-2308739,4.66
OADMET-0004396,OCNT-2308659,4.57
OADMET-0004394,OCNT-2308651,4.1
OADMET-0004388,OCNT-2308536,4.24
OADMET-0004379,OCNT-2328755,4.78
OADMET-0004372,OCNT-2316068,4.82
OADMET-0004349,OCNT-2315982,4.1
OADMET-0004348,OCNT-2315970,4.55
OADMET-0004345,OCNT-2315948,4.53
OADMET-0004332,OCNT-2315532,5.42
OADMET-0004327,OCNT-2315309,4.89
OADMET-0004321,OCNT-2315194,5.11
OADMET-0004315,OCNT-2315106,4.04
OADMET-0004313,OCNT-2315070,4.81
OADMET-0004305,OCNT-2314980,5.19
OADMET-0004301,OCNT-2318685,4.27
OADMET-0004297,OCNT-2318664,5.04
OADMET-0004296,OCNT-2318634,4.71
OADMET-0004294,OCNT-2318572,5.48
OADMET-0004285,OCNT-2318269,4.66
OADMET-0004281,OCNT-2317922,4.85
OADMET-0004280,OCNT-2317892,5.0
OADMET-0004279,OCNT-2317870,4.63
OADMET-0004273,OCNT-2317612,4.63
OADMET-0004272,OCNT-2317579,4.23
OADMET-0004270,OCNT-2317441,5.08
OADMET-0004267,OCNT-2315815,4.3
OADMET-0004263,OCNT-2315063,4.98
OADMET-0004261,OCNT-2314903,5.0
OADMET-0004259,OCNT-2318612,4.21
OADMET-0004256,OCNT-2318453,5.3
OADMET-0004247,OCNT-2317673,4.41
OADMET-0004239,OCNT-2317294,4.91
OADMET-0004238,OCNT-2317283,4.6
OADMET-0004237,OCNT-2317281,4.4
OADMET-0004225,OCNT-2316768,3.99
OADMET-0004220,OCNT-2316672,4.36
OADMET-0004216,OCNT-2316591,4.24
OADMET-0004214,OCNT-2316464,5.24
OADMET-0004210,OCNT-2316286,5.06
OADMET-0004207,OCNT-2317195,4.22
OADMET-0004205,OCNT-2317130,1.72
OADMET-0004203,OCNT-2317064,5.07
OADMET-0004193,OCNT-2316412,4.62
OADMET-0004187,OCNT-2314787,4.73
OADMET-0004182,OCNT-2314625,4.9
OADMET-0004180,OCNT-2314532,4.85
OADMET-0004176,OCNT-2314450,5.07
OADMET-0004172,OCNT-2314323,4.71
OADMET-0004170,OCNT-2314307,5.47
OADMET-0004168,OCNT-2314226,4.79
OADMET-0004153,OCNT-2314797,5.36
OADMET-0004129,OCNT-2314103,4.51
OADMET-0004128,OCNT-2314062,5.13
OADMET-0004116,OCNT-2313695,5.66
OADMET-0004106,OCNT-2310919,4.73
OADMET-0004105,OCNT-2310258,5.18
OADMET-0004101,OCNT-2313532,5.57
OADMET-0004094,OCNT-2313421,4.41
OADMET-0004092,OCNT-2313368,4.9
OADMET-0004090,OCNT-2313366,3.75
OADMET-0004088,OCNT-2313361,3.99
OADMET-0004080,OCNT-2313221,4.66
OADMET-0004069,OCNT-2313037,4.26
OADMET-0004067,OCNT-2312997,4.82
OADMET-0004065,OCNT-2312940,4.77
OADMET-0004064,OCNT-2312836,4.52
OADMET-0004060,OCNT-2312760,4.92
OADMET-0004056,OCNT-2312669,4.92
OADMET-0004054,OCNT-2312608,4.87
OADMET-0004053,OCNT-2312595,4.86
OADMET-0004051,OCNT-2312578,4.6
OADMET-0004047,OCNT-2312476,5.05
OADMET-0004040,OCNT-2312358,5.28
OADMET-0004029,OCNT-2312168,4.45
OADMET-0004025,OCNT-2312102,4.55
OADMET-0004024,OCNT-2312079,5.08
OADMET-0004021,OCNT-2312058,5.2
OADMET-0004014,OCNT-2311913,5.13
OADMET-0004004,OCNT-2311787,5.15
OADMET-0004003,OCNT-2311779,5.12
OADMET-0003997,OCNT-2311688,4.29
OADMET-0003994,OCNT-2311653,4.3
OADMET-0003975,OCNT-2311222,5.04
OADMET-0003971,OCNT-2311136,5.0
OADMET-0003969,OCNT-2311116,5.04
OADMET-0003963,OCNT-2310978,5.17
OADMET-0003961,OCNT-2310949,4.41
OADMET-0003960,OCNT-2310946,4.97
OADMET-0003956,OCNT-2310917,3.89
OADMET-0003950,OCNT-2310837,5.05
OADMET-0003946,OCNT-2310785,4.66
OADMET-0003942,OCNT-2310693,5.44
OADMET-0003932,OCNT-2310474,4.64
OADMET-0003930,OCNT-2310460,4.9
OADMET-0003921,OCNT-2310364,4.4
OADMET-0003914,OCNT-2310288,5.16
OADMET-0003911,OCNT-2310260,4.4
OADMET-0003900,OCNT-2310163,5.29
OADMET-0003898,OCNT-2310117,4.85
OADMET-0003889,OCNT-2310052,4.89
OADMET-0003884,OCNT-2309961,4.58
OADMET-0003879,OCNT-2309852,4.21
OADMET-0003872,OCNT-2309765,4.39
OADMET-0003866,OCNT-2309555,5.07
OADMET-0003864,OCNT-2309508,4.92
OADMET-0003862,OCNT-2309491,4.37
OADMET-0003860,OCNT-2309447,4.97
OADMET-0003858,OCNT-2309302,4.64
OADMET-0003857,OCNT-2309289,5.11
OADMET-0003853,OCNT-2308998,4.92
OADMET-0003848,OCNT-2308866,4.07
OADMET-0003844,OCNT-2308821,4.54
OADMET-0003835,OCNT-2308716,3.9
OADMET-0003834,OCNT-2308698,5.26
OADMET-0003833,OCNT-2308693,4.76
OADMET-0003832,OCNT-2308683,5.34
OADMET-0003829,OCNT-2308629,4.49
OADMET-0003828,OCNT-2308609,4.77
OADMET-0003827,OCNT-2308589,4.17
OADMET-0003823,OCNT-2308518,5.02
OADMET-0003816,OCNT-2308476,4.83
OADMET-0003811,OCNT-2328994,4.56
OADMET-0003810,OCNT-2328992,4.86
OADMET-0003809,OCNT-2328990,4.67
OADMET-0003808,OCNT-2328986,3.54
OADMET-0003807,OCNT-2328979,4.92
OADMET-0003806,OCNT-2328976,3.28
OADMET-0003805,OCNT-2328975,4.42
OADMET-0003804,OCNT-2328974,4.4
OADMET-0003803,OCNT-2328973,3.27
OADMET-0003802,OCNT-2328971,4.61
OADMET-0003801,OCNT-2328969,3.96
OADMET-0003800,OCNT-2328966,4.48
OADMET-0003799,OCNT-2328963,5.88
OADMET-0003798,OCNT-2328958,4.23
OADMET-0003797,OCNT-2328956,4.26
OADMET-0003796,OCNT-2328955,4.86
OADMET-0003794,OCNT-2328948,4.6
OADMET-0003793,OCNT-2328945,4.16
OADMET-0003792,OCNT-2328943,5.04
OADMET-0003791,OCNT-2328936,5.1
OADMET-0003790,OCNT-2328935,3.27
OADMET-0003789,OCNT-2328934,3.24
OADMET-0003788,OCNT-2328932,1.77
OADMET-0003787,OCNT-2328931,4.06
OADMET-0003786,OCNT-2328928,2.92
OADMET-0003785,OCNT-2328919,2.02
OADMET-0003784,OCNT-2328918,2.59
OADMET-0003783,OCNT-2328916,4.86
OADMET-0003782,OCNT-2328911,4.17
OADMET-0003781,OCNT-2328906,5.46
OADMET-0003780,OCNT-2328904,6.22
OADMET-0003779,OCNT-2328895,4.67
OADMET-0003777,OCNT-2328883,1.89
OADMET-0003775,OCNT-2328871,3.06
OADMET-0003773,OCNT-2328865,4.85
OADMET-0003772,OCNT-2328862,1.78
OADMET-0003771,OCNT-2328859,2.51
OADMET-0003770,OCNT-2328858,3.79
OADMET-0003769,OCNT-2328851,4.12
OADMET-0003768,OCNT-2328838,2.54
OADMET-0003767,OCNT-2328828,2.03
OADMET-0003766,OCNT-2328819,3.89
OADMET-0003765,OCNT-2328815,2.79
OADMET-0003764,OCNT-2328808,3.94
OADMET-0003763,OCNT-2328807,1.79
OADMET-0003762,OCNT-2328806,4.18
OADMET-0003761,OCNT-2328799,1.89
OADMET-0003760,OCNT-2328791,3.26
OADMET-0003759,OCNT-2328789,1.76
OADMET-0003758,OCNT-2328781,5.11
OADMET-0003757,OCNT-2328773,3.98
OADMET-0003756,OCNT-2328771,4.0
OADMET-0003755,OCNT-2328770,1.87
OADMET-0003754,OCNT-2328769,3.93
OADMET-0003753,OCNT-2328760,1.76
OADMET-0003752,OCNT-2328749,4.27
OADMET-0003751,OCNT-2328743,1.78
OADMET-0003750,OCNT-2328741,2.05
OADMET-0003749,OCNT-2328737,1.75
OADMET-0003748,OCNT-2328732,2.01
OADMET-0003747,OCNT-2328731,5.28
OADMET-0003746,OCNT-2328727,3.89
OADMET-0003745,OCNT-2328725,2.69
OADMET-0003744,OCNT-2328720,4.46
OADMET-0003743,OCNT-2328712,4.78
OADMET-0003742,OCNT-2328704,2.13
OADMET-0003741,OCNT-2328700,4.61
OADMET-0003740,OCNT-2328692,1.86
OADMET-0003739,OCNT-2328691,4.04
OADMET-0003738,OCNT-2328690,5.01
OADMET-0003737,OCNT-2328688,5.21
OADMET-0003736,OCNT-2328678,2.69
OADMET-0003735,OCNT-2328673,3.25
OADMET-0003734,OCNT-2328660,4.67
OADMET-0003733,OCNT-2328658,3.2
OADMET-0003732,OCNT-2328652,4.98
OADMET-0003731,OCNT-2328651,4.74
OADMET-0003730,OCNT-2328650,5.74
OADMET-0003729,OCNT-2328645,2.93
OADMET-0003728,OCNT-2328643,2.74
OADMET-0003727,OCNT-2328639,2.54
OADMET-0003726,OCNT-2328633,1.98
OADMET-0003725,OCNT-2328632,4.09
OADMET-0003724,OCNT-2328628,4.55
OADMET-0003723,OCNT-2328615,1.84
OADMET-0003722,OCNT-2328612,3.1
OADMET-0003721,OCNT-2328611,1.99
OADMET-0003720,OCNT-2328606,2.89
OADMET-0003719,OCNT-2328595,1.81
OADMET-0003718,OCNT-2328576,3.25
OADMET-0003717,OCNT-2328558,4.3
OADMET-0003716,OCNT-2328557,5.64
OADMET-0003715,OCNT-2328555,1.89
OADMET-0003714,OCNT-2328554,4.54
OADMET-0003713,OCNT-2328551,1.73
OADMET-0003712,OCNT-2328548,1.81
OADMET-0003711,OCNT-2328547,4.87
OADMET-0003710,OCNT-2328546,4.4
OADMET-0003709,OCNT-2328545,1.82
OADMET-0003708,OCNT-2328544,4.68
OADMET-0003707,OCNT-2328543,6.08
OADMET-0003706,OCNT-2328541,4.92
OADMET-0003705,OCNT-2328537,1.83
OADMET-0003704,OCNT-2328534,4.19
OADMET-0003703,OCNT-2328529,4.49
OADMET-0003702,OCNT-2328527,1.81
OADMET-0003701,OCNT-2328525,2.24
OADMET-0003700,OCNT-2328520,5.52
OADMET-0003699,OCNT-2328518,5.06
OADMET-0003697,OCNT-2328505,5.13
OADMET-0003696,OCNT-2328503,3.68
OADMET-0003695,OCNT-2328502,4.48
OADMET-0003694,OCNT-2328500,4.79
OADMET-0003693,OCNT-2328496,3.92
OADMET-0003692,OCNT-2328492,1.86
OADMET-0003691,OCNT-2328491,2.4
OADMET-0003690,OCNT-2328488,4.57
OADMET-0003689,OCNT-2328470,3.95
OADMET-0003688,OCNT-2328469,2.08
OADMET-0003687,OCNT-2328467,1.84
OADMET-0003686,OCNT-2328458,1.76
OADMET-0003685,OCNT-2328454,1.93
OADMET-0003684,OCNT-2328450,1.98
OADMET-0003683,OCNT-2328447,4.39
OADMET-0003682,OCNT-2328446,3.33
OADMET-0003681,OCNT-2328444,2.97
OADMET-0003680,OCNT-2328440,2.68
OADMET-0003679,OCNT-2328439,2.44
OADMET-0003678,OCNT-2328427,2.63
OADMET-0003677,OCNT-2328423,1.86
OADMET-0003676,OCNT-2328407,1.79
OADMET-0003675,OCNT-2328406,1.98
OADMET-0003674,OCNT-2328404,1.78
OADMET-0003673,OCNT-2328403,1.83
OADMET-0003672,OCNT-2328397,1.95
OADMET-0003671,OCNT-2328396,3.25
OADMET-0003670,OCNT-2328395,4.41
OADMET-0003669,OCNT-2328392,4.71
OADMET-0003668,OCNT-2328391,2.94
OADMET-0003667,OCNT-2328389,2.25
OADMET-0003666,OCNT-2328386,4.43
OADMET-0003665,OCNT-2328379,4.95
OADMET-0003664,OCNT-2328376,3.4
OADMET-0003663,OCNT-2328373,4.57
OADMET-0003662,OCNT-2328372,2.02
OADMET-0003661,OCNT-2328368,4.9
OADMET-0003660,OCNT-2328366,4.58
OADMET-0003659,OCNT-2328363,2.89
OADMET-0003658,OCNT-2328361,1.87
OADMET-0003656,OCNT-2328352,4.53
OADMET-0003655,OCNT-2328349,3.96
OADMET-0003654,OCNT-2328346,2.27
OADMET-0003653,OCNT-2328337,3.4
OADMET-0003652,OCNT-2328332,6.58
OADMET-0003651,OCNT-2328327,4.83
OADMET-0003650,OCNT-2328326,1.82
OADMET-0003649,OCNT-2328320,6.69
OADMET-0003648,OCNT-2009678,4.45
OADMET-0003647,OCNT-1911796,4.75
OADMET-0003646,OCNT-1893994,4.21
OADMET-0003645,OCNT-1871167,3.68
OADMET-0003644,OCNT-1755343,4.67
OADMET-0003643,OCNT-1498582,1.87
OADMET-0003642,OCNT-1319106,2.74
OADMET-0003641,OCNT-0713835,1.98
OADMET-0003640,OCNT-0684164,5.03
OADMET-0003639,OCNT-0498184,2.04
OADMET-0003638,OCNT-0498182,5.33
OADMET-0003637,OCNT-0498160,3.88
OADMET-0003636,OCNT-0498154,4.3
OADMET-0003634,OCNT-0498127,3.9
OADMET-0003633,OCNT-0498119,1.82
OADMET-0003631,OCNT-0498099,4.89
OADMET-0003630,OCNT-0498090,5.66
OADMET-0003629,OCNT-0498067,4.89
OADMET-0003628,OCNT-0498066,2.54
OADMET-0003627,OCNT-0498011,2.95
OADMET-0003626,OCNT-0497994,5.88
OADMET-0003625,OCNT-0497989,6.21
OADMET-0003624,OCNT-0497980,1.9
OADMET-0003623,OCNT-0497979,4.7
OADMET-0003622,OCNT-0497963,1.74
OADMET-0003621,OCNT-0497957,1.77
OADMET-0003620,OCNT-0497954,3.89
OADMET-0003619,OCNT-0497851,4.37
OADMET-0003618,OCNT-0497847,4.35
OADMET-0003617,OCNT-0497798,4.92
OADMET-0003616,OCNT-0497758,4.04
OADMET-0003615,OCNT-0497732,3.29
OADMET-0003614,OCNT-0497724,4.56
OADMET-0003613,OCNT-0496956,2.69
OADMET-0003612,OCNT-0496757,4.57
OADMET-0003611,OCNT-0496475,4.28
OADMET-0003610,OCNT-0495682,1.82
OADMET-0003609,OCNT-0495493,4.47
OADMET-0003608,OCNT-0495340,5.55
OADMET-0003607,OCNT-0495303,3.59
OADMET-0003606,OCNT-0495301,3.81
OADMET-0003605,OCNT-0495281,4.34
OADMET-0003604,OCNT-0495275,4.88
OADMET-0003603,OCNT-0495216,5.2
OADMET-0003602,OCNT-0495213,5.09
OADMET-0003600,OCNT-0495081,2.65
OADMET-0003599,OCNT-0494698,4.75
OADMET-0003598,OCNT-0494693,1.78
OADMET-0003597,OCNT-0494664,2.06
OADMET-0003596,OCNT-0494514,3.21
OADMET-0003595,OCNT-0494484,2.51
OADMET-0003594,OCNT-0494299,4.65
OADMET-0003593,OCNT-0494220,4.31
OADMET-0003592,OCNT-0494205,5.08
OADMET-0003591,OCNT-0494203,3.29
OADMET-0003590,OCNT-0494168,4.26
OADMET-0003589,OCNT-0494166,3.73
OADMET-0003588,OCNT-0494164,5.18
OADMET-0003587,OCNT-0494162,5.14
OADMET-0003586,OCNT-0494143,1.77
OADMET-0003585,OCNT-0494135,1.74
OADMET-0003584,OCNT-0494110,4.43
OADMET-0003583,OCNT-0494086,2.59
OADMET-0003582,OCNT-0494084,1.79
OADMET-0003581,OCNT-0494080,2.04
OADMET-0003580,OCNT-0494053,4.81
OADMET-0003579,OCNT-0494045,2.45
OADMET-0003578,OCNT-0493994,1.79
OADMET-0003577,OCNT-0493982,4.42
OADMET-0003576,OCNT-0493927,5.18
OADMET-0003575,OCNT-0493919,4.18
OADMET-0003574,OCNT-0493917,2.36
OADMET-0003573,OCNT-0493903,4.52
OADMET-0003572,OCNT-0493850,1.82
OADMET-0003571,OCNT-0493792,2.24
OADMET-0003570,OCNT-0493762,4.65
OADMET-0003569,OCNT-0493753,1.75
OADMET-0003567,OCNT-0493312,5.24
OADMET-0003566,OCNT-0493196,4.68
OADMET-0003565,OCNT-0493193,1.96
OADMET-0003564,OCNT-0493187,4.84
OADMET-0003563,OCNT-0483494,6.09
OADMET-0003562,OCNT-0477348,5.42
OADMET-0003561,OCNT-0476778,2.11
OADMET-0003560,OCNT-0476578,3.0
OADMET-0003557,OCNT-0022315,4.69
OADMET-0003556,OCNT-0022301,3.98
OADMET-0003555,OCNT-0022268,4.0
OADMET-0003554,OCNT-0022264,4.71
OADMET-0003553,OCNT-0022254,4.12
OADMET-0003552,OCNT-0022246,4.24
OADMET-0003551,OCNT-0022215,4.94
OADMET-0003550,OCNT-0022183,5.25
OADMET-0003549,OCNT-0022161,4.18
OADMET-0003548,OCNT-0022140,4.18
OADMET-0003547,OCNT-0022127,4.75
OADMET-0003546,OCNT-0022107,4.34
OADMET-0003545,OCNT-0022070,4.6
OADMET-0003544,OCNT-0022006,4.7
OADMET-0003543,OCNT-0021971,1.82
OADMET-0003542,OCNT-0021929,5.69
OADMET-0003541,OCNT-0021749,2.92
OADMET-0003540,OCNT-0020887,2.09
OADMET-0003539,OCNT-0017272,2.38
OADMET-0003538,OCNT-0014841,2.57
OADMET-0003537,OCNT-0007477,1.77
OADMET-0003536,OCNT-2318389,5.82
OADMET-0003535,OCNT-2318691,2.62
OADMET-0003534,OCNT-2318689,5.66
OADMET-0003533,OCNT-2318686,5.58
OADMET-0003532,OCNT-2318668,5.62
OADMET-0003531,OCNT-2318666,5.91
OADMET-0003530,OCNT-2318659,5.6
OADMET-0003529,OCNT-2318653,5.74
OADMET-0003528,OCNT-2318647,1.91
OADMET-0003527,OCNT-2318622,5.005
OADMET-0003526,OCNT-2318616,6.63
OADMET-0003525,OCNT-2318577,5.42
OADMET-0003524,OCNT-2318568,5.92
OADMET-0003523,OCNT-2318561,5.38
OADMET-0003522,OCNT-2318557,1.73
OADMET-0003521,OCNT-2318555,4.79
OADMET-0003520,OCNT-2318544,5.49
OADMET-0003519,OCNT-2318528,5.12
OADMET-0003518,OCNT-2318527,5.25
OADMET-0003517,OCNT-2318512,4.91
OADMET-0003516,OCNT-2318506,5.29
OADMET-0003515,OCNT-2318495,5.14
OADMET-0003514,OCNT-2318490,5.35
OADMET-0003513,OCNT-2318458,5.66
OADMET-0003512,OCNT-2318427,5.89
OADMET-0003511,OCNT-2318419,5.55
OADMET-0003510,OCNT-2318404,5.2
OADMET-0003509,OCNT-2318394,2.94
OADMET-0003508,OCNT-2318392,5.23
OADMET-0003506,OCNT-2318383,5.14
OADMET-0003505,OCNT-2318351,5.74
OADMET-0003504,OCNT-2318347,5.58
OADMET-0003503,OCNT-2318346,6.14
OADMET-0003502,OCNT-2318342,5.35
OADMET-0003501,OCNT-2318330,5.23
OADMET-0003500,OCNT-2318323,5.24
OADMET-0003499,OCNT-2318311,6.215
OADMET-0003498,OCNT-2318310,5.39
OADMET-0003497,OCNT-2318303,2.95
OADMET-0003496,OCNT-2318297,5.77
OADMET-0003495,OCNT-2318278,3.42
OADMET-0003493,OCNT-2318260,5.42
OADMET-0003492,OCNT-2318256,5.47
OADMET-0003491,OCNT-2318242,4.98
OADMET-0003490,OCNT-2318233,5.57
OADMET-0003489,OCNT-2318220,5.3
OADMET-0003488,OCNT-2318211,5.37
OADMET-0003487,OCNT-2318193,4.94
OADMET-0003486,OCNT-2318184,5.88
OADMET-0003485,OCNT-2318180,5.57
OADMET-0003484,OCNT-2318173,5.39
OADMET-0003483,OCNT-2318171,5.45
OADMET-0003482,OCNT-2318166,5.43
OADMET-0003481,OCNT-2318156,5.38
OADMET-0003480,OCNT-2318155,5.33
OADMET-0003479,OCNT-2318142,4.92
OADMET-0003478,OCNT-2318130,1.83
OADMET-0003477,OCNT-2318117,5.9
OADMET-0003476,OCNT-2318107,4.79
OADMET-0003475,OCNT-2318082,4.9
OADMET-0003474,OCNT-2318074,5.89
OADMET-0003473,OCNT-2318063,5.98
OADMET-0003472,OCNT-2318059,6.015
OADMET-0003471,OCNT-2318057,5.4
OADMET-0003470,OCNT-2318056,5.82
OADMET-0003469,OCNT-2318051,4.82
OADMET-0003468,OCNT-2318050,1.85
OADMET-0003467,OCNT-2318048,6.495
OADMET-0003466,OCNT-2318024,5.3
OADMET-0003465,OCNT-2318015,5.54
OADMET-0003464,OCNT-2318010,5.16
OADMET-0003463,OCNT-2317987,5.14
OADMET-0003462,OCNT-2317966,4.92
OADMET-0003461,OCNT-2317965,1.76
OADMET-0003460,OCNT-2317951,5.555
OADMET-0003459,OCNT-2317948,5.04
OADMET-0003458,OCNT-2317946,2.05
OADMET-0003457,OCNT-2317940,5.25
OADMET-0003456,OCNT-2317923,1.79
OADMET-0003455,OCNT-2317915,5.47
OADMET-0003454,OCNT-2317910,1.78
OADMET-0003453,OCNT-2317901,5.28
OADMET-0003452,OCNT-2317896,5.67
OADMET-0003451,OCNT-2317888,5.66
OADMET-0003450,OCNT-2317887,5.28
OADMET-0003449,OCNT-2317859,5.57
OADMET-0003448,OCNT-2317841,5.01
OADMET-0003447,OCNT-2317787,5.49
OADMET-0003446,OCNT-2317753,5.35
OADMET-0003445,OCNT-2317723,5.21
OADMET-0003444,OCNT-2317717,2.55
OADMET-0003443,OCNT-2317687,2.49
OADMET-0003442,OCNT-2317682,6.325
OADMET-0003441,OCNT-2317652,5.75
OADMET-0003440,OCNT-2317648,5.49
OADMET-0003439,OCNT-2317644,5.33
OADMET-0003438,OCNT-2317632,6.0
OADMET-0003437,OCNT-2317556,5.955
OADMET-0003436,OCNT-2317538,5.86
OADMET-0003435,OCNT-2317536,5.56
OADMET-0003434,OCNT-2317528,6.01
OADMET-0003433,OCNT-2317513,5.83
OADMET-0003432,OCNT-2317511,5.48
OADMET-0003431,OCNT-2317510,5.7
OADMET-0003430,OCNT-2317486,3.79
OADMET-0003429,OCNT-2317447,5.31
OADMET-0003428,OCNT-2317444,5.09
OADMET-0003427,OCNT-2317435,5.34
OADMET-0003426,OCNT-2317432,5.49
OADMET-0003425,OCNT-2317425,5.59
OADMET-0003424,OCNT-2317409,5.69
OADMET-0003423,OCNT-2317404,3.0
OADMET-0003422,OCNT-2317386,5.53
OADMET-0003421,OCNT-2317377,3.38
OADMET-0003420,OCNT-2317331,5.3
OADMET-0003419,OCNT-2317327,5.68
OADMET-0003418,OCNT-2317323,5.44
OADMET-0003417,OCNT-2317321,5.87
OADMET-0003416,OCNT-2317319,4.81
OADMET-0003415,OCNT-2317314,5.89
OADMET-0003414,OCNT-2317298,6.845
OADMET-0003413,OCNT-2317297,5.54
OADMET-0003412,OCNT-2317296,5.975
OADMET-0003411,OCNT-2317290,5.8
OADMET-0003410,OCNT-2317285,2.28
OADMET-0003409,OCNT-2317276,6.41
OADMET-0003408,OCNT-2317260,5.45
OADMET-0003407,OCNT-2317227,5.48
OADMET-0003406,OCNT-2317222,5.85
OADMET-0003405,OCNT-2317207,2.42
OADMET-0003404,OCNT-2317198,5.88
OADMET-0003403,OCNT-2317194,5.61
OADMET-0003402,OCNT-2317168,5.81
OADMET-0003401,OCNT-2317149,5.25
OADMET-0003400,OCNT-2317147,5.38
OADMET-0003399,OCNT-2317144,5.3
OADMET-0003398,OCNT-2317135,5.33
OADMET-0003397,OCNT-2317134,6.47
OADMET-0003396,OCNT-2317124,5.33
OADMET-0003395,OCNT-2317103,5.58
OADMET-0003394,OCNT-2317082,1.74
OADMET-0003393,OCNT-2317073,1.97
OADMET-0003392,OCNT-2317034,3.33
OADMET-0003391,OCNT-2317024,5.06
OADMET-0003390,OCNT-2317020,5.29
OADMET-0003389,OCNT-2316947,5.31
OADMET-0003388,OCNT-2316939,5.5
OADMET-0003387,OCNT-2316929,4.97
OADMET-0003386,OCNT-2316920,3.35
OADMET-0003385,OCNT-2316913,5.48
OADMET-0003384,OCNT-2316881,5.16
OADMET-0003383,OCNT-2316877,5.38
OADMET-0003381,OCNT-2316859,4.635
OADMET-0003380,OCNT-2316844,5.02
OADMET-0003379,OCNT-2316834,5.68
OADMET-0003378,OCNT-2316802,5.51
OADMET-0003377,OCNT-2316796,5.57
OADMET-0003376,OCNT-2316769,5.81
OADMET-0003375,OCNT-2316763,5.19
OADMET-0003374,OCNT-2316760,5.16
OADMET-0003373,OCNT-2316731,1.86
OADMET-0003372,OCNT-2316717,5.37
OADMET-0003371,OCNT-2316715,5.05
OADMET-0003370,OCNT-2316714,2.45
OADMET-0003369,OCNT-2316710,1.96
OADMET-0003368,OCNT-2316690,6.27
OADMET-0003367,OCNT-2316657,5.56
OADMET-0003366,OCNT-2316655,5.59
OADMET-0003365,OCNT-2316652,5.58
OADMET-0003364,OCNT-2316633,3.18
OADMET-0003363,OCNT-2316621,5.84
OADMET-0003362,OCNT-2316590,5.61
OADMET-0003361,OCNT-2316583,1.88
OADMET-0003360,OCNT-2316580,5.39
OADMET-0003358,OCNT-2316562,4.86
OADMET-0003357,OCNT-2316557,6.255
OADMET-0003356,OCNT-2316556,5.45
OADMET-0003355,OCNT-2316554,2.96
OADMET-0003354,OCNT-2316538,3.9
OADMET-0003353,OCNT-2316524,5.64
OADMET-0003352,OCNT-2316514,5.59
OADMET-0003351,OCNT-2316513,5.07
OADMET-0003350,OCNT-2316507,5.82
OADMET-0003349,OCNT-2316481,5.41
OADMET-0003348,OCNT-2316474,6.33
OADMET-0003347,OCNT-2316471,5.83
OADMET-0003346,OCNT-2316465,5.34
OADMET-0003345,OCNT-2316459,4.975
OADMET-0003344,OCNT-2316441,6.26
OADMET-0003343,OCNT-2316438,5.965
OADMET-0003342,OCNT-2316433,5.38
OADMET-0003341,OCNT-2316432,6.09
OADMET-0003340,OCNT-2316425,4.98
OADMET-0003339,OCNT-2316423,2.62
OADMET-0003338,OCNT-2316420,5.42
OADMET-0003337,OCNT-2316400,5.01
OADMET-0003336,OCNT-2316393,5.65
OADMET-0003335,OCNT-2316373,1.85
OADMET-0003334,OCNT-2316367,6.16
OADMET-0003333,OCNT-2316342,5.44
OADMET-0003332,OCNT-2316325,5.29
OADMET-0003331,OCNT-2316320,5.67
OADMET-0003330,OCNT-2316311,5.29
OADMET-0003329,OCNT-2316270,5.67
OADMET-0003328,OCNT-2316262,5.13
OADMET-0003327,OCNT-2316254,5.69
OADMET-0003326,OCNT-2316249,5.39
OADMET-0003325,OCNT-2316240,5.69
OADMET-0003324,OCNT-2316234,5.86
OADMET-0003323,OCNT-2316233,2.69
OADMET-0003322,OCNT-2316225,6.23
OADMET-0003321,OCNT-2316224,5.84
OADMET-0003320,OCNT-2316212,5.24
OADMET-0003319,OCNT-2316207,5.13
OADMET-0003318,OCNT-2316205,5.45
OADMET-0003317,OCNT-2316199,2.65
OADMET-0003316,OCNT-2316194,5.945
OADMET-0003315,OCNT-2316191,5.1
OADMET-0003314,OCNT-2316176,5.77
OADMET-0003313,OCNT-2316169,3.31
OADMET-0003312,OCNT-2316154,5.865
OADMET-0003311,OCNT-2316130,5.78
OADMET-0003310,OCNT-2316118,5.64
OADMET-0003309,OCNT-2316116,5.33
OADMET-0003308,OCNT-2316115,5.0
OADMET-0003306,OCNT-2316093,5.76
OADMET-0003305,OCNT-2316076,1.83
OADMET-0003303,OCNT-2316069,5.62
OADMET-0003302,OCNT-2316057,4.86
OADMET-0003301,OCNT-2316050,5.42
OADMET-0003300,OCNT-2316049,5.27
OADMET-0003299,OCNT-2316036,4.75
OADMET-0003298,OCNT-2316032,5.85
OADMET-0003297,OCNT-2316025,5.55
OADMET-0003296,OCNT-2315997,5.77
OADMET-0003295,OCNT-2315991,1.73
OADMET-0003294,OCNT-2315988,5.23
OADMET-0003293,OCNT-2315979,5.25
OADMET-0003292,OCNT-2315956,5.43
OADMET-0003291,OCNT-2315950,5.865
OADMET-0003289,OCNT-2315930,5.2
OADMET-0003288,OCNT-2315922,5.39
OADMET-0003287,OCNT-2315908,5.27
OADMET-0003286,OCNT-2315902,5.51
OADMET-0003285,OCNT-2315861,1.73
OADMET-0003284,OCNT-2315859,4.89
OADMET-0003283,OCNT-2315851,5.79
OADMET-0003282,OCNT-2315819,5.55
OADMET-0003281,OCNT-2315816,5.45
OADMET-0003280,OCNT-2315783,5.32
OADMET-0003279,OCNT-2315780,4.98
OADMET-0003278,OCNT-2315770,5.31
OADMET-0003277,OCNT-2315769,5.85
OADMET-0003276,OCNT-2315767,5.79
OADMET-0003275,OCNT-2315741,5.96
OADMET-0003274,OCNT-2315713,1.74
OADMET-0003273,OCNT-2315711,5.54
OADMET-0003272,OCNT-2315708,5.13
OADMET-0003271,OCNT-2315679,5.62
OADMET-0003270,OCNT-2315653,5.99
OADMET-0003269,OCNT-2315650,5.83
OADMET-0003268,OCNT-2315636,4.99
OADMET-0003267,OCNT-2315621,1.75
OADMET-0003266,OCNT-2315609,6.18
OADMET-0003265,OCNT-2315589,5.15
OADMET-0003264,OCNT-2315575,5.265
OADMET-0003263,OCNT-2315570,4.78
OADMET-0003262,OCNT-2315552,5.2
OADMET-0003261,OCNT-2315543,1.74
OADMET-0003260,OCNT-2315523,5.98
OADMET-0003258,OCNT-2315483,6.105
OADMET-0003257,OCNT-2315472,6.685
OADMET-0003256,OCNT-2315466,5.09
OADMET-0003255,OCNT-2315461,5.18
OADMET-0003254,OCNT-2315456,2.93
OADMET-0003253,OCNT-2315447,5.47
OADMET-0003252,OCNT-2315443,5.05
OADMET-0003251,OCNT-2315408,5.1
OADMET-0003250,OCNT-2315407,5.06
OADMET-0003249,OCNT-2315398,5.08
OADMET-0003248,OCNT-2315394,1.83
OADMET-0003247,OCNT-2315390,5.26
OADMET-0003246,OCNT-2315379,5.765
OADMET-0003245,OCNT-2315373,5.31
OADMET-0003244,OCNT-2315366,5.99
OADMET-0003243,OCNT-2315349,1.91
OADMET-0003242,OCNT-2315340,5.21
OADMET-0003241,OCNT-2315329,5.83
OADMET-0003240,OCNT-2315327,6.215
OADMET-0003239,OCNT-2315311,3.78
OADMET-0003238,OCNT-2315291,5.19
OADMET-0003237,OCNT-2315281,5.38
OADMET-0003236,OCNT-2315280,1.77
OADMET-0003235,OCNT-2315267,5.19
OADMET-0003234,OCNT-2315250,5.43
OADMET-0003233,OCNT-2315233,5.58
OADMET-0003232,OCNT-2315232,4.65
OADMET-0003231,OCNT-2315226,5.48
OADMET-0003230,OCNT-2315224,5.29
OADMET-0003229,OCNT-2315222,4.97
OADMET-0003228,OCNT-2315215,5.4
OADMET-0003227,OCNT-2315212,5.21
OADMET-0003226,OCNT-2315209,5.77
OADMET-0003225,OCNT-2315207,1.82
OADMET-0003224,OCNT-2315202,4.12
OADMET-0003223,OCNT-2315201,5.76
OADMET-0003222,OCNT-2315186,5.1
OADMET-0003221,OCNT-2315172,5.74
OADMET-0003220,OCNT-2315161,5.01
OADMET-0003219,OCNT-2315151,5.17
OADMET-0003218,OCNT-2315102,5.11
OADMET-0003217,OCNT-2315097,4.22
OADMET-0003216,OCNT-2315073,1.78
OADMET-0003215,OCNT-2315071,5.14
OADMET-0003214,OCNT-2315031,5.66
OADMET-0003213,OCNT-2315006,1.75
OADMET-0003212,OCNT-2314995,5.98
OADMET-0003211,OCNT-2314981,5.6
OADMET-0003210,OCNT-2314973,5.3
OADMET-0003209,OCNT-2314971,4.95
OADMET-0003208,OCNT-2314969,5.13
OADMET-0003207,OCNT-2314959,5.67
OADMET-0003206,OCNT-2314947,5.29
OADMET-0003205,OCNT-2314915,5.14
OADMET-0003204,OCNT-2314904,1.87
OADMET-0003203,OCNT-2314899,5.78
OADMET-0003202,OCNT-2314895,4.96
OADMET-0003201,OCNT-2314891,5.71
OADMET-0003200,OCNT-2314876,5.89
OADMET-0003199,OCNT-2314867,5.78
OADMET-0003198,OCNT-2314865,5.68
OADMET-0003197,OCNT-2314848,5.02
OADMET-0003196,OCNT-2314847,5.16
OADMET-0003195,OCNT-2314845,5.22
OADMET-0003194,OCNT-2314843,5.35
OADMET-0003193,OCNT-2314831,1.76
OADMET-0003192,OCNT-2314827,5.975
OADMET-0003191,OCNT-2314824,5.05
OADMET-0003190,OCNT-2314808,5.66
OADMET-0003189,OCNT-2314792,4.71
OADMET-0003188,OCNT-2314778,5.18
OADMET-0003187,OCNT-2314771,5.23
OADMET-0003186,OCNT-2314744,6.605
OADMET-0003185,OCNT-2314742,5.27
OADMET-0003184,OCNT-2314710,5.15
OADMET-0003183,OCNT-2314707,5.4
OADMET-0003182,OCNT-2314672,5.11
OADMET-0003181,OCNT-2314629,5.64
OADMET-0003180,OCNT-2314620,5.27
OADMET-0003179,OCNT-2314617,5.15
OADMET-0003178,OCNT-2314614,4.81
OADMET-0003177,OCNT-2314608,4.6
OADMET-0003176,OCNT-2314607,4.78
OADMET-0003175,OCNT-2314603,4.86
OADMET-0003174,OCNT-2314600,5.27
OADMET-0003173,OCNT-2314593,6.56
OADMET-0003172,OCNT-2314568,5.46
OADMET-0003171,OCNT-2314559,5.2
OADMET-0003170,OCNT-2314558,5.54
OADMET-0003168,OCNT-2314514,5.08
OADMET-0003167,OCNT-2314505,5.63
OADMET-0003166,OCNT-2314504,5.77
OADMET-0003165,OCNT-2314484,5.74
OADMET-0003164,OCNT-2314482,4.92
OADMET-0003163,OCNT-2314462,5.3
OADMET-0003162,OCNT-2314447,5.55
OADMET-0003161,OCNT-2314443,5.15
OADMET-0003160,OCNT-2314440,3.89
OADMET-0003159,OCNT-2314377,5.1
OADMET-0003158,OCNT-2314372,6.39
OADMET-0003157,OCNT-2314360,3.03
OADMET-0003156,OCNT-2314342,5.015
OADMET-0003155,OCNT-2314335,5.75
OADMET-0003154,OCNT-2314329,5.6
OADMET-0003153,OCNT-2314306,5.52
OADMET-0003152,OCNT-2314291,5.29
OADMET-0003151,OCNT-2314279,5.63
OADMET-0003150,OCNT-2314278,4.86
OADMET-0003149,OCNT-2314267,5.74
OADMET-0003148,OCNT-2314249,5.66
OADMET-0003147,OCNT-2314246,1.74
OADMET-0003146,OCNT-2314241,3.64
OADMET-0003145,OCNT-2314235,3.29
OADMET-0003144,OCNT-2314215,5.11
OADMET-0003143,OCNT-2314213,5.68
OADMET-0003142,OCNT-2314212,5.66
OADMET-0003141,OCNT-2314206,5.69
OADMET-0003140,OCNT-2314199,1.84
OADMET-0003139,OCNT-2314193,5.25
OADMET-0003138,OCNT-2314187,5.47
OADMET-0003137,OCNT-2314163,5.28
OADMET-0003136,OCNT-2314161,5.12
OADMET-0003135,OCNT-2314160,5.54
OADMET-0003134,OCNT-2314143,5.09
OADMET-0003133,OCNT-2314121,6.22
OADMET-0003132,OCNT-2314119,4.62
OADMET-0003131,OCNT-2314087,5.11
OADMET-0003130,OCNT-2314040,5.56
OADMET-0003129,OCNT-2314034,2.87
OADMET-0003128,OCNT-2314024,4.86
OADMET-0003127,OCNT-2314011,5.44
OADMET-0003126,OCNT-2313971,5.2
OADMET-0003125,OCNT-2313961,4.91
OADMET-0003124,OCNT-2313960,5.99
OADMET-0003123,OCNT-2313958,5.17
OADMET-0003122,OCNT-2313923,5.37
OADMET-0003121,OCNT-2313917,5.43
OADMET-0003120,OCNT-2313913,5.37
OADMET-0003119,OCNT-2313911,5.17
OADMET-0003118,OCNT-2313909,6.31
OADMET-0003117,OCNT-2313901,5.08
OADMET-0003116,OCNT-2313899,5.19
OADMET-0003114,OCNT-2313863,5.13
OADMET-0003113,OCNT-2313845,5.62
OADMET-0003112,OCNT-2313844,5.54
OADMET-0003111,OCNT-2313830,5.71
OADMET-0003110,OCNT-2313807,5.45
OADMET-0003109,OCNT-2313799,5.64
OADMET-0003108,OCNT-2313788,5.15
OADMET-0003107,OCNT-2313787,5.48
OADMET-0003106,OCNT-2313781,5.43
OADMET-0003105,OCNT-2313769,5.5
OADMET-0003104,OCNT-2313765,5.46
OADMET-0003103,OCNT-2313746,5.22
OADMET-0003102,OCNT-2313739,5.82
OADMET-0003101,OCNT-2313710,5.61
OADMET-0003100,OCNT-2313680,4.99
OADMET-0003099,OCNT-2313673,5.7
OADMET-0003098,OCNT-2313610,5.14
OADMET-0003097,OCNT-2313609,5.9
OADMET-0003095,OCNT-2313569,4.77
OADMET-0003094,OCNT-2313568,5.02
OADMET-0003093,OCNT-2313565,4.76
OADMET-0003092,OCNT-2313562,3.69
OADMET-0003090,OCNT-2313557,4.86
OADMET-0003089,OCNT-2313551,2.08
OADMET-0003088,OCNT-2313550,6.14
OADMET-0003087,OCNT-2313538,3.13
OADMET-0003086,OCNT-2313536,2.01
OADMET-0003085,OCNT-2313529,4.21
OADMET-0003084,OCNT-2313507,5.42
OADMET-0003083,OCNT-2313505,1.76
OADMET-0003082,OCNT-2313504,1.77
OADMET-0003081,OCNT-2313502,5.59
OADMET-0003080,OCNT-2313492,4.89
OADMET-0003079,OCNT-2313490,2.88
OADMET-0003078,OCNT-2313484,5.28
OADMET-0003077,OCNT-2313483,4.32
OADMET-0003076,OCNT-2313472,3.86
OADMET-0003075,OCNT-2313468,4.99
OADMET-0003073,OCNT-2313460,3.14
OADMET-0003071,OCNT-2313446,5.59
OADMET-0003070,OCNT-2313444,5.25
OADMET-0003069,OCNT-2313441,5.7
OADMET-0003068,OCNT-2313429,5.41
OADMET-0003067,OCNT-2313426,5.21
OADMET-0003066,OCNT-2313423,5.07
OADMET-0003065,OCNT-2313422,5.14
OADMET-0003064,OCNT-2313420,5.32
OADMET-0003063,OCNT-2313415,5.11
OADMET-0003062,OCNT-2313411,4.84
OADMET-0003061,OCNT-2313406,4.94
OADMET-0003060,OCNT-2313405,5.45
OADMET-0003059,OCNT-2313399,5.17
OADMET-0003057,OCNT-2313377,2.1
OADMET-0003056,OCNT-2313374,4.94
OADMET-0003055,OCNT-2313373,5.63
OADMET-0003054,OCNT-2313357,3.63
OADMET-0003053,OCNT-2313356,4.87
OADMET-0003052,OCNT-2313342,4.84
OADMET-0003051,OCNT-2313333,5.21
OADMET-0003050,OCNT-2313332,3.8
OADMET-0003049,OCNT-2313328,5.18
OADMET-0003048,OCNT-2313323,6.46
OADMET-0003047,OCNT-2313320,5.03
OADMET-0003046,OCNT-2313318,5.355
OADMET-0003045,OCNT-2313295,5.22
OADMET-0003044,OCNT-2313294,5.59
OADMET-0003043,OCNT-2313293,6.34
OADMET-0003042,OCNT-2313281,5.0
OADMET-0003041,OCNT-2313278,5.36
OADMET-0003040,OCNT-2313270,5.04
OADMET-0003039,OCNT-2313266,5.42
OADMET-0003038,OCNT-2313262,4.87
OADMET-0003037,OCNT-2313261,5.58
OADMET-0003036,OCNT-2313259,5.11
OADMET-0003035,OCNT-2313253,5.27
OADMET-0003034,OCNT-2313248,5.22
OADMET-0003033,OCNT-2313244,5.16
OADMET-0003032,OCNT-2313241,4.31
OADMET-0003031,OCNT-2313239,4.99
OADMET-0003030,OCNT-2313237,5.04
OADMET-0003029,OCNT-2313230,5.44
OADMET-0003028,OCNT-2313228,5.22
OADMET-0003027,OCNT-2313224,4.98
OADMET-0003026,OCNT-2313222,5.8
OADMET-0003025,OCNT-2313220,5.6
OADMET-0003024,OCNT-2313217,5.09
OADMET-0003023,OCNT-2313215,4.88
OADMET-0003022,OCNT-2313207,5.19
OADMET-0003021,OCNT-2313201,5.53
OADMET-0003020,OCNT-2313200,5.28
OADMET-0003019,OCNT-2313197,4.63
OADMET-0003018,OCNT-2313194,4.65
OADMET-0003017,OCNT-2313188,6.205
OADMET-0003016,OCNT-2313187,4.75
OADMET-0003015,OCNT-2313186,4.91
OADMET-0003014,OCNT-2313185,5.24
OADMET-0003013,OCNT-2313184,4.78
OADMET-0003012,OCNT-2313178,4.78
OADMET-0003011,OCNT-2313174,5.72
OADMET-0003010,OCNT-2313159,5.63
OADMET-0003009,OCNT-2313148,4.94
OADMET-0003008,OCNT-2313147,5.27
OADMET-0003007,OCNT-2313128,4.6
OADMET-0003006,OCNT-2313126,5.15
OADMET-0003005,OCNT-2313123,5.17
OADMET-0003004,OCNT-2313122,5.16
OADMET-0003003,OCNT-2313112,5.23
OADMET-0003002,OCNT-2313111,5.38
OADMET-0003001,OCNT-2313106,5.46
OADMET-0003000,OCNT-2313105,4.69
OADMET-0002999,OCNT-2313104,5.11
OADMET-0002998,OCNT-2313103,5.28
OADMET-0002997,OCNT-2313101,5.25
OADMET-0002996,OCNT-2313098,3.65
OADMET-0002995,OCNT-2313090,3.43
OADMET-0002994,OCNT-2313087,4.73
OADMET-0002993,OCNT-2313069,5.06
OADMET-0002992,OCNT-2313064,6.02
OADMET-0002991,OCNT-2313060,5.15
OADMET-0002990,OCNT-2313059,3.35
OADMET-0002989,OCNT-2313058,3.16
OADMET-0002988,OCNT-2313054,5.18
OADMET-0002987,OCNT-2313043,5.61
OADMET-0002986,OCNT-2313041,4.6
OADMET-0002985,OCNT-2313040,5.105
OADMET-0002984,OCNT-2313039,5.09
OADMET-0002983,OCNT-2313038,4.95
OADMET-0002982,OCNT-2313024,5.31
OADMET-0002981,OCNT-2313023,5.97
OADMET-0002980,OCNT-2313020,3.17
OADMET-0002979,OCNT-2313014,5.59
OADMET-0002978,OCNT-2313008,5.11
OADMET-0002977,OCNT-2313003,5.02
OADMET-0002976,OCNT-2313001,4.93
OADMET-0002975,OCNT-2312998,5.71
OADMET-0002974,OCNT-2312996,4.755
OADMET-0002973,OCNT-2312995,5.55
OADMET-0002972,OCNT-2312992,5.26
OADMET-0002971,OCNT-2312986,5.79
OADMET-0002970,OCNT-2312985,5.28
OADMET-0002969,OCNT-2312982,5.08
OADMET-0002968,OCNT-2312972,5.32
OADMET-0002967,OCNT-2312971,4.83
OADMET-0002966,OCNT-2312970,4.96
OADMET-0002965,OCNT-2312962,5.01
OADMET-0002964,OCNT-2312961,5.405
OADMET-0002963,OCNT-2312955,4.74
OADMET-0002962,OCNT-2312952,5.88
OADMET-0002961,OCNT-2312951,5.71
OADMET-0002960,OCNT-2312947,5.11
OADMET-0002959,OCNT-2312939,4.94
OADMET-0002958,OCNT-2312924,5.35
OADMET-0002957,OCNT-2312915,5.12
OADMET-0002955,OCNT-2312911,5.53
OADMET-0002954,OCNT-2312910,5.12
OADMET-0002953,OCNT-2312901,5.25
OADMET-0002952,OCNT-2312891,5.64
OADMET-0002951,OCNT-2312887,3.25
OADMET-0002950,OCNT-2312880,5.8
OADMET-0002949,OCNT-2312877,4.97
OADMET-0002948,OCNT-2312868,4.64
OADMET-0002947,OCNT-2312866,3.34
OADMET-0002946,OCNT-2312865,5.915
OADMET-0002945,OCNT-2312864,2.68
OADMET-0002944,OCNT-2312863,6.04
OADMET-0002943,OCNT-2312859,5.16
OADMET-0002942,OCNT-2312858,5.37
OADMET-0002941,OCNT-2312847,5.51
OADMET-0002940,OCNT-2312841,5.05
OADMET-0002939,OCNT-2312835,5.17
OADMET-0002938,OCNT-2312833,4.6
OADMET-0002937,OCNT-2312829,4.85
OADMET-0002936,OCNT-2312826,4.64
OADMET-0002935,OCNT-2312825,5.28
OADMET-0002934,OCNT-2312814,4.9
OADMET-0002933,OCNT-2312812,5.26
OADMET-0002932,OCNT-2312809,5.17
OADMET-0002930,OCNT-2312798,5.53
OADMET-0002929,OCNT-2312797,3.1
OADMET-0002928,OCNT-2312789,5.54
OADMET-0002927,OCNT-2312786,5.1
OADMET-0002926,OCNT-2312785,4.87
OADMET-0002925,OCNT-2312784,3.58
OADMET-0002924,OCNT-2312783,3.78
OADMET-0002923,OCNT-2312769,5.27
OADMET-0002922,OCNT-2312755,5.42
OADMET-0002921,OCNT-2312754,5.79
OADMET-0002920,OCNT-2312753,5.2
OADMET-0002919,OCNT-2312716,4.85
OADMET-0002918,OCNT-2312714,4.8
OADMET-0002917,OCNT-2312701,3.95
OADMET-0002916,OCNT-2312696,5.22
OADMET-0002915,OCNT-2312695,4.97
OADMET-0002914,OCNT-2312693,5.46
OADMET-0002913,OCNT-2312689,5.22
OADMET-0002912,OCNT-2312680,6.13
OADMET-0002911,OCNT-2312678,5.06
OADMET-0002910,OCNT-2312674,5.035
OADMET-0002909,OCNT-2312673,4.78
OADMET-0002908,OCNT-2312667,5.19
OADMET-0002907,OCNT-2312661,5.51
OADMET-0002906,OCNT-2312660,5.54
OADMET-0002905,OCNT-2312656,4.72
OADMET-0002904,OCNT-2312652,5.44
OADMET-0002903,OCNT-2312644,5.4
OADMET-0002902,OCNT-2312643,5.74
OADMET-0002901,OCNT-2312640,5.14
OADMET-0002900,OCNT-2312629,5.95
OADMET-0002899,OCNT-2312626,5.78
OADMET-0002898,OCNT-2312623,2.54
OADMET-0002897,OCNT-2312618,4.89
OADMET-0002896,OCNT-2312612,5.42
OADMET-0002895,OCNT-2312604,5.43
OADMET-0002894,OCNT-2312598,5.1
OADMET-0002893,OCNT-2312594,5.09
OADMET-0002892,OCNT-2312591,5.42
OADMET-0002889,OCNT-2312569,4.79
OADMET-0002888,OCNT-2312559,2.67
OADMET-0002887,OCNT-2312552,4.96
OADMET-0002886,OCNT-2312548,1.77
OADMET-0002885,OCNT-2312544,1.78
OADMET-0002884,OCNT-2312542,5.21
OADMET-0002883,OCNT-2312531,5.48
OADMET-0002882,OCNT-2312529,5.25
OADMET-0002881,OCNT-2312527,1.76
OADMET-0002880,OCNT-2312517,5.06
OADMET-0002879,OCNT-2312506,5.42
OADMET-0002878,OCNT-2312504,5.0
OADMET-0002877,OCNT-2312488,3.08
OADMET-0002876,OCNT-2312486,5.34
OADMET-0002875,OCNT-2312467,1.99
OADMET-0002874,OCNT-2312463,5.33
OADMET-0002873,OCNT-2312462,5.22
OADMET-0002872,OCNT-2312456,4.74
OADMET-0002871,OCNT-2312435,5.16
OADMET-0002870,OCNT-2312420,5.07
OADMET-0002869,OCNT-2312416,5.51
OADMET-0002868,OCNT-2312394,5.44
OADMET-0002867,OCNT-2312386,5.12
OADMET-0002866,OCNT-2312382,3.47
OADMET-0002865,OCNT-2312374,5.44
OADMET-0002864,OCNT-2312364,4.94
OADMET-0002863,OCNT-2312340,1.79
OADMET-0002862,OCNT-2312332,2.57
OADMET-0002861,OCNT-2312315,5.83
OADMET-0002860,OCNT-2312280,5.3
OADMET-0002859,OCNT-2312239,5.83
OADMET-0002858,OCNT-2312235,2.82
OADMET-0002857,OCNT-2312230,5.86
OADMET-0002856,OCNT-2312218,5.545
OADMET-0002855,OCNT-2312217,5.33
OADMET-0002854,OCNT-2312212,5.59
OADMET-0002853,OCNT-2312208,1.76
OADMET-0002852,OCNT-2312199,4.86
OADMET-0002851,OCNT-2312195,4.97
OADMET-0002850,OCNT-2312191,5.35
OADMET-0002849,OCNT-2312183,5.44
OADMET-0002848,OCNT-2312180,5.69
OADMET-0002847,OCNT-2312173,5.27
OADMET-0002846,OCNT-2312160,5.4
OADMET-0002845,OCNT-2312156,5.71
OADMET-0002844,OCNT-2312154,5.88
OADMET-0002843,OCNT-2312135,3.84
OADMET-0002842,OCNT-2312129,5.04
OADMET-0002841,OCNT-2312115,5.45
OADMET-0002840,OCNT-2312095,5.14
OADMET-0002839,OCNT-2312092,1.74
OADMET-0002838,OCNT-2312064,5.14
OADMET-0002837,OCNT-2312048,1.73
OADMET-0002836,OCNT-2312043,2.91
OADMET-0002835,OCNT-2312041,5.01
OADMET-0002834,OCNT-2312035,5.64
OADMET-0002833,OCNT-2312029,4.885
OADMET-0002832,OCNT-2312024,5.38
OADMET-0002831,OCNT-2312009,4.04
OADMET-0002830,OCNT-2312004,5.4
OADMET-0002829,OCNT-2312002,5.64
OADMET-0002828,OCNT-2311987,3.73
OADMET-0002827,OCNT-2311941,5.91
OADMET-0002825,OCNT-2311920,6.225
OADMET-0002824,OCNT-2311917,6.52
OADMET-0002823,OCNT-2311916,5.39
OADMET-0002822,OCNT-2311914,5.47
OADMET-0002821,OCNT-2311896,5.52
OADMET-0002820,OCNT-2311870,5.73
OADMET-0002819,OCNT-2311864,6.345
OADMET-0002818,OCNT-2311857,5.74
OADMET-0002817,OCNT-2311855,5.3
OADMET-0002816,OCNT-2311839,5.51
OADMET-0002815,OCNT-2311834,5.72
OADMET-0002814,OCNT-2311832,5.28
OADMET-0002813,OCNT-2311819,5.02
OADMET-0002812,OCNT-2311817,5.0
OADMET-0002811,OCNT-2311808,5.03
OADMET-0002810,OCNT-2311806,5.95
OADMET-0002809,OCNT-2311790,5.74
OADMET-0002808,OCNT-2311753,5.19
OADMET-0002807,OCNT-2311752,5.775
OADMET-0002806,OCNT-2311750,3.26
OADMET-0002805,OCNT-2311744,4.91
OADMET-0002804,OCNT-2311729,4.95
OADMET-0002803,OCNT-2311726,5.22
OADMET-0002802,OCNT-2311723,5.55
OADMET-0002801,OCNT-2311713,5.84
OADMET-0002800,OCNT-2311684,5.09
OADMET-0002799,OCNT-2311682,3.4
OADMET-0002798,OCNT-2311672,5.21
OADMET-0002797,OCNT-2311662,5.84
OADMET-0002796,OCNT-2311638,5.0
OADMET-0002795,OCNT-2311635,5.03
OADMET-0002794,OCNT-2311609,5.64
OADMET-0002793,OCNT-2311598,4.96
OADMET-0002792,OCNT-2311596,5.39
OADMET-0002791,OCNT-2311573,6.125
OADMET-0002790,OCNT-2311568,4.93
OADMET-0002789,OCNT-2311565,5.46
OADMET-0002788,OCNT-2311551,5.3
OADMET-0002787,OCNT-2311515,5.7
OADMET-0002786,OCNT-2311501,6.14
OADMET-0002785,OCNT-2311487,5.41
OADMET-0002784,OCNT-2311427,5.35
OADMET-0002783,OCNT-2311422,5.69
OADMET-0002782,OCNT-2311417,5.41
OADMET-0002781,OCNT-2311397,5.5
OADMET-0002780,OCNT-2311393,5.925
OADMET-0002779,OCNT-2311391,5.3
OADMET-0002778,OCNT-2311376,5.04
OADMET-0002777,OCNT-2311367,5.03
OADMET-0002776,OCNT-2311343,5.22
OADMET-0002775,OCNT-2311324,5.23
OADMET-0002774,OCNT-2311322,5.07
OADMET-0002773,OCNT-2311320,5.91
OADMET-0002772,OCNT-2311316,5.215
OADMET-0002771,OCNT-2311293,1.8
OADMET-0002769,OCNT-2311273,5.22
OADMET-0002768,OCNT-2311266,5.25
OADMET-0002767,OCNT-2311249,6.27
OADMET-0002766,OCNT-2311187,5.905
OADMET-0002765,OCNT-2311183,3.1
OADMET-0002764,OCNT-2311177,4.79
OADMET-0002763,OCNT-2311157,5.31
OADMET-0002762,OCNT-2311120,5.6
OADMET-0002761,OCNT-2311119,5.41
OADMET-0002760,OCNT-2311117,6.32
OADMET-0002759,OCNT-2311115,4.74
OADMET-0002758,OCNT-2311107,5.795
OADMET-0002757,OCNT-2311100,4.77
OADMET-0002756,OCNT-2311097,4.87
OADMET-0002755,OCNT-2311062,5.38
OADMET-0002754,OCNT-2311059,5.6
OADMET-0002753,OCNT-2311032,6.15
OADMET-0002752,OCNT-2311027,4.95
OADMET-0002751,OCNT-2311016,5.13
OADMET-0002750,OCNT-2311014,3.43
OADMET-0002749,OCNT-2311011,1.9
OADMET-0002748,OCNT-2311003,1.79
OADMET-0002747,OCNT-2310974,5.87
OADMET-0002746,OCNT-2310967,4.78
OADMET-0002745,OCNT-2310944,1.76
OADMET-0002744,OCNT-2310935,5.34
OADMET-0002743,OCNT-2310927,1.83
OADMET-0002742,OCNT-2310902,1.82
OADMET-0002740,OCNT-2310860,5.67
OADMET-0002739,OCNT-2310843,5.33
OADMET-0002738,OCNT-2310839,5.34
OADMET-0002736,OCNT-2310827,4.91
OADMET-0002735,OCNT-2310824,5.455
OADMET-0002734,OCNT-2310807,1.81
OADMET-0002733,OCNT-2310784,5.76
OADMET-0002732,OCNT-2310766,5.66
OADMET-0002731,OCNT-2310727,5.61
OADMET-0002730,OCNT-2310705,5.58
OADMET-0002729,OCNT-2310690,5.175
OADMET-0002728,OCNT-2310686,5.65
OADMET-0002727,OCNT-2310685,5.71
OADMET-0002726,OCNT-2310673,5.01
OADMET-0002725,OCNT-2310667,5.35
OADMET-0002724,OCNT-2310663,2.6
OADMET-0002723,OCNT-2310651,2.89
OADMET-0002722,OCNT-2310635,5.47
OADMET-0002721,OCNT-2310597,4.97
OADMET-0002720,OCNT-2310588,5.46
OADMET-0002719,OCNT-2310578,2.53
OADMET-0002718,OCNT-2310554,6.115
OADMET-0002717,OCNT-2310547,5.54
OADMET-0002716,OCNT-2310528,4.79
OADMET-0002715,OCNT-2310518,5.83
OADMET-0002714,OCNT-2310515,5.82
OADMET-0002713,OCNT-2310510,5.44
OADMET-0002712,OCNT-2310491,5.29
OADMET-0002710,OCNT-2310468,2.78
OADMET-0002709,OCNT-2310453,5.49
OADMET-0002708,OCNT-2310423,1.84
OADMET-0002707,OCNT-2310393,5.56
OADMET-0002706,OCNT-2310377,4.94
OADMET-0002705,OCNT-2310353,3.56
OADMET-0002704,OCNT-2310337,5.6
OADMET-0002703,OCNT-2310334,5.16
OADMET-0002702,OCNT-2310325,5.24
OADMET-0002701,OCNT-2310323,5.365
OADMET-0002700,OCNT-2310320,5.64
OADMET-0002699,OCNT-2310301,5.22
OADMET-0002698,OCNT-2310297,5.7
OADMET-0002697,OCNT-2310287,5.36
OADMET-0002696,OCNT-2310267,5.85
OADMET-0002695,OCNT-2310259,2.69
OADMET-0002694,OCNT-2310245,1.91
OADMET-0002693,OCNT-2310239,5.06
OADMET-0002692,OCNT-2310238,4.67
OADMET-0002691,OCNT-2310233,5.35
OADMET-0002690,OCNT-2310230,5.27
OADMET-0002689,OCNT-2310215,4.07
OADMET-0002688,OCNT-2310207,4.65
OADMET-0002687,OCNT-2310203,5.12
OADMET-0002686,OCNT-2310193,5.44
OADMET-0002685,OCNT-2310181,5.98
OADMET-0002684,OCNT-2310168,3.2
OADMET-0002683,OCNT-2310167,6.07
OADMET-0002682,OCNT-2310155,2.42
OADMET-0002681,OCNT-2310141,5.33
OADMET-0002680,OCNT-2310137,5.4
OADMET-0002679,OCNT-2310134,5.27
OADMET-0002678,OCNT-2310123,5.53
OADMET-0002677,OCNT-2310120,5.28
OADMET-0002676,OCNT-2310105,5.57
OADMET-0002675,OCNT-2310104,5.81
OADMET-0002674,OCNT-2310096,5.28
OADMET-0002673,OCNT-2310090,4.81
OADMET-0002672,OCNT-2310088,1.72
OADMET-0002671,OCNT-2310072,5.3
OADMET-0002670,OCNT-2310025,5.18
OADMET-0002669,OCNT-2310022,3.36
OADMET-0002668,OCNT-2310008,5.03
OADMET-0002667,OCNT-2310006,1.8
OADMET-0002666,OCNT-2309997,6.325
OADMET-0002665,OCNT-2309992,5.42
OADMET-0002664,OCNT-2309987,5.08
OADMET-0002663,OCNT-2309982,5.08
OADMET-0002662,OCNT-2309969,5.87
OADMET-0002661,OCNT-2309966,5.28
OADMET-0002660,OCNT-2309963,1.8
OADMET-0002659,OCNT-2309943,5.87
OADMET-0002658,OCNT-2309941,5.41
OADMET-0002657,OCNT-2309935,5.76
OADMET-0002656,OCNT-2309929,5.65
OADMET-0002655,OCNT-2309922,5.13
OADMET-0002654,OCNT-2309920,4.73
OADMET-0002653,OCNT-2309905,5.44
OADMET-0002652,OCNT-2309901,1.71
OADMET-0002651,OCNT-2309889,5.57
OADMET-0002650,OCNT-2309883,1.75
OADMET-0002649,OCNT-2309882,1.79
OADMET-0002648,OCNT-2309878,4.69
OADMET-0002647,OCNT-2309871,1.73
OADMET-0002646,OCNT-2309868,4.78
OADMET-0002645,OCNT-2309865,5.67
OADMET-0002644,OCNT-2309859,2.0
OADMET-0002643,OCNT-2309853,5.98
OADMET-0002642,OCNT-2309831,5.48
OADMET-0002641,OCNT-2309824,2.06
OADMET-0002640,OCNT-2309789,5.12
OADMET-0002639,OCNT-2309773,3.52
OADMET-0002638,OCNT-2309732,5.26
OADMET-0002637,OCNT-2309731,5.31
OADMET-0002636,OCNT-2309672,5.19
OADMET-0002635,OCNT-2309670,5.45
OADMET-0002634,OCNT-2309660,4.7
OADMET-0002633,OCNT-2309628,6.045
OADMET-0002632,OCNT-2309627,5.79
OADMET-0002631,OCNT-2309611,5.77
OADMET-0002630,OCNT-2309606,4.705
OADMET-0002629,OCNT-2309599,4.95
OADMET-0002628,OCNT-2309591,6.11
OADMET-0002627,OCNT-2309589,5.29
OADMET-0002626,OCNT-2309580,5.19
OADMET-0002625,OCNT-2309578,5.3
OADMET-0002624,OCNT-2309572,1.74
OADMET-0002623,OCNT-2309571,5.28
OADMET-0002622,OCNT-2309567,5.52
OADMET-0002621,OCNT-2309553,5.15
OADMET-0002620,OCNT-2309546,5.42
OADMET-0002619,OCNT-2309536,5.91
OADMET-0002618,OCNT-2309533,4.87
OADMET-0002617,OCNT-2309532,5.67
OADMET-0002616,OCNT-2309530,5.88
OADMET-0002615,OCNT-2309528,5.33
OADMET-0002614,OCNT-2309525,5.5
OADMET-0002613,OCNT-2309517,5.29
OADMET-0002612,OCNT-2309456,4.85
OADMET-0002611,OCNT-2309454,5.27
OADMET-0002610,OCNT-2309443,4.685
OADMET-0002609,OCNT-2309430,4.67
OADMET-0002608,OCNT-2309427,4.76
OADMET-0002607,OCNT-2309420,5.08
OADMET-0002606,OCNT-2309410,5.33
OADMET-0002605,OCNT-2309399,5.6
OADMET-0002604,OCNT-2309363,5.81
OADMET-0002603,OCNT-2309356,6.855
OADMET-0002602,OCNT-2309338,5.62
OADMET-0002601,OCNT-2309319,5.915
OADMET-0002600,OCNT-2309316,5.28
OADMET-0002599,OCNT-2309299,5.63
OADMET-0002598,OCNT-2309298,5.4
OADMET-0002597,OCNT-2309292,5.09
OADMET-0002596,OCNT-2309280,5.47
OADMET-0002595,OCNT-2309278,2.69
OADMET-0002594,OCNT-2309266,4.175
OADMET-0002593,OCNT-2309262,4.61
OADMET-0002592,OCNT-2309260,5.68
OADMET-0002591,OCNT-2309246,5.23
OADMET-0002590,OCNT-2309214,5.12
OADMET-0002589,OCNT-2309204,5.2
OADMET-0002588,OCNT-2309200,5.41
OADMET-0002587,OCNT-2309196,5.02
OADMET-0002586,OCNT-2309193,5.62
OADMET-0002585,OCNT-2309174,5.35
OADMET-0002584,OCNT-2309168,5.62
OADMET-0002583,OCNT-2309161,5.91
OADMET-0002582,OCNT-2309121,1.75
OADMET-0002581,OCNT-2309114,5.29
OADMET-0002580,OCNT-2309095,5.6
OADMET-0002579,OCNT-2309093,5.15
OADMET-0002578,OCNT-2309087,4.65
OADMET-0002577,OCNT-2309084,5.03
OADMET-0002576,OCNT-2309077,5.38
OADMET-0002575,OCNT-2309072,6.16
OADMET-0002574,OCNT-2309071,4.79
OADMET-0002573,OCNT-2309068,5.41
OADMET-0002572,OCNT-2309062,5.58
OADMET-0002571,OCNT-2309025,6.06
OADMET-0002570,OCNT-2309019,5.14
OADMET-0002569,OCNT-2308963,5.58
OADMET-0002568,OCNT-2308957,5.53
OADMET-0002567,OCNT-2308949,5.93
OADMET-0002566,OCNT-2308879,5.61
OADMET-0002565,OCNT-2308867,5.55
OADMET-0002564,OCNT-2308841,5.52
OADMET-0002563,OCNT-2308787,5.36
OADMET-0002562,OCNT-2308774,4.94
OADMET-0002561,OCNT-2308767,5.32
OADMET-0002560,OCNT-2308759,5.4
OADMET-0002559,OCNT-2308748,6.14
OADMET-0002558,OCNT-2308733,4.57
OADMET-0002557,OCNT-2308731,5.13
OADMET-0002556,OCNT-2308719,5.6
OADMET-0002555,OCNT-2308674,5.03
OADMET-0002554,OCNT-2308640,5.08
OADMET-0002553,OCNT-2308630,5.89
OADMET-0002552,OCNT-2308610,5.52
OADMET-0002551,OCNT-2308600,5.44
OADMET-0002550,OCNT-2308599,5.11
OADMET-0002549,OCNT-2308594,5.63
OADMET-0002547,OCNT-2308579,5.16
OADMET-0002546,OCNT-2308569,5.36
OADMET-0002545,OCNT-2308565,4.96
OADMET-0002544,OCNT-2308556,3.45
OADMET-0002543,OCNT-2308555,5.14
OADMET-0002542,OCNT-2308554,5.54
OADMET-0002541,OCNT-2308531,6.195
OADMET-0002539,OCNT-2308475,6.05
OADMET-0002538,OCNT-2308470,5.835
OADMET-0002537,OCNT-2081746,5.45
OADMET-0002338,OCNT-2016113,6.12
OADMET-0002337,OCNT-2016111,6.87
OADMET-0002333,OCNT-1899933,2.17
OADMET-0002332,OCNT-1899931,3.95
OADMET-0002331,OCNT-1871158,3.77
OADMET-0002330,OCNT-1871147,3.9
OADMET-0002329,OCNT-1871125,1.87
OADMET-0002328,OCNT-1871117,3.31
OADMET-0002327,OCNT-1871112,2.65
OADMET-0002326,OCNT-1871108,1.86
OADMET-0002325,OCNT-1871106,2.96
OADMET-0002324,OCNT-1871102,3.58
OADMET-0002323,OCNT-1871096,1.96
OADMET-0002322,OCNT-1871094,2.83
OADMET-0002321,OCNT-1871093,2.54
OADMET-0002320,OCNT-1871092,1.88
OADMET-0002319,OCNT-1871087,3.0
OADMET-0002318,OCNT-1871060,2.88
OADMET-0002317,OCNT-1871058,1.92
OADMET-0002316,OCNT-1871054,2.11
OADMET-0002315,OCNT-1871053,2.64
OADMET-0002314,OCNT-1871052,2.63
OADMET-0002313,OCNT-1871048,2.02
OADMET-0002312,OCNT-1871046,2.47
OADMET-0002311,OCNT-1871043,2.95
OADMET-0002310,OCNT-1871042,1.97
OADMET-0002309,OCNT-1871039,2.87
OADMET-0002308,OCNT-1871033,2.32
OADMET-0002307,OCNT-1871026,2.89
OADMET-0002306,OCNT-1871025,2.89
OADMET-0002305,OCNT-1871017,2.18
OADMET-0002304,OCNT-1755334,2.2
OADMET-0002303,OCNT-1685210,2.76
OADMET-0002302,OCNT-1685199,2.82
OADMET-0002301,OCNT-1685197,2.91
OADMET-0002300,OCNT-0683715,2.1
OADMET-0002299,OCNT-0683461,3.05
OADMET-0002298,OCNT-0483332,2.13
OADMET-0002297,OCNT-0479833,2.2
OADMET-0002296,OCNT-0419161,2.01
OADMET-0002295,OCNT-0018780,2.09
OADMET-0002294,OCNT-0017989,2.06
OADMET-0002293,OCNT-0016693,2.22
OADMET-0002292,OCNT-0010413,1.92
OADMET-0002291,OCNT-0005488,4.27
OADMET-0002290,OCNT-0002690,2.12
OADMET-0002289,OCNT-0002610,2.97
OADMET-0002288,OCNT-0002570,2.96
OADMET-0002287,OCNT-0002547,2.76
OADMET-0002286,OCNT-0000010,2.55
OADMET-0002285,OCNT-1900051,2.21
OADMET-0002284,OCNT-1899944,3.5
OADMET-0002283,OCNT-1899942,3.52
OADMET-0002282,OCNT-1899936,2.73
OADMET-0002281,OCNT-1899930,3.65
OADMET-0002280,OCNT-1871157,1.96
OADMET-0002279,OCNT-1871156,1.97
OADMET-0002278,OCNT-1871154,2.91
OADMET-0002277,OCNT-1871127,2.26
OADMET-0002276,OCNT-1871124,2.88
OADMET-0002275,OCNT-1871122,2.96
OADMET-0002274,OCNT-1871120,1.85
OADMET-0002273,OCNT-1871119,2.48
OADMET-0002272,OCNT-1871105,3.13
OADMET-0002271,OCNT-1871099,3.02
OADMET-0002270,OCNT-1871095,2.11
OADMET-0002269,OCNT-1871084,2.35
OADMET-0002268,OCNT-1871081,2.5
OADMET-0002267,OCNT-1871073,3.37
OADMET-0002266,OCNT-1871072,3.88
OADMET-0002265,OCNT-1871071,2.94
OADMET-0002264,OCNT-1871064,2.02
OADMET-0002263,OCNT-1871063,1.82
OADMET-0002262,OCNT-1871037,1.97
OADMET-0002261,OCNT-1871036,3.38
OADMET-0002260,OCNT-1871030,2.01
OADMET-0002259,OCNT-1871029,4.01
OADMET-0002258,OCNT-1871019,2.66
OADMET-0002257,OCNT-1871012,3.23
OADMET-0002256,OCNT-1685214,3.03
OADMET-0002255,OCNT-1685194,2.17
OADMET-0002254,OCNT-1685177,2.45
OADMET-0002253,OCNT-1685161,3.05
OADMET-0002252,OCNT-1510520,2.04
OADMET-0002251,OCNT-0497826,2.57
OADMET-0002250,OCNT-0483261,4.14
OADMET-0002249,OCNT-0477256,3.05
OADMET-0002248,OCNT-0183681,2.45
OADMET-0002247,OCNT-0008042,2.55
OADMET-0002246,OCNT-0007841,1.92
OADMET-0002245,OCNT-0004259,2.64
OADMET-0002244,OCNT-0003618,2.05
OADMET-0002243,OCNT-0003574,3.18
OADMET-0002242,OCNT-0003493,2.01
OADMET-0002241,OCNT-0003192,2.75
OADMET-0002240,OCNT-0002873,3.05
OADMET-0002239,OCNT-0002660,2.07
OADMET-0002238,OCNT-0002624,2.19
OADMET-0002237,OCNT-1900049,3.72
OADMET-0002236,OCNT-1871170,2.92
OADMET-0002235,OCNT-1871168,2.88
OADMET-0002234,OCNT-1871155,3.75
OADMET-0002233,OCNT-1871151,1.88
OADMET-0002232,OCNT-1871149,2.69
OADMET-0002231,OCNT-1871139,3.7
OADMET-0002230,OCNT-1871138,2.49
OADMET-0002229,OCNT-1871086,2.61
OADMET-0002228,OCNT-1871082,3.04
OADMET-0002227,OCNT-1871080,2.87
OADMET-0002226,OCNT-1871079,2.02
OADMET-0002225,OCNT-1871069,3.54
OADMET-0002224,OCNT-1871057,3.24
OADMET-0002223,OCNT-1871031,2.1
OADMET-0002222,OCNT-1871022,2.03
OADMET-0002221,OCNT-1871013,2.64
OADMET-0002220,OCNT-1685207,1.88
OADMET-0002219,OCNT-1685191,1.98
OADMET-0002218,OCNT-1685183,3.44
OADMET-0002217,OCNT-1685176,2.05
OADMET-0002216,OCNT-1685171,2.96
OADMET-0002215,OCNT-1627978,2.52
OADMET-0002214,OCNT-1510543,3.93
OADMET-0002213,OCNT-1411066,2.98
OADMET-0002212,OCNT-0941498,2.01
OADMET-0002211,OCNT-0941461,1.85
OADMET-0002210,OCNT-0722654,1.91
OADMET-0002209,OCNT-0722549,2.72
OADMET-0002208,OCNT-0683656,3.05
OADMET-0002207,OCNT-0498427,2.89
OADMET-0002206,OCNT-0498317,2.84
OADMET-0002205,OCNT-0497952,2.33
OADMET-0002204,OCNT-0497825,3.67
OADMET-0002203,OCNT-0494430,4.08
OADMET-0002202,OCNT-0234831,2.98
OADMET-0002201,OCNT-0022791,2.25
OADMET-0002200,OCNT-0010068,2.24
OADMET-0002199,OCNT-0010050,1.95
OADMET-0002198,OCNT-0008294,2.77
OADMET-0002197,OCNT-0006421,1.95
OADMET-0002196,OCNT-0004781,3.01
OADMET-0002195,OCNT-0003861,2.9
OADMET-0002194,OCNT-0003106,2.54
OADMET-0002193,OCNT-0002745,2.65
OADMET-0002192,OCNT-0002431,3.05
OADMET-0002191,OCNT-0001904,3.73
OADMET-0002190,OCNT-0001881,2.93
OADMET-0002189,OCNT-1900047,1.83
OADMET-0002188,OCNT-1900046,2.1
OADMET-0002187,OCNT-1899946,2.06
OADMET-0002186,OCNT-1899945,3.79
OADMET-0002185,OCNT-1899943,1.82
OADMET-0002184,OCNT-1899938,3.5
OADMET-0002183,OCNT-1871166,1.92
OADMET-0002182,OCNT-1871163,2.58
OADMET-0002181,OCNT-1871159,2.14
OADMET-0002180,OCNT-1871153,1.89
OADMET-0002179,OCNT-1871152,3.03
OADMET-0002178,OCNT-1871141,2.45
OADMET-0002177,OCNT-1871137,2.36
OADMET-0002176,OCNT-1871133,2.73
OADMET-0002175,OCNT-1871131,3.03
OADMET-0002174,OCNT-1871130,1.82
OADMET-0002173,OCNT-1871126,2.61
OADMET-0002172,OCNT-1871121,2.42
OADMET-0002171,OCNT-1871110,3.36
OADMET-0002170,OCNT-1871109,2.19
OADMET-0002169,OCNT-1871103,2.86
OADMET-0002168,OCNT-1871070,3.0
OADMET-0002167,OCNT-1871062,3.11
OADMET-0002166,OCNT-1871056,2.22
OADMET-0002165,OCNT-1871049,2.92
OADMET-0002164,OCNT-1871038,2.82
OADMET-0002163,OCNT-1871023,2.99
OADMET-0002162,OCNT-1685200,1.79
OADMET-0002161,OCNT-1685196,2.57
OADMET-0002160,OCNT-1685185,1.82
OADMET-0002159,OCNT-1685166,1.99
OADMET-0002158,OCNT-1411115,3.27
OADMET-0002157,OCNT-0941516,2.17
OADMET-0002156,OCNT-0722576,2.36
OADMET-0002155,OCNT-0683431,3.02
OADMET-0002154,OCNT-0494638,3.47
OADMET-0002153,OCNT-0427953,1.8
OADMET-0002152,OCNT-0022535,2.85
OADMET-0002151,OCNT-0022051,2.77
OADMET-0002150,OCNT-0008452,1.94
OADMET-0002149,OCNT-0007145,1.98
OADMET-0002148,OCNT-0006870,2.78
OADMET-0002147,OCNT-0004187,3.19
OADMET-0002146,OCNT-0003680,1.87
OADMET-0002145,OCNT-0002979,2.02
OADMET-0002144,OCNT-0002512,3.42
OADMET-0002143,OCNT-0001729,3.01
OADMET-0002142,OCNT-0001581,2.15
OADMET-0002141,OCNT-1900053,2.83
OADMET-0002140,OCNT-1900050,2.52
OADMET-0002139,OCNT-1899941,2.96
OADMET-0002138,OCNT-1871173,1.96
OADMET-0002137,OCNT-1871171,3.22
OADMET-0002136,OCNT-1871165,1.83
OADMET-0002135,OCNT-1871134,3.41
OADMET-0002134,OCNT-1871128,2.85
OADMET-0002133,OCNT-1871115,3.95
OADMET-0002132,OCNT-1871114,2.95
OADMET-0002131,OCNT-1871107,3.1
OADMET-0002130,OCNT-1871101,2.81
OADMET-0002129,OCNT-1871100,2.45
OADMET-0002128,OCNT-1871097,2.87
OADMET-0002127,OCNT-1871090,3.92
OADMET-0002126,OCNT-1871083,3.22
OADMET-0002125,OCNT-1871078,2.16
OADMET-0002124,OCNT-1871076,3.59
OADMET-0002123,OCNT-1871065,3.56
OADMET-0002122,OCNT-1871051,4.15
OADMET-0002121,OCNT-1871047,2.91
OADMET-0002120,OCNT-1871044,1.95
OADMET-0002119,OCNT-1871041,2.73
OADMET-0002118,OCNT-1871040,1.77
OADMET-0002117,OCNT-1871034,2.4
OADMET-0002116,OCNT-1871032,3.11
OADMET-0002115,OCNT-1871027,3.65
OADMET-0002114,OCNT-1871024,2.53
OADMET-0002113,OCNT-1685193,3.0
OADMET-0002112,OCNT-1685190,2.97
OADMET-0002111,OCNT-1685188,2.97
OADMET-0002110,OCNT-1685184,2.0
OADMET-0002109,OCNT-1685170,2.53
OADMET-0002108,OCNT-1685169,2.515
OADMET-0002107,OCNT-1685163,2.6
OADMET-0002106,OCNT-1628123,2.02
OADMET-0002105,OCNT-0498252,1.86
OADMET-0002104,OCNT-0497953,2.81
OADMET-0002103,OCNT-0021589,3.18
OADMET-0002102,OCNT-0020820,2.82
OADMET-0002101,OCNT-0019722,3.26
OADMET-0002100,OCNT-0018132,3.01
OADMET-0002099,OCNT-0017868,1.98
OADMET-0002098,OCNT-0015701,2.05
OADMET-0002097,OCNT-0015147,2.67
OADMET-0002096,OCNT-0013984,2.51
OADMET-0002095,OCNT-0013541,2.85
OADMET-0002094,OCNT-0013251,1.93
OADMET-0002093,OCNT-1900052,2.45
OADMET-0002092,OCNT-1900048,1.98
OADMET-0002091,OCNT-1899939,2.83
OADMET-0002090,OCNT-1899935,1.91
OADMET-0002089,OCNT-1871175,1.95
OADMET-0002088,OCNT-1871164,2.08
OADMET-0002087,OCNT-1871162,2.69
OADMET-0002086,OCNT-1871161,1.85
OADMET-0002085,OCNT-1871150,2.71
OADMET-0002084,OCNT-1871148,1.84
OADMET-0002083,OCNT-1871146,4.28
OADMET-0002082,OCNT-1871144,2.64
OADMET-0002081,OCNT-1871143,3.02
OADMET-0002080,OCNT-1871136,3.32
OADMET-0002079,OCNT-1871129,2.07
OADMET-0002078,OCNT-1871075,1.91
OADMET-0002077,OCNT-1871074,2.06
OADMET-0002076,OCNT-1871068,2.9
OADMET-0002075,OCNT-1871066,2.41
OADMET-0002074,OCNT-1871061,1.82
OADMET-0002073,OCNT-1871059,1.94
OADMET-0002072,OCNT-1871055,2.09
OADMET-0002071,OCNT-1871035,2.72
OADMET-0002070,OCNT-1871028,2.92
OADMET-0002069,OCNT-1871021,2.88
OADMET-0002068,OCNT-1871020,1.87
OADMET-0002067,OCNT-1871018,2.6
OADMET-0002066,OCNT-1871016,2.69
OADMET-0002065,OCNT-1871014,2.39
OADMET-0002064,OCNT-1755336,2.12
OADMET-0002063,OCNT-1685212,3.96
OADMET-0002062,OCNT-1685205,2.44
OADMET-0002061,OCNT-1685204,1.98
OADMET-0002060,OCNT-1685202,2.49
OADMET-0002059,OCNT-1685201,4.08
OADMET-0002058,OCNT-1685189,2.13
OADMET-0002057,OCNT-1685173,1.97
OADMET-0002056,OCNT-1685167,2.82
OADMET-0002055,OCNT-0498147,1.94
OADMET-0002054,OCNT-0495311,1.83
OADMET-0002053,OCNT-0017372,2.49
OADMET-0002052,OCNT-0017029,2.49
OADMET-0002051,OCNT-0011639,2.01
OADMET-0002050,OCNT-0011622,1.88
OADMET-0002049,OCNT-0011491,2.86
OADMET-0002048,OCNT-0011376,2.01
OADMET-0002047,OCNT-0010793,2.01
OADMET-0002046,OCNT-0010457,1.92
OADMET-0002045,OCNT-1966046,4.51
OADMET-0002044,OCNT-1966045,3.73
OADMET-0002043,OCNT-1966044,4.46
OADMET-0002042,OCNT-1966036,5.61
OADMET-0002041,OCNT-1966035,5.03
OADMET-0002040,OCNT-1966033,3.55
OADMET-0002039,OCNT-1966031,3.04
OADMET-0002038,OCNT-1966029,2.0
OADMET-0002037,OCNT-1966028,2.98
OADMET-0002036,OCNT-1966027,4.09
OADMET-0002035,OCNT-1966026,4.95
OADMET-0002034,OCNT-1966024,4.17
OADMET-0002033,OCNT-1966023,3.88
OADMET-0002032,OCNT-1966022,3.89
OADMET-0002031,OCNT-1966020,1.96
OADMET-0002030,OCNT-1966018,4.57
OADMET-0002029,OCNT-1966016,4.37
OADMET-0002028,OCNT-1966013,3.95
OADMET-0002027,OCNT-1966012,2.83
OADMET-0002026,OCNT-1966010,1.95
OADMET-0002025,OCNT-1966008,3.75
OADMET-0002024,OCNT-1966007,3.1
OADMET-0002023,OCNT-1966006,2.7
OADMET-0002022,OCNT-1966005,3.85
OADMET-0002021,OCNT-1966004,4.41
OADMET-0002020,OCNT-1966001,3.82
OADMET-0002019,OCNT-1966000,4.49
OADMET-0002018,OCNT-1965998,2.36
OADMET-0002017,OCNT-1965997,4.21
OADMET-0002016,OCNT-1965996,2.99
OADMET-0002015,OCNT-1965995,4.12
OADMET-0002014,OCNT-1965994,5.29
OADMET-0002013,OCNT-1965993,4.28
OADMET-0002012,OCNT-1965992,4.33
OADMET-0002011,OCNT-1965991,4.46
OADMET-0002010,OCNT-1965990,4.87
OADMET-0002009,OCNT-1965988,3.11
OADMET-0002008,OCNT-1965987,2.27
OADMET-0002007,OCNT-1965984,4.83
OADMET-0002006,OCNT-1965983,5.19
OADMET-0002005,OCNT-1965980,4.24
OADMET-0002004,OCNT-1965979,2.3
OADMET-0002003,OCNT-1965976,2.34
OADMET-0002002,OCNT-1965975,2.58
OADMET-0002001,OCNT-1965974,3.11
OADMET-0002000,OCNT-1965973,1.92
OADMET-0001999,OCNT-1965972,3.82
OADMET-0001998,OCNT-1965969,4.87
OADMET-0001997,OCNT-1965966,3.61
OADMET-0001996,OCNT-1965965,3.0
OADMET-0001995,OCNT-1965963,4.32
OADMET-0001994,OCNT-1965961,3.47
OADMET-0001993,OCNT-1965960,2.98
OADMET-0001992,OCNT-1965959,2.95
OADMET-0001991,OCNT-1965956,4.45
OADMET-0001990,OCNT-1965954,5.29
OADMET-0001989,OCNT-1965950,4.4
OADMET-0001988,OCNT-1965949,1.77
OADMET-0001987,OCNT-1965946,2.45
OADMET-0001986,OCNT-1965945,3.85
OADMET-0001985,OCNT-1965944,3.58
OADMET-0001984,OCNT-1965940,3.41
OADMET-0001983,OCNT-1965937,4.91
OADMET-0001982,OCNT-1965934,4.745
OADMET-0001981,OCNT-1965932,1.81
OADMET-0001980,OCNT-1965931,4.06
OADMET-0001979,OCNT-1965930,3.61
OADMET-0001978,OCNT-1965929,4.03
OADMET-0001977,OCNT-1965927,5.42
OADMET-0001976,OCNT-1965926,4.58
OADMET-0001975,OCNT-1965925,4.78
OADMET-0001974,OCNT-1965924,3.67
OADMET-0001973,OCNT-1965923,5.19
OADMET-0001972,OCNT-1965922,1.81
OADMET-0001971,OCNT-1965919,2.84
OADMET-0001970,OCNT-1965916,2.22
OADMET-0001969,OCNT-1965915,4.27
OADMET-0001968,OCNT-1965912,4.48
OADMET-0001967,OCNT-1965910,2.18
OADMET-0001966,OCNT-1965908,4.59
OADMET-0001965,OCNT-1965907,2.08
OADMET-0001964,OCNT-1965906,4.71
OADMET-0001963,OCNT-1965902,4.39
OADMET-0001962,OCNT-1965898,1.84
OADMET-0001961,OCNT-1965895,3.92
OADMET-0001960,OCNT-1965894,4.84
OADMET-0001958,OCNT-1965887,1.91
OADMET-0001957,OCNT-1965886,1.89
OADMET-0001956,OCNT-1965884,1.86
OADMET-0001955,OCNT-1965881,4.57
OADMET-0001954,OCNT-1893999,2.28
OADMET-0001953,OCNT-1893998,4.07
OADMET-0001951,OCNT-1755362,5.95
OADMET-0001950,OCNT-1755361,5.66
OADMET-0001949,OCNT-1755348,3.47
OADMET-0001948,OCNT-1755347,4.48
OADMET-0001947,OCNT-1755344,3.6
OADMET-0001946,OCNT-0498030,4.64
OADMET-0001945,OCNT-0494044,1.81
OADMET-0001944,OCNT-0476618,3.13
OADMET-0001943,OCNT-0022009,5.52
OADMET-0001942,OCNT-1966017,2.82
OADMET-0001941,OCNT-1966011,3.0
OADMET-0001940,OCNT-1965883,2.27
OADMET-0001938,OCNT-1966037,2.19
OADMET-0001937,OCNT-1966019,5.25
OADMET-0001936,OCNT-1966002,2.93
OADMET-0001935,OCNT-1965971,4.99
OADMET-0001934,OCNT-1965941,5.29
OADMET-0001933,OCNT-1965933,3.63
OADMET-0001932,OCNT-1965921,5.37
OADMET-0001931,OCNT-1965897,1.97
OADMET-0001930,OCNT-1965889,3.63
OADMET-0001928,OCNT-1894001,5.62
OADMET-0001927,OCNT-1966043,3.89
OADMET-0001926,OCNT-1966025,5.23
OADMET-0001925,OCNT-1965982,4.82
OADMET-0001924,OCNT-1965911,3.9
OADMET-0001923,OCNT-1965905,3.4
OADMET-0001922,OCNT-1965899,4.98
OADMET-0001921,OCNT-1965888,1.84
OADMET-0001920,OCNT-1965882,1.78
OADMET-0001919,OCNT-1965879,1.88
OADMET-0001918,OCNT-1965914,4.73
OADMET-0001917,OCNT-1965920,4.16
OADMET-0001916,OCNT-1894003,4.95
OADMET-0001914,OCNT-1965942,3.88
OADMET-0001913,OCNT-1965901,4.875
OADMET-0001912,OCNT-1965885,3.0
OADMET-0001911,OCNT-1755349,4.18
OADMET-0001910,OCNT-0494195,2.42
OADMET-0001909,OCNT-0494047,2.415
OADMET-0001908,OCNT-0483906,4.05
OADMET-0001906,OCNT-0497932,4.25
OADMET-0001905,OCNT-1966047,2.97
OADMET-0001904,OCNT-1966042,4.84
OADMET-0001903,OCNT-1966039,5.16
OADMET-0001902,OCNT-1966038,4.7
OADMET-0001901,OCNT-1966030,4.06
OADMET-0001900,OCNT-1966021,4.81
OADMET-0001899,OCNT-1966015,4.95
OADMET-0001898,OCNT-1966014,5.13
OADMET-0001897,OCNT-1966009,3.48
OADMET-0001895,OCNT-1965999,3.94
OADMET-0001894,OCNT-1965989,5.1
OADMET-0001893,OCNT-1965986,1.94
OADMET-0001892,OCNT-1965985,4.45
OADMET-0001890,OCNT-1965978,3.37
OADMET-0001888,OCNT-1965968,4.13
OADMET-0001887,OCNT-1965964,4.13
OADMET-0001885,OCNT-1965958,3.1
OADMET-0001884,OCNT-1965957,4.2
OADMET-0001883,OCNT-1965955,4.75
OADMET-0001882,OCNT-1965953,1.81
OADMET-0001881,OCNT-1965952,4.6
OADMET-0001880,OCNT-1965951,3.86
OADMET-0001879,OCNT-1965948,3.53
OADMET-0001878,OCNT-1965947,4.83
OADMET-0001877,OCNT-1965943,4.88
OADMET-0001876,OCNT-1965939,3.1
OADMET-0001875,OCNT-1965938,1.9
OADMET-0001874,OCNT-1965936,4.77
OADMET-0001872,OCNT-1965918,3.92
OADMET-0001871,OCNT-1965917,4.38
OADMET-0001870,OCNT-1965913,4.12
OADMET-0001869,OCNT-1965909,2.54
OADMET-0001868,OCNT-1965904,2.84
OADMET-0001867,OCNT-1965903,3.55
OADMET-0001866,OCNT-1965896,4.54
OADMET-0001865,OCNT-1965892,2.81
OADMET-0001864,OCNT-1965891,3.49
OADMET-0001863,OCNT-1965890,5.06
OADMET-0001862,OCNT-1893990,3.27
OADMET-0001861,OCNT-1755350,2.01
OADMET-0001859,OCNT-0496318,2.82
OADMET-0001858,OCNT-0494012,1.9
OADMET-0001857,OCNT-0476586,4.0
OADMET-0001828,OCNT-1309392,4.3
OADMET-0001827,OCNT-1309361,3.62
OADMET-0001826,OCNT-1309346,3.42
OADMET-0001825,OCNT-1309300,1.62
OADMET-0001824,OCNT-1309284,2.56
OADMET-0001823,OCNT-1309268,5.23
OADMET-0001822,OCNT-1309236,4.04
OADMET-0001821,OCNT-1309194,4.17
OADMET-0001820,OCNT-1309180,4.45
OADMET-0001819,OCNT-1309164,3.8
OADMET-0001818,OCNT-1309151,4.05
OADMET-0001817,OCNT-1308156,3.77
OADMET-0001816,OCNT-1308155,3.99
OADMET-0001815,OCNT-1308153,2.81
OADMET-0001814,OCNT-1308144,3.36
OADMET-0001813,OCNT-1308138,4.07
OADMET-0001812,OCNT-1308126,3.33
OADMET-0001811,OCNT-1308125,1.7
OADMET-0001810,OCNT-1308120,4.7
OADMET-0001809,OCNT-1308102,4.33
OADMET-0001808,OCNT-1308078,4.16
OADMET-0001807,OCNT-1308075,4.63
OADMET-0001806,OCNT-1308073,1.68
OADMET-0001805,OCNT-1308069,4.64
OADMET-0001804,OCNT-1308063,4.22
OADMET-0001803,OCNT-1308054,4.17
OADMET-0001802,OCNT-1308047,3.5
OADMET-0001801,OCNT-1308042,1.75
OADMET-0001800,OCNT-1308041,4.53
OADMET-0001799,OCNT-1308038,5.22
OADMET-0001798,OCNT-1308036,5.25
OADMET-0001797,OCNT-1308019,3.59
OADMET-0001796,OCNT-1308014,4.1
OADMET-0001795,OCNT-1308009,3.81
OADMET-0001794,OCNT-1308006,5.37
OADMET-0001793,OCNT-1308002,5.21
OADMET-0001792,OCNT-1307999,2.25
OADMET-0001791,OCNT-1307995,1.91
OADMET-0001790,OCNT-1307994,2.57
OADMET-0001789,OCNT-1307983,1.73
OADMET-0001788,OCNT-1307966,4.67
OADMET-0001787,OCNT-1307964,3.96
OADMET-0001786,OCNT-1307961,4.06
OADMET-0001785,OCNT-1307945,4.09
OADMET-0001784,OCNT-1307944,3.37
OADMET-0001783,OCNT-1307940,3.99
OADMET-0001782,OCNT-1307932,2.35
OADMET-0001781,OCNT-1307920,2.37
OADMET-0001780,OCNT-1307918,2.98
OADMET-0001779,OCNT-1307916,3.76
OADMET-0001778,OCNT-1307912,2.28
OADMET-0001777,OCNT-1307908,4.13
OADMET-0001776,OCNT-1307900,3.98
OADMET-0001775,OCNT-1307897,3.43
OADMET-0001774,OCNT-1307890,4.45
OADMET-0001773,OCNT-1307884,5.81
OADMET-0001772,OCNT-1307871,2.82
OADMET-0001771,OCNT-1307868,3.87
OADMET-0001770,OCNT-1307861,1.94
OADMET-0001769,OCNT-1307860,3.52
OADMET-0001768,OCNT-1307858,4.19
OADMET-0001767,OCNT-1307857,5.25
OADMET-0001766,OCNT-1307844,4.28
OADMET-0001765,OCNT-1307836,3.9
OADMET-0001764,OCNT-1307832,3.76
OADMET-0001763,OCNT-1307830,1.88
OADMET-0001762,OCNT-1307819,4.26
OADMET-0001761,OCNT-1307816,4.1
OADMET-0001760,OCNT-1307814,3.47
OADMET-0001759,OCNT-1307812,3.4
OADMET-0001758,OCNT-1307808,1.71
OADMET-0001757,OCNT-1307803,3.25
OADMET-0001756,OCNT-1307788,2.94
OADMET-0001755,OCNT-1307787,6.37
OADMET-0001754,OCNT-1307785,3.04
OADMET-0001753,OCNT-1307780,4.63
OADMET-0001752,OCNT-1307777,3.33
OADMET-0001751,OCNT-1307772,4.62
OADMET-0001750,OCNT-1307771,3.27
OADMET-0001749,OCNT-1307764,1.65
OADMET-0001748,OCNT-1307761,4.89
OADMET-0001747,OCNT-1307758,3.91
OADMET-0001746,OCNT-1307755,2.6
OADMET-0001745,OCNT-1307751,3.87
OADMET-0001744,OCNT-1307745,2.14
OADMET-0001743,OCNT-1307743,4.11
OADMET-0001742,OCNT-1307740,2.94
OADMET-0001741,OCNT-1307736,2.45
OADMET-0001740,OCNT-1307735,2.82
OADMET-0001739,OCNT-1307732,3.59
OADMET-0001738,OCNT-1307716,5.09
OADMET-0001737,OCNT-1307708,3.99
OADMET-0001736,OCNT-1307705,3.05
OADMET-0001735,OCNT-1307695,4.27
OADMET-0001734,OCNT-1307684,4.53
OADMET-0001733,OCNT-1307682,3.44
OADMET-0001732,OCNT-1307679,4.38
OADMET-0001731,OCNT-1307676,2.75
OADMET-0001730,OCNT-1307665,3.26
OADMET-0001729,OCNT-1307655,3.67
OADMET-0001727,OCNT-1307637,2.54
OADMET-0001726,OCNT-1307633,3.35
OADMET-0001725,OCNT-1307627,2.55
OADMET-0001724,OCNT-1307625,4.6
OADMET-0001723,OCNT-1307619,4.07
OADMET-0001722,OCNT-1307617,3.87
OADMET-0001721,OCNT-1307605,3.91
OADMET-0001720,OCNT-1307600,3.44
OADMET-0001719,OCNT-1307590,1.67
OADMET-0001718,OCNT-1307589,4.08
OADMET-0001717,OCNT-1307581,3.36
OADMET-0001716,OCNT-1307577,4.04
OADMET-0001715,OCNT-1307574,3.41
OADMET-0001714,OCNT-1307571,1.72
OADMET-0001713,OCNT-1307570,3.49
OADMET-0001712,OCNT-1307550,2.66
OADMET-0001711,OCNT-1263950,1.62
OADMET-0001710,OCNT-1263925,4.45
OADMET-0001709,OCNT-1263896,4.56
OADMET-0001708,OCNT-1263884,2.43
OADMET-0001707,OCNT-1263864,2.81
OADMET-0001695,OCNT-1309390,4.44
OADMET-0001694,OCNT-1309378,3.67
OADMET-0001693,OCNT-1309358,4.52
OADMET-0001692,OCNT-1309345,1.89
OADMET-0001691,OCNT-1309333,3.47
OADMET-0001690,OCNT-1309332,3.91
OADMET-0001689,OCNT-1309313,3.28
OADMET-0001688,OCNT-1309285,3.48
OADMET-0001687,OCNT-1309269,4.18
OADMET-0001686,OCNT-1309266,4.5
OADMET-0001685,OCNT-1309254,2.27
OADMET-0001684,OCNT-1309250,3.91
OADMET-0001683,OCNT-1309238,4.58
OADMET-0001682,OCNT-1309237,4.63
OADMET-0001681,OCNT-1309234,4.09
OADMET-0001680,OCNT-1309208,4.31
OADMET-0001679,OCNT-1309207,5.43
OADMET-0001678,OCNT-1309162,2.37
OADMET-0001677,OCNT-1309138,2.97
OADMET-0001676,OCNT-1309123,3.94
OADMET-0001675,OCNT-1309120,3.46
OADMET-0001674,OCNT-1308161,3.81
OADMET-0001673,OCNT-1308145,2.73
OADMET-0001672,OCNT-1308136,3.35
OADMET-0001671,OCNT-1308130,3.66
OADMET-0001670,OCNT-1308124,4.5
OADMET-0001669,OCNT-1308106,3.72
OADMET-0001668,OCNT-1308103,3.49
OADMET-0001667,OCNT-1308101,4.56
OADMET-0001666,OCNT-1308098,1.76
OADMET-0001665,OCNT-1308096,2.36
OADMET-0001664,OCNT-1308092,3.43
OADMET-0001663,OCNT-1308088,1.89
OADMET-0001662,OCNT-1308087,3.14
OADMET-0001661,OCNT-1308077,4.26
OADMET-0001660,OCNT-1308061,3.33
OADMET-0001659,OCNT-1308060,1.7
OADMET-0001658,OCNT-1308048,2.2
OADMET-0001657,OCNT-1308027,1.66
OADMET-0001656,OCNT-1308024,2.5
OADMET-0001655,OCNT-1308021,4.11
OADMET-0001654,OCNT-1308016,3.66
OADMET-0001653,OCNT-1308008,1.88
OADMET-0001652,OCNT-1308007,3.09
OADMET-0001651,OCNT-1308005,4.37
OADMET-0001650,OCNT-1307991,2.86
OADMET-0001649,OCNT-1307977,3.95
OADMET-0001648,OCNT-1307975,2.64
OADMET-0001647,OCNT-1307974,3.33
OADMET-0001646,OCNT-1307972,4.22
OADMET-0001645,OCNT-1307971,4.45
OADMET-0001644,OCNT-1307967,2.51
OADMET-0001643,OCNT-1307965,4.1
OADMET-0001642,OCNT-1307960,4.24
OADMET-0001641,OCNT-1307959,3.27
OADMET-0001640,OCNT-1307952,2.23
OADMET-0001639,OCNT-1307943,2.58
OADMET-0001638,OCNT-1307939,2.28
OADMET-0001637,OCNT-1307936,3.62
OADMET-0001636,OCNT-1307931,3.15
OADMET-0001635,OCNT-1307927,3.63
OADMET-0001634,OCNT-1307923,4.83
OADMET-0001633,OCNT-1307922,4.18
OADMET-0001632,OCNT-1307919,2.45
OADMET-0001631,OCNT-1307917,4.35
OADMET-0001630,OCNT-1307907,5.82
OADMET-0001629,OCNT-1307898,3.27
OADMET-0001628,OCNT-1307880,3.48
OADMET-0001627,OCNT-1307869,4.67
OADMET-0001626,OCNT-1307850,2.86
OADMET-0001625,OCNT-1307845,2.97
OADMET-0001624,OCNT-1307834,4.33
OADMET-0001623,OCNT-1307833,4.87
OADMET-0001622,OCNT-1307829,4.2
OADMET-0001621,OCNT-1307826,4.65
OADMET-0001620,OCNT-1307820,3.85
OADMET-0001619,OCNT-1307815,5.05
OADMET-0001618,OCNT-1307810,4.88
OADMET-0001617,OCNT-1307809,3.92
OADMET-0001616,OCNT-1307807,4.34
OADMET-0001615,OCNT-1307805,2.79
OADMET-0001614,OCNT-1307797,3.88
OADMET-0001613,OCNT-1307790,4.08
OADMET-0001612,OCNT-1307789,3.53
OADMET-0001611,OCNT-1307778,4.25
OADMET-0001610,OCNT-1307774,5.01
OADMET-0001609,OCNT-1307773,4.31
OADMET-0001608,OCNT-1307768,3.98
OADMET-0001607,OCNT-1307760,2.28
OADMET-0001606,OCNT-1307754,3.99
OADMET-0001605,OCNT-1307750,4.21
OADMET-0001604,OCNT-1307749,2.68
OADMET-0001602,OCNT-1307744,1.77
OADMET-0001601,OCNT-1307733,3.52
OADMET-0001600,OCNT-1307710,1.96
OADMET-0001599,OCNT-1307694,4.29
OADMET-0001598,OCNT-1307693,3.71
OADMET-0001597,OCNT-1307688,4.5
OADMET-0001596,OCNT-1307686,2.23
OADMET-0001595,OCNT-1307683,1.8
OADMET-0001594,OCNT-1307680,1.7
OADMET-0001593,OCNT-1307669,4.84
OADMET-0001592,OCNT-1307667,2.44
OADMET-0001591,OCNT-1307664,3.5
OADMET-0001590,OCNT-1307656,2.88
OADMET-0001589,OCNT-1307650,3.04
OADMET-0001588,OCNT-1307648,4.34
OADMET-0001587,OCNT-1307645,5.09
OADMET-0001586,OCNT-1307643,2.57
OADMET-0001585,OCNT-1307639,2.25
OADMET-0001584,OCNT-1307636,5.28
OADMET-0001583,OCNT-1307631,5.28
OADMET-0001582,OCNT-1307630,3.01
OADMET-0001581,OCNT-1307628,5.01
OADMET-0001580,OCNT-1307624,5.26
OADMET-0001579,OCNT-1307623,2.77
OADMET-0001578,OCNT-1307608,3.58
OADMET-0001577,OCNT-1307607,3.83
OADMET-0001576,OCNT-1307604,2.7
OADMET-0001575,OCNT-1307594,2.48
OADMET-0001574,OCNT-1307579,4.01
OADMET-0001573,OCNT-1307576,2.61
OADMET-0001572,OCNT-1307569,2.37
OADMET-0001571,OCNT-1307559,4.35
OADMET-0001570,OCNT-1307556,4.63
OADMET-0001569,OCNT-1263901,4.28
OADMET-0001568,OCNT-1263890,2.55
OADMET-0001567,OCNT-1263886,1.85
OADMET-0001566,OCNT-1263879,4.66
OADMET-0001565,OCNT-1263860,3.07
OADMET-0001564,OCNT-1133933,2.92
OADMET-0001563,OCNT-1309163,3.97
OADMET-0001562,OCNT-1308070,4.52
OADMET-0001561,OCNT-1308026,3.95
OADMET-0001558,OCNT-1307852,3.69
OADMET-0001557,OCNT-1307841,4.81
OADMET-0001556,OCNT-1307796,3.58
OADMET-0001555,OCNT-1307717,3.25
OADMET-0001554,OCNT-1307706,2.02
OADMET-0001553,OCNT-1307704,2.96
OADMET-0001552,OCNT-1307644,4.64
OADMET-0001551,OCNT-1309403,4.07
OADMET-0001550,OCNT-1309399,5.04
OADMET-0001549,OCNT-1309395,2.58
OADMET-0001548,OCNT-1309379,4.7
OADMET-0001547,OCNT-1309372,3.25
OADMET-0001545,OCNT-1309367,1.69
OADMET-0001544,OCNT-1309357,2.68
OADMET-0001543,OCNT-1309356,4.2
OADMET-0001542,OCNT-1309354,1.68
OADMET-0001540,OCNT-1309342,3.37
OADMET-0001539,OCNT-1309337,3.34
OADMET-0001538,OCNT-1309334,4.12
OADMET-0001537,OCNT-1309325,3.49
OADMET-0001536,OCNT-1309324,4.82
OADMET-0001535,OCNT-1309308,4.87
OADMET-0001533,OCNT-1309280,5.2
OADMET-0001532,OCNT-1309274,4.67
OADMET-0001531,OCNT-1309273,3.29
OADMET-0001530,OCNT-1309262,3.87
OADMET-0001529,OCNT-1309256,5.1
OADMET-0001528,OCNT-1309255,4.56
OADMET-0001527,OCNT-1309246,3.79
OADMET-0001526,OCNT-1309244,3.53
OADMET-0001525,OCNT-1309242,4.91
OADMET-0001524,OCNT-1309240,3.01
OADMET-0001522,OCNT-1309232,4.53
OADMET-0001520,OCNT-1309228,4.55
OADMET-0001519,OCNT-1309226,3.81
OADMET-0001518,OCNT-1309224,3.66
OADMET-0001517,OCNT-1309212,3.1
OADMET-0001516,OCNT-1309206,4.79
OADMET-0001514,OCNT-1309201,4.53
OADMET-0001513,OCNT-1309199,4.98
OADMET-0001512,OCNT-1309198,1.82
OADMET-0001511,OCNT-1309190,3.62
OADMET-0001510,OCNT-1309182,1.67
OADMET-0001509,OCNT-1309172,2.86
OADMET-0001508,OCNT-1309171,4.58
OADMET-0001507,OCNT-1309170,4.61
OADMET-0001506,OCNT-1309168,4.47
OADMET-0001505,OCNT-1309166,3.86
OADMET-0001504,OCNT-1309160,5.16
OADMET-0001503,OCNT-1309159,3.52
OADMET-0001502,OCNT-1309147,4.57
OADMET-0001501,OCNT-1309144,3.91
OADMET-0001500,OCNT-1309143,4.41
OADMET-0001499,OCNT-1309140,3.88
OADMET-0001498,OCNT-1309133,5.51
OADMET-0001497,OCNT-1309129,4.95
OADMET-0001496,OCNT-1309113,1.85
OADMET-0001495,OCNT-1309112,5.09
OADMET-0001494,OCNT-1309108,2.26
OADMET-0001493,OCNT-1263921,2.33
OADMET-0001492,OCNT-0479753,4.19
OADMET-0001491,OCNT-0479737,5.18
OADMET-0001490,OCNT-0479700,5.3
OADMET-0001489,OCNT-0479611,4.09
OADMET-0001488,OCNT-0479600,5.22
OADMET-0001487,OCNT-0479594,3.76
OADMET-0001486,OCNT-0479588,5.08
OADMET-0001485,OCNT-0479533,5.78
OADMET-0001484,OCNT-0479532,2.44
OADMET-0001482,OCNT-0479525,5.67
OADMET-0001481,OCNT-0479498,4.41
OADMET-0001480,OCNT-0479497,4.83
OADMET-0001479,OCNT-0479473,4.61
OADMET-0001478,OCNT-0474662,5.04
OADMET-0001477,OCNT-0474642,5.33
OADMET-0001476,OCNT-0474630,4.38
OADMET-0001474,OCNT-0474622,2.86
OADMET-0001473,OCNT-0474604,2.52
OADMET-0001472,OCNT-0474580,3.57
OADMET-0001471,OCNT-0474567,1.73
OADMET-0001470,OCNT-0474563,6.43
OADMET-0001469,OCNT-0474559,4.34
OADMET-0001468,OCNT-0474527,4.01
OADMET-0001467,OCNT-0474516,3.87
OADMET-0001466,OCNT-0474484,3.16
OADMET-0001465,OCNT-0474480,4.41
OADMET-0001464,OCNT-0474425,4.45
OADMET-0001463,OCNT-0474410,3.21
OADMET-0001462,OCNT-0474384,5.16
OADMET-0001461,OCNT-0474376,5.18
OADMET-0001460,OCNT-0474021,2.48
OADMET-0001459,OCNT-0474013,3.69
OADMET-0001458,OCNT-0474011,3.0
OADMET-0001457,OCNT-0473979,2.9
OADMET-0001456,OCNT-0473972,3.16
OADMET-0001454,OCNT-0473853,2.3
OADMET-0001453,OCNT-0473781,5.52
OADMET-0001452,OCNT-0473775,5.06
OADMET-0001451,OCNT-0473769,5.04
OADMET-0001450,OCNT-0473732,3.66
OADMET-0001449,OCNT-0473728,5.2
OADMET-0001448,OCNT-0470123,4.54
OADMET-0001447,OCNT-0470099,4.65
OADMET-0001446,OCNT-0470091,2.51
OADMET-0001445,OCNT-0470080,4.36
OADMET-0001444,OCNT-0470050,4.56
OADMET-0001442,OCNT-0469941,3.69
OADMET-0001441,OCNT-0468904,5.05
OADMET-0001440,OCNT-0468850,4.59
OADMET-0001439,OCNT-0468746,5.33
OADMET-0001438,OCNT-0468219,1.67
OADMET-0001437,OCNT-0468199,4.53
OADMET-0001436,OCNT-0468185,5.35
OADMET-0001435,OCNT-0468136,3.09
OADMET-0001434,OCNT-0467991,2.86
OADMET-0001433,OCNT-0467983,2.36
OADMET-0001432,OCNT-0467970,4.61
OADMET-0001431,OCNT-0467623,3.64
OADMET-0001430,OCNT-0467614,4.92
OADMET-0001429,OCNT-0467613,3.34
OADMET-0001427,OCNT-0467574,4.79
OADMET-0001426,OCNT-0467537,4.87
OADMET-0001425,OCNT-0467536,5.15
OADMET-0001424,OCNT-0467529,4.98
OADMET-0001423,OCNT-0467471,1.88
OADMET-0001422,OCNT-0465704,4.77
OADMET-0001420,OCNT-0465611,5.19
OADMET-0001419,OCNT-0465606,3.61
OADMET-0001418,OCNT-0465594,4.24
OADMET-0001417,OCNT-0465589,3.38
OADMET-0001416,OCNT-0465533,4.71
OADMET-0001415,OCNT-0465513,3.83
OADMET-0001414,OCNT-0465510,4.86
OADMET-0001413,OCNT-0465500,3.4
OADMET-0001412,OCNT-0465498,4.11
OADMET-0001410,OCNT-0465487,4.8
OADMET-0001409,OCNT-0465483,4.1
OADMET-0001408,OCNT-0465481,5.27
OADMET-0001407,OCNT-0465470,3.2
OADMET-0001406,OCNT-0465455,5.86
OADMET-0001405,OCNT-0465449,5.8
OADMET-0001404,OCNT-0465439,4.09
OADMET-0001403,OCNT-0465436,4.05
OADMET-0001402,OCNT-0465405,4.39
OADMET-0001401,OCNT-0465279,3.49
OADMET-0001400,OCNT-0465272,4.99
OADMET-0001399,OCNT-0465214,5.01
OADMET-0001398,OCNT-0465192,1.66
OADMET-0001397,OCNT-0465190,4.38
OADMET-0001396,OCNT-0465178,5.48
OADMET-0001395,OCNT-0465112,5.48
OADMET-0001394,OCNT-0465088,4.74
OADMET-0001393,OCNT-0465080,3.04
OADMET-0001392,OCNT-0465057,2.85
OADMET-0001391,OCNT-0465053,4.33
OADMET-0001390,OCNT-0465045,1.75
OADMET-0001388,OCNT-0464827,6.14
OADMET-0001387,OCNT-0464784,1.63
OADMET-0001385,OCNT-0464740,4.75
OADMET-0001384,OCNT-0464699,1.71
OADMET-0001383,OCNT-0464697,3.93
OADMET-0001382,OCNT-0464677,4.76
OADMET-0001381,OCNT-0464645,4.44
OADMET-0001380,OCNT-0464643,2.42
OADMET-0001379,OCNT-0464637,4.88
OADMET-0001377,OCNT-0464516,3.19
OADMET-0001376,OCNT-0464495,3.92
OADMET-0001375,OCNT-0464429,3.39
OADMET-0001374,OCNT-0464348,5.25
OADMET-0001373,OCNT-0464340,4.38
OADMET-0001372,OCNT-0464322,3.41
OADMET-0001371,OCNT-0464298,5.14
OADMET-0001370,OCNT-0464250,5.26
OADMET-0001369,OCNT-0464209,4.26
OADMET-0001368,OCNT-0463763,5.6
OADMET-0001367,OCNT-0463748,5.43
OADMET-0001366,OCNT-0463540,5.2
OADMET-0001365,OCNT-0463489,4.8
OADMET-0001364,OCNT-0463357,5.09
OADMET-0001363,OCNT-0378198,3.57
OADMET-0001362,OCNT-0377938,3.53
OADMET-0001361,OCNT-0377158,3.55
OADMET-0001360,OCNT-0376912,3.02
OADMET-0001359,OCNT-0376650,4.38
OADMET-0001358,OCNT-0376565,3.43
OADMET-0001357,OCNT-0375421,3.38
OADMET-0001356,OCNT-0375312,3.94
OADMET-0001355,OCNT-0375255,3.78
OADMET-0001354,OCNT-0374388,3.62
OADMET-0001353,OCNT-0374232,3.24
OADMET-0001352,OCNT-0373489,2.61
OADMET-0001351,OCNT-0372805,4.55
OADMET-0001350,OCNT-0372402,3.7
OADMET-0001349,OCNT-0372174,3.36
OADMET-0001347,OCNT-0371048,4.64
OADMET-0001346,OCNT-0370945,4.38
OADMET-0001345,OCNT-0369247,3.28
OADMET-0001344,OCNT-0368916,4.08
OADMET-0001343,OCNT-0367254,3.71
OADMET-0001342,OCNT-0366919,1.81
OADMET-0001341,OCNT-0366909,3.44
OADMET-0001340,OCNT-0365240,3.16
OADMET-0001339,OCNT-0362890,2.05
OADMET-0001338,OCNT-0362590,4.87
OADMET-0001337,OCNT-0362218,4.99
OADMET-0001336,OCNT-0362112,4.96
OADMET-0001335,OCNT-0360888,4.74
OADMET-0001334,OCNT-0360655,3.49
OADMET-0001333,OCNT-0359962,3.73
OADMET-0001332,OCNT-0358700,4.69
OADMET-0001331,OCNT-0357754,3.09
OADMET-0001330,OCNT-0357686,4.56
OADMET-0001329,OCNT-0357535,3.05
OADMET-0001328,OCNT-0357229,3.67
OADMET-0001327,OCNT-0356335,1.91
OADMET-0001326,OCNT-0356133,4.8
OADMET-0001325,OCNT-0356045,3.98
OADMET-0001324,OCNT-0355235,3.39
OADMET-0001323,OCNT-0354553,3.58
OADMET-0001322,OCNT-0353296,2.55
OADMET-0001321,OCNT-0352186,2.59
OADMET-0001320,OCNT-0352157,2.51
OADMET-0001319,OCNT-0352034,3.69
OADMET-0001318,OCNT-0350985,4.66
OADMET-0001317,OCNT-0350820,3.25
OADMET-0001316,OCNT-0350342,2.36
OADMET-0001315,OCNT-0349704,4.46
OADMET-0001314,OCNT-0349685,3.43
OADMET-0001313,OCNT-0349439,3.53
OADMET-0001312,OCNT-0349171,3.53
OADMET-0001311,OCNT-0348209,3.81
OADMET-0001308,OCNT-0347139,3.23
OADMET-0001307,OCNT-0345418,3.03
OADMET-0001306,OCNT-0344821,3.56
OADMET-0001305,OCNT-0342017,3.17
OADMET-0001304,OCNT-0341641,2.56
OADMET-0001303,OCNT-0340864,4.15
OADMET-0001302,OCNT-0339702,3.94
OADMET-0001301,OCNT-0339385,4.68
OADMET-0001300,OCNT-0339047,3.18
OADMET-0001299,OCNT-0337872,4.92
OADMET-0001297,OCNT-0336270,2.6
OADMET-0001296,OCNT-0335793,2.71
OADMET-0001295,OCNT-0334633,4.6
OADMET-0001294,OCNT-0334443,2.34
OADMET-0001293,OCNT-0334434,4.19
OADMET-0001292,OCNT-0333718,3.68
OADMET-0001290,OCNT-0333459,3.41
OADMET-0001289,OCNT-0333247,4.21
OADMET-0001288,OCNT-0332999,2.76
OADMET-0001287,OCNT-0330669,2.5
OADMET-0001286,OCNT-0329689,2.39
OADMET-0001284,OCNT-0328553,3.35
OADMET-0001283,OCNT-0328190,4.0
OADMET-0001282,OCNT-0326829,2.37
OADMET-0001281,OCNT-0325501,2.28
OADMET-0001280,OCNT-0325292,3.14
OADMET-0001279,OCNT-0324298,4.83
OADMET-0001278,OCNT-0323456,2.56
OADMET-0001277,OCNT-0322533,1.61
OADMET-0001276,OCNT-0319218,4.6
OADMET-0001275,OCNT-0318222,3.8
OADMET-0001274,OCNT-0318148,3.68
OADMET-0001273,OCNT-0317501,3.39
OADMET-0001272,OCNT-0315593,2.95
OADMET-0001270,OCNT-0309090,4.39
OADMET-0001268,OCNT-0305340,2.43
OADMET-0001267,OCNT-0301678,3.29
OADMET-0001266,OCNT-0300486,2.79
OADMET-0001264,OCNT-0300167,2.91
OADMET-0001263,OCNT-0298540,4.5
OADMET-0001262,OCNT-0297915,3.18
OADMET-0001261,OCNT-0297614,3.15
OADMET-0001260,OCNT-0296707,3.37
OADMET-0001259,OCNT-0295739,2.88
OADMET-0001258,OCNT-0293678,1.64
OADMET-0001257,OCNT-0293219,3.77
OADMET-0001256,OCNT-0291477,3.21
OADMET-0001255,OCNT-0290411,3.39
OADMET-0001254,OCNT-0288908,5.05
OADMET-0001253,OCNT-0288660,4.36
OADMET-0001252,OCNT-0284625,3.73
OADMET-0001251,OCNT-0279211,4.47
OADMET-0001250,OCNT-0278341,3.09
OADMET-0001248,OCNT-0275886,3.28
OADMET-0001247,OCNT-0275624,3.55
OADMET-0001246,OCNT-0274375,2.77
OADMET-0001245,OCNT-0272811,2.84
OADMET-0001244,OCNT-0271711,2.8
OADMET-0001243,OCNT-0271054,3.03
OADMET-0001242,OCNT-0269860,2.62
OADMET-0001241,OCNT-0001228,1.66
OADMET-0001240,OCNT-0000307,3.38
OADMET-0001239,OCNT-2016112,7.549
OADMET-0001238,OCNT-0379267,3.33
OADMET-0001237,OCNT-0379209,3.94
OADMET-0001236,OCNT-0377809,2.57
OADMET-0001235,OCNT-0377310,3.35
OADMET-0001234,OCNT-0377236,4.11
OADMET-0001233,OCNT-0376894,3.4
OADMET-0001232,OCNT-0376808,3.35
OADMET-0001231,OCNT-0376702,3.95
OADMET-0001230,OCNT-0376575,4.19
OADMET-0001229,OCNT-0376400,3.49
OADMET-0001228,OCNT-0375990,2.71
OADMET-0001227,OCNT-0375849,2.79
OADMET-0001226,OCNT-0375784,3.19
OADMET-0001225,OCNT-0375505,3.52
OADMET-0001224,OCNT-0375103,3.76
OADMET-0001223,OCNT-0375095,2.9
OADMET-0001222,OCNT-0375088,3.19
OADMET-0001221,OCNT-0374764,2.97
OADMET-0001220,OCNT-0374322,3.16
OADMET-0001219,OCNT-0373806,2.74
OADMET-0001218,OCNT-0373576,3.82
OADMET-0001217,OCNT-0373535,4.01
OADMET-0001216,OCNT-0373375,3.11
OADMET-0001215,OCNT-0373301,2.24
OADMET-0001214,OCNT-0373111,4.57
OADMET-0001213,OCNT-0373020,4.36
OADMET-0001212,OCNT-0372603,4.28
OADMET-0001211,OCNT-0372400,2.67
OADMET-0001210,OCNT-0372349,3.23
OADMET-0001209,OCNT-0372218,4.0
OADMET-0001208,OCNT-0372015,4.11
OADMET-0001207,OCNT-0371873,2.75
OADMET-0001206,OCNT-0371439,2.77
OADMET-0001204,OCNT-0370860,5.33
OADMET-0001203,OCNT-0370661,3.05
OADMET-0001202,OCNT-0370213,2.49
OADMET-0001201,OCNT-0370005,3.95
OADMET-0001200,OCNT-0369821,4.17
OADMET-0001199,OCNT-0369718,2.53
OADMET-0001198,OCNT-0369360,2.79
OADMET-0001197,OCNT-0369174,2.68
OADMET-0001196,OCNT-0369074,4.98
OADMET-0001195,OCNT-0368968,3.78
OADMET-0001194,OCNT-0368924,3.32
OADMET-0001193,OCNT-0368826,2.48
OADMET-0001192,OCNT-0368642,3.06
OADMET-0001191,OCNT-0368611,3.66
OADMET-0001190,OCNT-0368418,3.48
OADMET-0001189,OCNT-0368302,3.05
OADMET-0001188,OCNT-0367681,3.19
OADMET-0001187,OCNT-0367507,4.19
OADMET-0001186,OCNT-0367080,3.7
OADMET-0001185,OCNT-0366832,5.54
OADMET-0001184,OCNT-0366632,3.34
OADMET-0001183,OCNT-0366325,3.85
OADMET-0001182,OCNT-0366285,2.69
OADMET-0001181,OCNT-0366018,4.56
OADMET-0001180,OCNT-0365967,4.77
OADMET-0001179,OCNT-0365834,2.66
OADMET-0001178,OCNT-0365736,2.53
OADMET-0001177,OCNT-0365687,4.84
OADMET-0001176,OCNT-0365677,4.47
OADMET-0001175,OCNT-0365590,3.9
OADMET-0001174,OCNT-0365486,3.81
OADMET-0001173,OCNT-0365364,3.3
OADMET-0001172,OCNT-0365190,2.43
OADMET-0001171,OCNT-0365125,3.55
OADMET-0001170,OCNT-0364965,3.24
OADMET-0001169,OCNT-0364476,3.01
OADMET-0001168,OCNT-0364330,4.55
OADMET-0001167,OCNT-0364189,2.28
OADMET-0001166,OCNT-0363481,2.4
OADMET-0001165,OCNT-0363369,2.49
OADMET-0001164,OCNT-0363118,2.51
OADMET-0001163,OCNT-0363083,3.93
OADMET-0001162,OCNT-0363077,3.5
OADMET-0001161,OCNT-0362983,3.62
OADMET-0001160,OCNT-0362788,3.31
OADMET-0001159,OCNT-0362775,3.41
OADMET-0001158,OCNT-0362515,3.2
OADMET-0001157,OCNT-0362052,3.15
OADMET-0001156,OCNT-0361942,4.16
OADMET-0001155,OCNT-0361685,1.72
OADMET-0001154,OCNT-0361611,2.74
OADMET-0001153,OCNT-0360904,3.48
OADMET-0001152,OCNT-0360034,3.86
OADMET-0001151,OCNT-0359892,2.87
OADMET-0001150,OCNT-0359577,3.69
OADMET-0001149,OCNT-0359136,4.71
OADMET-0001148,OCNT-0358809,2.59
OADMET-0001147,OCNT-0358362,3.72
OADMET-0001146,OCNT-0358309,4.13
OADMET-0001145,OCNT-0358033,3.48
OADMET-0001144,OCNT-0357742,3.74
OADMET-0001143,OCNT-0357474,3.04
OADMET-0001142,OCNT-0357398,4.24
OADMET-0001141,OCNT-0356880,4.41
OADMET-0001140,OCNT-0356544,2.77
OADMET-0001139,OCNT-0356222,3.79
OADMET-0001138,OCNT-0356213,2.9
OADMET-0001137,OCNT-0356167,2.75
OADMET-0001136,OCNT-0355787,4.16
OADMET-0001135,OCNT-0355725,2.22
OADMET-0001134,OCNT-0355624,3.34
OADMET-0001133,OCNT-0355289,4.61
OADMET-0001132,OCNT-0355073,2.67
OADMET-0001131,OCNT-0355071,3.75
OADMET-0001130,OCNT-0354857,3.85
OADMET-0001129,OCNT-0354816,2.76
OADMET-0001128,OCNT-0354720,4.28
OADMET-0001127,OCNT-0354185,3.29
OADMET-0001126,OCNT-0353721,2.5
OADMET-0001125,OCNT-0353574,3.63
OADMET-0001124,OCNT-0351813,4.12
OADMET-0001123,OCNT-0351674,4.26
OADMET-0001122,OCNT-0351645,2.2
OADMET-0001121,OCNT-0351595,2.84
OADMET-0001120,OCNT-0351243,2.95
OADMET-0001119,OCNT-0350900,3.52
OADMET-0001118,OCNT-0350604,3.14
OADMET-0001117,OCNT-0350174,3.42
OADMET-0001116,OCNT-0349912,3.21
OADMET-0001115,OCNT-0349826,2.53
OADMET-0001114,OCNT-0349623,2.55
OADMET-0001113,OCNT-0349160,3.2
OADMET-0001112,OCNT-0348716,3.08
OADMET-0001111,OCNT-0348570,4.24
OADMET-0001110,OCNT-0348485,2.74
OADMET-0001109,OCNT-0348363,2.47
OADMET-0001108,OCNT-0347361,3.16
OADMET-0001107,OCNT-0346781,2.23
OADMET-0001106,OCNT-0346716,2.45
OADMET-0001105,OCNT-0346271,2.88
OADMET-0001104,OCNT-0346238,3.73
OADMET-0001103,OCNT-0345925,3.94
OADMET-0001102,OCNT-0345693,3.53
OADMET-0001101,OCNT-0345646,4.26
OADMET-0001100,OCNT-0345381,3.43
OADMET-0001099,OCNT-0345350,3.92
OADMET-0001098,OCNT-0345232,3.49
OADMET-0001097,OCNT-0345214,4.31
OADMET-0001096,OCNT-0344873,2.3
OADMET-0001095,OCNT-0344623,3.87
OADMET-0001094,OCNT-0344400,3.09
OADMET-0001093,OCNT-0344303,4.08
OADMET-0001092,OCNT-0344023,4.82
OADMET-0001091,OCNT-0343890,4.1
OADMET-0001090,OCNT-0343605,4.32
OADMET-0001089,OCNT-0343359,2.55
OADMET-0001088,OCNT-0343021,5.11
OADMET-0001087,OCNT-0342696,4.88
OADMET-0001086,OCNT-0342666,3.39
OADMET-0001085,OCNT-0341646,3.53
OADMET-0001084,OCNT-0341292,3.46
OADMET-0001083,OCNT-0341264,3.46
OADMET-0001082,OCNT-0341150,2.11
OADMET-0001081,OCNT-0340994,3.64
OADMET-0001080,OCNT-0340791,5.22
OADMET-0001079,OCNT-0340745,3.43
OADMET-0001078,OCNT-0340321,2.93
OADMET-0001077,OCNT-0339768,3.91
OADMET-0001076,OCNT-0339064,4.87
OADMET-0001075,OCNT-0338825,2.27
OADMET-0001074,OCNT-0338675,3.04
OADMET-0001073,OCNT-0338661,3.98
OADMET-0001072,OCNT-0338562,3.62
OADMET-0001071,OCNT-0338332,2.86
OADMET-0001070,OCNT-0338175,3.61
OADMET-0001069,OCNT-0337817,2.67
OADMET-0001068,OCNT-0337769,3.97
OADMET-0001067,OCNT-0337729,3.11
OADMET-0001066,OCNT-0337573,2.42
OADMET-0001065,OCNT-0337535,3.31
OADMET-0001064,OCNT-0337499,3.14
OADMET-0001063,OCNT-0337089,2.44
OADMET-0001062,OCNT-0336532,3.3
OADMET-0001061,OCNT-0336152,4.08
OADMET-0001060,OCNT-0336109,3.97
OADMET-0001059,OCNT-0335958,3.61
OADMET-0001058,OCNT-0335835,4.1
OADMET-0001057,OCNT-0335491,3.65
OADMET-0001056,OCNT-0335335,3.92
OADMET-0001055,OCNT-0334985,2.8
OADMET-0001054,OCNT-0334790,2.56
OADMET-0001053,OCNT-0334504,4.64
OADMET-0001052,OCNT-0334450,2.85
OADMET-0001051,OCNT-0333881,2.49
OADMET-0001050,OCNT-0333599,2.16
OADMET-0001049,OCNT-0333462,4.01
OADMET-0001048,OCNT-0333381,2.97
OADMET-0001047,OCNT-0333227,3.79
OADMET-0001046,OCNT-0333186,4.23
OADMET-0001045,OCNT-0333180,4.29
OADMET-0001044,OCNT-0332597,3.2
OADMET-0001043,OCNT-0332588,3.76
OADMET-0001042,OCNT-0332491,3.87
OADMET-0001041,OCNT-0332242,3.76
OADMET-0001040,OCNT-0331923,3.08
OADMET-0001039,OCNT-0331904,3.33
OADMET-0001038,OCNT-0331720,3.97
OADMET-0001037,OCNT-0330541,2.68
OADMET-0001036,OCNT-0330312,2.5
OADMET-0001035,OCNT-0330059,3.12
OADMET-0001034,OCNT-0329850,3.56
OADMET-0001033,OCNT-0329722,2.04
OADMET-0001032,OCNT-0328970,2.5
OADMET-0001031,OCNT-0328742,3.73
OADMET-0001030,OCNT-0328358,3.39
OADMET-0001029,OCNT-0328157,2.7
OADMET-0001028,OCNT-0327644,3.44
OADMET-0001027,OCNT-0327541,3.67
OADMET-0001026,OCNT-0327166,2.94
OADMET-0001025,OCNT-0326549,2.39
OADMET-0001024,OCNT-0326516,4.24
OADMET-0001023,OCNT-0326064,5.58
OADMET-0001022,OCNT-0324850,2.31
OADMET-0001021,OCNT-0324488,1.62
OADMET-0001020,OCNT-0324222,2.74
OADMET-0001019,OCNT-0323337,2.31
OADMET-0001018,OCNT-0323266,3.34
OADMET-0001017,OCNT-0322423,4.26
OADMET-0001016,OCNT-0322325,3.28
OADMET-0001015,OCNT-0321796,4.0
OADMET-0001014,OCNT-0320074,4.11
OADMET-0001013,OCNT-0319973,2.37
OADMET-0001012,OCNT-0319461,3.47
OADMET-0001011,OCNT-0318986,3.14
OADMET-0001010,OCNT-0318064,5.6
OADMET-0001009,OCNT-0317678,3.21
OADMET-0001008,OCNT-0317525,2.78
OADMET-0001007,OCNT-0317351,1.63
OADMET-0001006,OCNT-0317266,4.26
OADMET-0001005,OCNT-0316304,2.67
OADMET-0001004,OCNT-0315647,2.79
OADMET-0001003,OCNT-0313756,3.49
OADMET-0001002,OCNT-0313651,3.6
OADMET-0001001,OCNT-0313165,2.92
OADMET-0001000,OCNT-0313005,2.65
OADMET-0000999,OCNT-0312364,4.84
OADMET-0000998,OCNT-0312014,2.57
OADMET-0000997,OCNT-0311491,3.07
OADMET-0000996,OCNT-0311367,4.55
OADMET-0000995,OCNT-0310749,2.93
OADMET-0000994,OCNT-0310641,3.14
OADMET-0000993,OCNT-0310356,2.75
OADMET-0000992,OCNT-0309922,3.26
OADMET-0000991,OCNT-0309842,3.17
OADMET-0000990,OCNT-0309443,4.39
OADMET-0000989,OCNT-0309036,3.63
OADMET-0000988,OCNT-0308912,3.79
OADMET-0000987,OCNT-0308489,4.19
OADMET-0000986,OCNT-0307670,3.86
OADMET-0000985,OCNT-0307258,4.55
OADMET-0000984,OCNT-0306747,3.92
OADMET-0000983,OCNT-0306485,2.32
OADMET-0000982,OCNT-0305957,3.01
OADMET-0000981,OCNT-0305632,3.99
OADMET-0000980,OCNT-0305630,2.74
OADMET-0000979,OCNT-0304718,3.6
OADMET-0000978,OCNT-0303269,4.25
OADMET-0000977,OCNT-0302504,2.68
OADMET-0000976,OCNT-0301929,3.81
OADMET-0000975,OCNT-0301296,3.28
OADMET-0000974,OCNT-0301050,3.64
OADMET-0000973,OCNT-0300272,4.06
OADMET-0000972,OCNT-0299568,4.36
OADMET-0000971,OCNT-0299522,3.09
OADMET-0000970,OCNT-0299420,4.25
OADMET-0000969,OCNT-0299191,3.92
OADMET-0000968,OCNT-0298223,3.94
OADMET-0000967,OCNT-0296075,3.13
OADMET-0000966,OCNT-0295988,3.9
OADMET-0000965,OCNT-0295681,2.96
OADMET-0000964,OCNT-0295443,3.15
OADMET-0000963,OCNT-0295434,3.93
OADMET-0000962,OCNT-0295375,4.39
OADMET-0000961,OCNT-0295314,2.44
OADMET-0000960,OCNT-0291480,3.63
OADMET-0000959,OCNT-0291308,2.7
OADMET-0000958,OCNT-0291229,2.56
OADMET-0000957,OCNT-0291118,3.56
OADMET-0000956,OCNT-0290587,2.94
OADMET-0000955,OCNT-0289446,3.66
OADMET-0000954,OCNT-0289398,2.48
OADMET-0000953,OCNT-0288358,2.73
OADMET-0000952,OCNT-0288354,3.99
OADMET-0000951,OCNT-0287939,3.33
OADMET-0000950,OCNT-0287701,3.79
OADMET-0000949,OCNT-0286915,3.08
OADMET-0000948,OCNT-0286626,3.13
OADMET-0000947,OCNT-0286324,2.15
OADMET-0000946,OCNT-0286286,2.52
OADMET-0000945,OCNT-0282403,3.26
OADMET-0000944,OCNT-0281493,2.54
OADMET-0000943,OCNT-0280606,2.61
OADMET-0000942,OCNT-0279774,2.26
OADMET-0000941,OCNT-0279568,3.86
OADMET-0000940,OCNT-0278552,3.09
OADMET-0000939,OCNT-0278279,4.76
OADMET-0000938,OCNT-0276953,2.34
OADMET-0000937,OCNT-0276947,2.83
OADMET-0000936,OCNT-0275136,3.96
OADMET-0000935,OCNT-0275035,2.59
OADMET-0000934,OCNT-0274464,2.14
OADMET-0000933,OCNT-0272218,4.05
OADMET-0000932,OCNT-0271248,2.64
OADMET-0000931,OCNT-0271001,4.35
OADMET-0000930,OCNT-0270451,2.76
OADMET-0000929,OCNT-0270309,2.13
OADMET-0000928,OCNT-0270114,1.88
OADMET-0000927,OCNT-0269996,2.32
