Molecule_Name,CYP2D6_is_TDI,CYP2D6_TDI,CYP2D6_direct,CYP3A4_is_TDI,CYP3A4_TDI,CYP3A4_direct
OCNT-0000422,,,,False,2.004,2.101
OCNT-0001882,,,,,,
OCNT-0007477,,,,False,2.213,2.578
OCNT-0010068,,,,False,1.976,2.273
OCNT-0014841,,,,False,2.121,2.054
OCNT-0017486,,,,False,4.006,
OCNT-0018684,True,5.316,4.616,,,
OCNT-0019950,,,,False,2.025,
OCNT-0020887,False,4.648,4.457,,,
OCNT-0021749,False,5.555,5.467,,,
OCNT-0021863,,,,False,4.266,
OCNT-0021943,,,,,,
OCNT-0021946,,,,,,
OCNT-0022006,False,5.061,5.019,,,
OCNT-0022012,False,5.299,5.165,,,
OCNT-0022066,,,,True,4.585,4.145
OCNT-0022107,False,5.276,5.186,True,6.169,5.5
OCNT-0022119,False,6.394,6.17,False,4.943,
OCNT-0022125,,,,False,3.659,3.854
OCNT-0022126,True,5.097,4.47,,,
OCNT-0022127,False,4.807,4.516,,,
OCNT-0022128,False,4.426,4.315,False,4.775,
OCNT-0022129,,,,False,4.595,4.323
OCNT-0022130,,,,False,3.974,2.793
OCNT-0022137,False,4.624,4.601,False,3.93,
OCNT-0022139,True,5.011,4.699,,,
OCNT-0022141,False,6.184,6.168,,,
OCNT-0022142,True,5.315,4.946,False,4.844,
OCNT-0022215,False,6.612,6.673,True,5.508,4.981
OCNT-0022234,,,,False,2.407,2.057
OCNT-0022235,,,,False,2.33,2.713
OCNT-0022237,False,5.324,5.055,,,
OCNT-0022246,True,6.291,5.581,False,5.01,4.831
OCNT-0022254,False,5.884,5.638,,,
OCNT-0022266,False,5.594,5.542,,,
OCNT-0022267,True,6.362,5.992,,,
OCNT-0022268,False,6.276,6.068,,,
OCNT-0022269,True,5.976,5.655,,,
OCNT-0022271,False,5.54,5.43,,,
OCNT-0022281,False,5.952,5.695,False,3.461,3.001
OCNT-0022288,True,6.427,5.738,,,
OCNT-0022291,True,5.968,5.427,,,
OCNT-0022294,False,6.102,5.836,False,4.348,4.299
OCNT-0022297,False,4.543,4.358,,,
OCNT-0022301,True,5.737,5.103,,,
OCNT-0022303,False,5.318,5.206,,,
OCNT-0022314,,,,,,
OCNT-0022315,False,5.748,5.916,True,5.562,5.246
OCNT-0022316,,,,,,
OCNT-0022317,False,4.711,4.512,,,
OCNT-0200796,,,,,,
OCNT-0200803,,,,False,2.061,2.108
OCNT-0283087,False,5.882,5.723,,,
OCNT-0294781,,,,,,
OCNT-0319465,,,,True,4.368,3.778
OCNT-0381046,False,6.164,6.272,,,
OCNT-0436875,,,,,,
OCNT-0453746,,,,False,5.298,
OCNT-0453782,,,,False,5.69,
OCNT-0454217,,,,False,6.779,
OCNT-0454219,,,,False,6.129,
OCNT-0454221,,,,False,4.988,
OCNT-0454223,,,,False,5.149,
OCNT-0454231,,,,False,5.638,
OCNT-0454249,,,,False,3.562,
OCNT-0454251,,,,False,4.322,
OCNT-0454253,,,,False,6.486,
OCNT-0454255,,,,False,6.351,
OCNT-0454257,,,,False,6.427,
OCNT-0454261,,,,False,7.265,
OCNT-0454263,,,,False,5.987,
OCNT-0454287,,,,False,6.834,
OCNT-0454289,,,,False,6.888,
OCNT-0454291,,,,False,7.468,
OCNT-0454320,,,,False,5.834,
OCNT-0454326,,,,False,4.739,
OCNT-0454333,,,,False,4.681,
OCNT-0454371,,,,False,5.099,
OCNT-0454403,,,,False,4.307,
OCNT-0454415,,,,False,3.624,
OCNT-0454435,,,,False,5.013,
OCNT-0454445,,,,False,5.259,
OCNT-0454454,,,,False,2.243,
OCNT-0454455,,,,False,4.783,
OCNT-0454477,,,,False,5.807,
OCNT-0454515,,,,False,1.912,
OCNT-0454517,,,,False,5.671,
OCNT-0454518,,,,False,4.834,
OCNT-0454521,,,,False,4.933,
OCNT-0454524,,,,False,3.994,
OCNT-0454527,,,,False,4.123,
OCNT-0454529,,,,False,5.815,
OCNT-0454548,,,,False,5.147,
OCNT-0454552,,,,False,4.742,
OCNT-0454587,,,,False,4.222,
OCNT-0454594,,,,False,3.193,
OCNT-0454595,,,,False,5.194,
OCNT-0454602,,,,False,5.676,
OCNT-0454608,,,,False,6.284,
OCNT-0454617,,,,False,4.437,
OCNT-0454626,,,,False,5.221,
OCNT-0454634,,,,False,5.661,
OCNT-0454638,,,,False,5.583,
OCNT-0454672,,,,False,5.749,
OCNT-0454674,,,,False,5.799,
OCNT-0454676,,,,False,5.401,
OCNT-0454695,,,,False,2.164,
OCNT-0454696,,,,False,4.379,
OCNT-0454702,,,,False,5.299,
OCNT-0454708,,,,False,2.026,
OCNT-0454710,,,,False,4.935,
OCNT-0454717,,,,False,4.439,
OCNT-0454721,,,,False,4.808,
OCNT-0454725,,,,False,4.575,
OCNT-0454730,,,,False,4.222,
OCNT-0454732,,,,False,4.804,
OCNT-0454734,,,,False,5.263,
OCNT-0454780,,,,False,6.986,
OCNT-0454781,,,,False,6.212,
OCNT-0454784,,,,False,4.171,
OCNT-0454835,,,,False,5.796,
OCNT-0454840,,,,False,4.887,
OCNT-0454842,,,,False,5.131,
OCNT-0454845,,,,False,6.05,
OCNT-0454847,,,,False,4.346,
OCNT-0454848,,,,False,1.981,
OCNT-0454851,,,,False,5.919,
OCNT-0454857,,,,False,4.207,
OCNT-0454859,,,,False,4.812,
OCNT-0454862,,,,False,4.786,
OCNT-0454864,,,,False,2.425,
OCNT-0454866,,,,False,3.903,
OCNT-0454868,,,,False,4.013,
OCNT-0454869,,,,False,4.027,
OCNT-0454870,,,,False,1.951,
OCNT-0454871,,,,False,3.474,
OCNT-0454872,,,,False,5.862,
OCNT-0454876,,,,False,5.356,
OCNT-0454879,,,,False,4.894,
OCNT-0454884,,,,False,5.444,
OCNT-0454888,,,,False,5.153,
OCNT-0454889,,,,False,5.767,
OCNT-0454892,,,,False,5.449,
OCNT-0454894,,,,False,2.023,
OCNT-0454895,,,,False,5.664,
OCNT-0454896,,,,False,5.439,
OCNT-0454897,,,,False,3.366,
OCNT-0454898,,,,False,4.801,
OCNT-0454899,,,,False,2.685,
OCNT-0454900,,,,False,5.977,
OCNT-0454901,,,,False,2.899,
OCNT-0454902,,,,False,5.629,
OCNT-0454903,,,,False,3.201,
OCNT-0454906,,,,False,1.906,
OCNT-0454908,,,,False,6.615,
OCNT-0454910,,,,False,6.125,
OCNT-0454912,,,,False,5.698,
OCNT-0454916,,,,False,4.713,
OCNT-0454918,,,,False,6.959,
OCNT-0454921,,,,False,5.224,
OCNT-0454922,,,,False,5.244,
OCNT-0454923,,,,False,5.987,
OCNT-0454929,,,,False,5.812,
OCNT-0454931,,,,False,6.107,
OCNT-0454932,,,,False,5.017,
OCNT-0454936,,,,False,6.051,
OCNT-0454939,,,,False,4.123,
OCNT-0454970,,,,False,5.745,
OCNT-0454980,,,,False,6.319,
OCNT-0454987,,,,False,4.505,
OCNT-0454989,,,,False,4.995,
OCNT-0454990,,,,False,5.787,
OCNT-0454991,,,,False,4.433,
OCNT-0454997,,,,False,4.865,
OCNT-0455003,,,,False,5.766,
OCNT-0455007,,,,False,5.448,
OCNT-0455012,,,,False,5.795,
OCNT-0455046,,,,False,4.48,
OCNT-0455051,,,,False,4.537,
OCNT-0455055,,,,False,5.144,
OCNT-0455058,,,,False,4.979,
OCNT-0455070,,,,False,6.325,
OCNT-0455078,,,,False,5.733,
OCNT-0455082,,,,False,4.861,
OCNT-0455084,,,,False,4.269,
OCNT-0455086,,,,False,4.614,
OCNT-0455088,,,,False,5.898,
OCNT-0455090,,,,False,4.653,
OCNT-0455094,,,,False,4.057,
OCNT-0455100,,,,False,4.753,
OCNT-0455102,,,,False,5.609,
OCNT-0455116,,,,False,5.553,
OCNT-0455118,,,,False,6.131,
OCNT-0455120,,,,False,4.664,
OCNT-0455122,,,,False,4.395,
OCNT-0455126,,,,False,6.448,
OCNT-0455147,,,,False,1.946,
OCNT-0455834,,,,False,4.192,
OCNT-0455853,,,,False,6.022,
OCNT-0455855,,,,False,5.899,
OCNT-0455861,,,,False,5.902,
OCNT-0455932,,,,False,3.957,
OCNT-0455940,,,,False,4.944,
OCNT-0455964,,,,False,5.418,
OCNT-0455988,,,,False,4.945,
OCNT-0455990,,,,False,4.845,
OCNT-0456010,,,,False,5.385,
OCNT-0456012,,,,False,5.407,
OCNT-0456014,,,,False,5.327,
OCNT-0456016,,,,False,4.284,
OCNT-0456022,,,,False,5.12,
OCNT-0456054,,,,False,6.058,
OCNT-0456140,,,,False,6.215,
OCNT-0456142,,,,False,6.396,
OCNT-0456144,,,,False,6.551,
OCNT-0456158,,,,False,5.716,
OCNT-0456160,,,,False,5.559,
OCNT-0456162,,,,False,5.491,
OCNT-0456166,,,,False,5.362,
OCNT-0456180,,,,False,6.248,
OCNT-0456186,,,,False,6.989,
OCNT-0456188,,,,False,4.903,
OCNT-0456192,,,,False,6.495,
OCNT-0456204,,,,False,5.88,
OCNT-0456206,,,,False,6.799,
OCNT-0456208,,,,False,6.861,
OCNT-0456212,,,,False,7.057,
OCNT-0456220,,,,False,6.577,
OCNT-0456226,,,,False,6.014,
OCNT-0456228,,,,False,6.041,
OCNT-0456230,,,,False,5.918,
OCNT-0456234,,,,False,6.246,
OCNT-0456250,,,,False,5.394,
OCNT-0456252,,,,False,5.237,
OCNT-0456258,,,,False,6.047,
OCNT-0456259,,,,False,5.225,
OCNT-0456282,,,,False,6.815,
OCNT-0456289,,,,False,6.717,
OCNT-0456298,,,,False,4.588,
OCNT-0456304,,,,False,4.545,
OCNT-0456306,,,,False,4.67,
OCNT-0456310,,,,False,5.842,
OCNT-0456312,,,,False,3.617,
OCNT-0456315,,,,False,5.889,
OCNT-0456319,,,,False,5.699,
OCNT-0456321,,,,False,6.8,
OCNT-0456328,,,,False,5.895,
OCNT-0456349,,,,False,4.392,
OCNT-0456376,,,,False,7.083,
OCNT-0456378,,,,False,5.167,
OCNT-0456380,,,,False,5.095,
OCNT-0456384,,,,False,3.895,
OCNT-0456386,,,,False,4.923,
OCNT-0456388,,,,False,5.644,
OCNT-0456473,,,,False,4.614,
OCNT-0456479,,,,False,5.295,
OCNT-0456507,,,,False,6.122,
OCNT-0456571,,,,False,4.515,
OCNT-0456667,,,,False,4.128,
OCNT-0456671,,,,False,4.628,
OCNT-0456677,,,,False,5.49,
OCNT-0456761,,,,False,2.209,
OCNT-0456763,,,,False,5.76,
OCNT-0456785,,,,False,4.854,
OCNT-0456791,,,,False,4.989,
OCNT-0456809,,,,False,4.529,
OCNT-0456810,,,,False,2.247,
OCNT-0456811,,,,False,4.48,
OCNT-0456812,,,,False,2.344,
OCNT-0456813,,,,False,5.011,
OCNT-0456815,,,,False,5.733,
OCNT-0456864,,,,False,6.775,
OCNT-0456866,,,,False,6.568,
OCNT-0456880,,,,False,4.583,
OCNT-0456890,,,,False,5.78,
OCNT-0456894,,,,False,5.937,
OCNT-0456896,,,,False,5.127,
OCNT-0456898,,,,False,6.428,
OCNT-0456928,,,,False,6.061,
OCNT-0456930,,,,False,6.493,
OCNT-0456952,,,,False,5.731,
OCNT-0456954,,,,False,6.211,
OCNT-0456958,,,,False,6.158,
OCNT-0456960,,,,False,5.873,
OCNT-0456962,,,,False,6.402,
OCNT-0456964,,,,False,5.846,
OCNT-0456966,,,,False,6.092,
OCNT-0456976,,,,False,5.321,
OCNT-0456978,,,,False,5.622,
OCNT-0456984,,,,False,6.657,
OCNT-0456986,,,,False,5.663,
OCNT-0456988,,,,False,5.584,
OCNT-0456990,,,,False,5.917,
OCNT-0457008,,,,False,6.668,
OCNT-0457009,,,,False,5.19,
OCNT-0457012,,,,False,4.889,
OCNT-0457040,,,,False,4.632,
OCNT-0457042,,,,False,5.028,
OCNT-0457077,,,,False,6.026,
OCNT-0457081,,,,False,5.514,
OCNT-0457204,,,,False,4.81,
OCNT-0457236,,,,False,3.93,
OCNT-0457347,,,,False,6.094,
OCNT-0457413,,,,False,3.733,
OCNT-0457419,,,,False,5.046,
OCNT-0457420,,,,False,4.68,
OCNT-0457422,,,,False,3.126,
OCNT-0457426,,,,False,6.201,
OCNT-0457465,,,,False,4.991,
OCNT-0457529,,,,False,5.622,
OCNT-0457541,,,,False,2.034,
OCNT-0457554,,,,False,6.093,
OCNT-0457571,,,,False,4.744,
OCNT-0457573,,,,False,5.627,
OCNT-0457579,,,,False,5.69,
OCNT-0457587,,,,False,4.82,
OCNT-0457601,,,,False,4.862,
OCNT-0457613,,,,False,6.253,
OCNT-0457615,,,,False,6.407,
OCNT-0457627,,,,False,4.645,
OCNT-0457630,,,,False,5.025,
OCNT-0457633,,,,False,5.596,
OCNT-0457635,,,,False,5.292,
OCNT-0457647,,,,False,2.057,
OCNT-0457656,,,,False,5.108,
OCNT-0457658,,,,False,5.843,
OCNT-0457679,,,,False,4.11,
OCNT-0457698,,,,False,2.037,
OCNT-0457712,,,,False,6.39,
OCNT-0457715,,,,False,3.785,
OCNT-0457739,,,,False,5.137,
OCNT-0457748,,,,False,4.994,
OCNT-0457772,,,,False,4.854,
OCNT-0457777,,,,False,5.683,
OCNT-0457791,,,,False,5.282,
OCNT-0457802,,,,False,5.343,
OCNT-0457821,,,,False,5.87,
OCNT-0457829,,,,False,5.97,
OCNT-0457842,,,,False,5.408,
OCNT-0457845,,,,False,6.435,
OCNT-0457878,,,,False,6.101,
OCNT-0457895,,,,False,6.869,
OCNT-0457908,,,,False,5.464,
OCNT-0457919,,,,False,6.419,
OCNT-0457930,,,,False,6.559,
OCNT-0457966,,,,False,6.82,
OCNT-0457980,,,,False,4.492,
OCNT-0457982,,,,False,6.339,
OCNT-0457984,,,,False,5.261,
OCNT-0457986,,,,False,4.815,
OCNT-0458015,,,,False,5.432,
OCNT-0458020,,,,False,3.385,
OCNT-0458025,,,,False,5.692,
OCNT-0458027,,,,False,1.931,
OCNT-0458074,,,,False,1.941,
OCNT-0458076,,,,False,4.873,
OCNT-0458078,,,,False,5.094,
OCNT-0458184,,,,False,6.858,
OCNT-0458275,,,,False,6.186,
OCNT-0458309,,,,False,4.545,
OCNT-0458336,,,,False,6.149,
OCNT-0458364,,,,False,4.992,
OCNT-0458388,,,,False,5.038,
OCNT-0458390,,,,False,2.815,
OCNT-0458394,,,,False,4.871,
OCNT-0458398,,,,False,4.288,
OCNT-0458408,,,,False,5.449,
OCNT-0458432,,,,False,5.945,
OCNT-0458447,,,,False,6.627,
OCNT-0458448,,,,False,4.886,
OCNT-0458450,,,,False,5.555,
OCNT-0458456,,,,False,5.057,
OCNT-0458458,,,,False,5.414,
OCNT-0458462,,,,False,5.534,
OCNT-0458485,,,,False,5.441,
OCNT-0458500,,,,False,6.405,
OCNT-0458511,,,,False,5.992,
OCNT-0458524,,,,False,5.069,
OCNT-0458549,,,,False,5.805,
OCNT-0458556,,,,False,2.011,
OCNT-0458566,,,,False,4.573,
OCNT-0458586,,,,False,4.932,
OCNT-0458590,,,,False,4.342,
OCNT-0458642,,,,False,6.19,
OCNT-0458648,,,,False,4.16,
OCNT-0458649,,,,False,4.802,
OCNT-0458654,,,,False,5.399,
OCNT-0458656,,,,False,5.209,
OCNT-0458658,,,,False,4.514,
OCNT-0458660,,,,False,6.748,
OCNT-0458661,,,,False,5.251,
OCNT-0458662,,,,False,6.043,
OCNT-0459973,,,,False,4.407,
OCNT-0459975,,,,False,5.575,
OCNT-0460157,,,,False,5.99,
OCNT-0460159,,,,False,5.387,
OCNT-0460161,,,,False,5.222,
OCNT-0460163,,,,False,5.007,
OCNT-0460165,,,,False,5.381,
OCNT-0460167,,,,False,4.338,
OCNT-0460175,,,,False,5.5,
OCNT-0460177,,,,False,4.339,
OCNT-0460185,,,,False,5.565,
OCNT-0460203,,,,False,5.397,
OCNT-0460205,,,,False,5.674,
OCNT-0460207,,,,False,5.623,
OCNT-0460225,,,,False,4.423,
OCNT-0460227,,,,False,4.167,
OCNT-0460287,,,,False,5.345,
OCNT-0460293,,,,False,6.391,
OCNT-0460299,,,,False,3.916,
OCNT-0460301,,,,False,5.15,
OCNT-0460303,,,,False,5.674,
OCNT-0460305,,,,False,4.815,
OCNT-0460307,,,,False,5.439,
OCNT-0460309,,,,False,5.727,
OCNT-0460315,,,,False,5.953,
OCNT-0460317,,,,False,6.492,
OCNT-0460331,,,,False,5.614,
OCNT-0460333,,,,False,3.68,
OCNT-0460335,,,,False,3.792,
OCNT-0460345,,,,False,5.779,
OCNT-0460349,,,,False,5.075,
OCNT-0460353,,,,False,6.6,
OCNT-0460379,,,,False,5.921,
OCNT-0460381,,,,False,5.186,
OCNT-0460385,,,,False,2.556,
OCNT-0460409,,,,False,5.659,
OCNT-0460411,,,,False,5.482,
OCNT-0460413,,,,False,4.58,
OCNT-0460492,,,,False,6.951,
OCNT-0460603,,,,False,4.331,
OCNT-0460612,,,,False,5.128,
OCNT-0460614,,,,False,5.187,
OCNT-0460632,,,,False,5.08,
OCNT-0460634,,,,False,5.966,
OCNT-0460635,,,,False,5.771,
OCNT-0460636,,,,False,3.765,
OCNT-0460639,,,,False,5.463,
OCNT-0460653,,,,False,4.852,
OCNT-0460655,,,,False,4.407,
OCNT-0460657,,,,False,5.699,
OCNT-0460664,,,,False,3.923,
OCNT-0460665,,,,False,5.547,
OCNT-0460669,,,,False,3.292,
OCNT-0460673,,,,False,4.473,
OCNT-0460689,,,,False,6.527,
OCNT-0460691,,,,False,6.876,
OCNT-0460695,,,,False,5.515,
OCNT-0460702,,,,False,4.794,
OCNT-0460704,,,,False,6.404,
OCNT-0460706,,,,False,5.483,
OCNT-0460708,,,,False,5.784,
OCNT-0460710,,,,False,5.87,
OCNT-0460713,,,,False,6.122,
OCNT-0460718,,,,False,2.061,
OCNT-0460745,,,,False,5.998,
OCNT-0460757,,,,False,6.164,
OCNT-0460770,,,,False,6.119,
OCNT-0460775,,,,False,4.091,
OCNT-0460797,,,,False,5.565,
OCNT-0460810,,,,False,5.423,
OCNT-0460815,,,,False,5.625,
OCNT-0460825,,,,False,4.328,
OCNT-0460827,,,,False,5.185,
OCNT-0460829,,,,False,5.701,
OCNT-0460831,,,,False,5.829,
OCNT-0460832,,,,False,5.786,
OCNT-0460859,,,,False,4.889,
OCNT-0460867,,,,False,4.712,
OCNT-0460891,,,,False,4.989,
OCNT-0460895,,,,False,5.992,
OCNT-0460901,,,,False,1.975,
OCNT-0460907,,,,False,5.379,
OCNT-0460909,,,,False,5.32,
OCNT-0461259,,,,False,6.062,
OCNT-0461261,,,,False,4.143,
OCNT-0461263,,,,False,4.04,
OCNT-0461265,,,,False,3.87,
OCNT-0461271,,,,False,5.024,
OCNT-0461289,,,,False,5.016,
OCNT-0461290,,,,False,4.814,
OCNT-0461291,,,,False,4.451,
OCNT-0461293,,,,False,6.284,
OCNT-0461295,,,,False,4.299,
OCNT-0461297,,,,False,4.709,
OCNT-0461299,,,,False,5.819,
OCNT-0461301,,,,False,5.109,
OCNT-0461303,,,,False,6.39,
OCNT-0461319,,,,False,4.546,
OCNT-0461321,,,,False,4.523,
OCNT-0461327,,,,False,4.68,
OCNT-0461353,,,,False,5.224,
OCNT-0461355,,,,False,5.393,
OCNT-0461364,,,,False,4.055,
OCNT-0461371,,,,False,6.594,
OCNT-0461373,,,,False,1.945,
OCNT-0461396,,,,False,5.476,
OCNT-0461397,,,,False,5.9,
OCNT-0461404,,,,False,4.783,
OCNT-0461411,,,,False,6.087,
OCNT-0461413,,,,False,1.971,
OCNT-0461426,,,,False,4.8,
OCNT-0461465,,,,False,5.345,
OCNT-0461469,,,,False,5.876,
OCNT-0461480,,,,False,3.643,
OCNT-0461485,,,,False,5.359,
OCNT-0461487,,,,False,3.644,
OCNT-0461492,,,,False,4.14,
OCNT-0461495,,,,False,6.015,
OCNT-0461497,,,,False,6.254,
OCNT-0461509,,,,False,6.451,
OCNT-0461511,,,,False,5.406,
OCNT-0461513,,,,False,3.98,
OCNT-0461519,,,,False,4.606,
OCNT-0461521,,,,False,6.268,
OCNT-0461538,,,,False,5.174,
OCNT-0461539,,,,False,5.768,
OCNT-0461553,,,,False,6.161,
OCNT-0461556,,,,False,5.5,
OCNT-0461558,,,,False,4.441,
OCNT-0461571,,,,False,6.033,
OCNT-0461577,,,,False,3.956,
OCNT-0461591,,,,False,4.775,
OCNT-0461594,,,,False,2.09,
OCNT-0461611,,,,False,4.21,
OCNT-0461620,,,,False,6.049,
OCNT-0461621,,,,False,5.646,
OCNT-0461622,,,,False,6.754,
OCNT-0461635,,,,False,5.553,
OCNT-0461639,,,,False,4.667,
OCNT-0461640,,,,False,4.251,
OCNT-0461641,,,,False,5.82,
OCNT-0461642,,,,False,4.97,
OCNT-0461644,,,,False,6.272,
OCNT-0461646,,,,False,5.156,
OCNT-0461652,,,,False,5.734,
OCNT-0461654,,,,False,5.499,
OCNT-0461660,,,,False,5.724,
OCNT-0461669,,,,False,3.956,
OCNT-0461674,,,,False,6.11,
OCNT-0461675,,,,False,4.809,
OCNT-0461676,,,,False,6.408,
OCNT-0461677,,,,False,5.225,
OCNT-0461679,,,,False,2.07,
OCNT-0461680,,,,False,5.285,
OCNT-0461681,,,,False,5.677,
OCNT-0461682,,,,False,4.683,
OCNT-0461684,,,,False,5.189,
OCNT-0461685,,,,False,1.994,
OCNT-0461686,,,,False,4.591,
OCNT-0461710,,,,False,5.87,
OCNT-0461714,,,,False,4.619,
OCNT-0461716,,,,False,3.96,
OCNT-0461718,,,,False,5.599,
OCNT-0461724,,,,False,4.809,
OCNT-0461725,,,,False,5.599,
OCNT-0461726,,,,False,6.969,
OCNT-0461728,,,,False,5.152,
OCNT-0461730,,,,False,2.001,
OCNT-0461736,,,,False,2.018,
OCNT-0461738,,,,False,6.875,
OCNT-0461740,,,,False,5.713,
OCNT-0461744,,,,False,5.05,
OCNT-0461748,,,,False,5.469,
OCNT-0461750,,,,False,4.087,
OCNT-0461753,,,,False,6.044,
OCNT-0461755,,,,False,5.231,
OCNT-0461758,,,,False,6.321,
OCNT-0461760,,,,False,6.428,
OCNT-0461763,,,,False,5.545,
OCNT-0461766,,,,False,5.895,
OCNT-0461767,,,,False,6.092,
OCNT-0461770,,,,False,5.535,
OCNT-0461772,,,,False,6.229,
OCNT-0461774,,,,False,4.27,
OCNT-0461788,,,,False,4.473,
OCNT-0461790,,,,False,5.914,
OCNT-0461792,,,,False,5.895,
OCNT-0461794,,,,False,6.39,
OCNT-0461796,,,,False,6.127,
OCNT-0461798,,,,False,6.41,
OCNT-0461808,,,,False,5.892,
OCNT-0461810,,,,False,6.397,
OCNT-0461812,,,,False,5.411,
OCNT-0461813,,,,False,5.2,
OCNT-0461815,,,,False,5.629,
OCNT-0461825,,,,False,6.171,
OCNT-0461834,,,,False,5.148,
OCNT-0461836,,,,False,4.175,
OCNT-0461838,,,,False,5.951,
OCNT-0461839,,,,False,5.226,
OCNT-0461841,,,,False,5.533,
OCNT-0461843,,,,False,4.642,
OCNT-0461847,,,,False,5.361,
OCNT-0461851,,,,False,6.681,
OCNT-0461853,,,,False,1.931,
OCNT-0461855,,,,False,5.759,
OCNT-0461857,,,,False,5.301,
OCNT-0461861,,,,False,6.42,
OCNT-0461863,,,,False,5.384,
OCNT-0461867,,,,False,5.064,
OCNT-0461871,,,,False,5.251,
OCNT-0461873,,,,False,4.733,
OCNT-0461875,,,,False,3.165,
OCNT-0461878,,,,False,5.567,
OCNT-0462528,,,,False,5.157,
OCNT-0462530,,,,False,5.301,
OCNT-0462531,,,,False,4.794,
OCNT-0462535,,,,False,6.684,
OCNT-0462537,,,,False,5.164,
OCNT-0462545,,,,False,5.403,
OCNT-0462546,,,,False,6.868,
OCNT-0462547,,,,False,5.584,
OCNT-0462553,,,,False,5.693,
OCNT-0462555,,,,False,6.559,
OCNT-0462557,,,,False,4.977,
OCNT-0462565,,,,False,5.385,
OCNT-0462570,,,,False,6.423,
OCNT-0462589,,,,False,5.227,
OCNT-0462595,,,,False,5.165,
OCNT-0462596,,,,False,4.625,
OCNT-0462599,,,,False,5.177,
OCNT-0462601,,,,False,5.732,
OCNT-0462603,,,,False,5.544,
OCNT-0462633,,,,False,5.752,
OCNT-0462641,,,,False,4.961,
OCNT-0462643,,,,False,4.953,
OCNT-0462644,,,,False,6.455,
OCNT-0462672,,,,False,6.32,
OCNT-0462676,,,,False,5.561,
OCNT-0462677,,,,False,3.252,
OCNT-0462710,,,,False,5.87,
OCNT-0462732,,,,False,6.172,
OCNT-0462736,,,,False,5.526,
OCNT-0462764,,,,False,2.018,
OCNT-0462783,,,,False,4.882,
OCNT-0462787,,,,False,5.109,
OCNT-0462789,,,,False,5.633,
OCNT-0462791,,,,False,4.011,
OCNT-0462804,,,,False,6.087,
OCNT-0462806,,,,False,4.656,
OCNT-0462809,,,,False,4.458,
OCNT-0462811,,,,False,5.268,
OCNT-0462813,,,,False,5.363,
OCNT-0462815,,,,False,4.73,
OCNT-0462817,,,,False,5.473,
OCNT-0462819,,,,False,5.667,
OCNT-0462821,,,,False,4.66,
OCNT-0462823,,,,False,5.129,
OCNT-0462828,,,,False,5.064,
OCNT-0462830,,,,False,6.695,
OCNT-0462877,,,,False,5.92,
OCNT-0462881,,,,False,5.837,
OCNT-0462890,,,,False,2.041,
OCNT-0462899,,,,False,5.355,
OCNT-0462905,,,,False,5.197,
OCNT-0462907,,,,False,5.78,
OCNT-0462914,,,,False,2.0,
OCNT-0462915,,,,False,5.087,
OCNT-0462917,,,,False,4.942,
OCNT-0462937,,,,False,4.449,
OCNT-0462939,,,,False,5.015,
OCNT-0462941,,,,False,3.767,
OCNT-0462943,,,,False,4.139,
OCNT-0462954,,,,False,5.758,
OCNT-0462960,,,,False,6.548,
OCNT-0462966,,,,False,5.703,
OCNT-0462986,,,,False,6.403,
OCNT-0462988,,,,False,6.126,
OCNT-0462990,,,,False,5.251,
OCNT-0462992,,,,False,6.435,
OCNT-0462994,,,,False,5.721,
OCNT-0463027,,,,False,5.598,
OCNT-0463042,,,,False,3.355,
OCNT-0463068,,,,False,5.568,
OCNT-0463084,,,,False,4.341,
OCNT-0463085,,,,False,6.35,
OCNT-0463087,,,,False,5.665,
OCNT-0463091,,,,False,4.828,
OCNT-0463093,,,,False,4.528,
OCNT-0463109,,,,False,6.655,
OCNT-0463117,,,,False,2.472,
OCNT-0463121,,,,False,5.173,
OCNT-0463132,,,,False,4.596,
OCNT-0463136,,,,False,6.184,
OCNT-0463147,,,,False,6.315,
OCNT-0463159,,,,False,4.091,
OCNT-0463200,,,,False,5.26,
OCNT-0463205,,,,False,5.996,
OCNT-0463240,,,,False,5.905,
OCNT-0463259,,,,False,5.341,
OCNT-0463268,,,,False,6.489,
OCNT-0463282,,,,False,5.616,
OCNT-0463293,,,,False,4.228,
OCNT-0463305,,,,False,6.859,
OCNT-0463306,,,,False,5.552,
OCNT-0463322,,,,False,6.632,
OCNT-0463381,,,,False,5.12,
OCNT-0463418,,,,False,4.469,
OCNT-0463426,,,,False,5.29,
OCNT-0463436,,,,False,5.335,
OCNT-0463446,,,,False,6.108,
OCNT-0463463,,,,False,6.011,
OCNT-0463468,,,,False,6.234,
OCNT-0475000,,,,False,4.483,
OCNT-0475002,,,,False,4.595,
OCNT-0475003,,,,False,4.691,
OCNT-0475004,,,,False,5.37,
OCNT-0475006,,,,False,5.109,
OCNT-0475010,,,,False,5.715,
OCNT-0475034,,,,False,5.293,
OCNT-0475039,,,,False,6.837,
OCNT-0475040,,,,False,4.821,
OCNT-0475042,,,,False,4.956,
OCNT-0475044,,,,False,4.496,
OCNT-0475045,,,,False,1.988,
OCNT-0475046,,,,False,4.917,
OCNT-0475056,,,,False,5.621,
OCNT-0475057,,,,False,4.852,
OCNT-0475064,,,,False,4.529,
OCNT-0475065,,,,False,5.838,
OCNT-0475066,,,,False,4.406,
OCNT-0475068,,,,False,3.815,
OCNT-0475070,,,,False,4.697,
OCNT-0475078,,,,False,4.232,
OCNT-0475081,,,,False,4.882,
OCNT-0475087,,,,False,6.256,
OCNT-0475093,,,,False,4.821,
OCNT-0475098,,,,False,3.927,
OCNT-0475100,,,,False,4.676,
OCNT-0475102,,,,False,3.73,
OCNT-0475103,,,,False,4.616,
OCNT-0475104,,,,False,4.624,
OCNT-0475106,,,,False,4.099,
OCNT-0475108,,,,False,3.446,
OCNT-0475110,,,,False,5.096,
OCNT-0475113,,,,False,5.873,
OCNT-0475115,,,,False,5.985,
OCNT-0475117,,,,False,6.447,
OCNT-0475119,,,,False,5.909,
OCNT-0475124,,,,False,5.726,
OCNT-0475129,,,,False,5.156,
OCNT-0475130,,,,False,4.644,
OCNT-0475132,,,,False,5.211,
OCNT-0475135,,,,False,5.704,
OCNT-0475145,,,,False,6.577,
OCNT-0475148,,,,False,5.897,
OCNT-0475149,,,,False,6.91,
OCNT-0475155,,,,False,6.042,
OCNT-0475157,,,,False,6.619,
OCNT-0475159,,,,False,6.18,
OCNT-0475161,,,,False,6.231,
OCNT-0475163,,,,False,6.083,
OCNT-0475169,,,,False,3.828,
OCNT-0475172,,,,False,2.317,
OCNT-0475174,,,,False,4.805,
OCNT-0475192,,,,False,3.682,
OCNT-0475194,,,,False,5.453,
OCNT-0475196,,,,False,4.371,
OCNT-0475198,,,,False,5.068,
OCNT-0475200,,,,False,6.066,
OCNT-0475202,,,,False,3.96,
OCNT-0475205,,,,False,3.907,
OCNT-0475206,,,,False,4.515,
OCNT-0475209,,,,False,4.972,
OCNT-0475213,,,,False,4.218,
OCNT-0475217,,,,False,5.673,
OCNT-0475219,,,,False,6.124,
OCNT-0475228,,,,False,4.207,
OCNT-0475233,,,,False,5.18,
OCNT-0475236,,,,False,5.583,
OCNT-0475245,,,,False,5.496,
OCNT-0475246,,,,False,7.185,
OCNT-0475247,,,,False,5.439,
OCNT-0475251,,,,False,5.314,
OCNT-0475255,,,,False,3.894,
OCNT-0475259,,,,False,5.94,
OCNT-0475261,,,,False,5.25,
OCNT-0475263,,,,False,6.487,
OCNT-0475264,,,,False,5.271,
OCNT-0475266,,,,False,5.545,
OCNT-0475269,,,,False,5.765,
OCNT-0475270,,,,False,5.322,
OCNT-0475275,,,,False,6.789,
OCNT-0475277,,,,False,6.527,
OCNT-0475283,,,,False,6.056,
OCNT-0475286,,,,False,4.361,
OCNT-0475288,,,,False,5.702,
OCNT-0475292,,,,False,5.161,
OCNT-0475299,,,,False,5.963,
OCNT-0475300,,,,False,5.172,
OCNT-0475305,,,,False,5.409,
OCNT-0475310,,,,False,4.955,
OCNT-0475312,,,,False,4.796,
OCNT-0475318,,,,False,6.363,
OCNT-0476452,,,,False,2.973,2.233
OCNT-0476550,False,6.529,6.337,True,5.528,5.01
OCNT-0476578,False,4.539,4.494,,,
OCNT-0476778,,,,False,2.788,
OCNT-0476804,,,,False,1.937,
OCNT-0477307,,,,False,4.664,
OCNT-0477348,False,5.259,5.106,,,
OCNT-0477587,False,5.213,5.184,,,
OCNT-0478484,False,4.961,4.793,,,
OCNT-0478539,,,,,,
OCNT-0478585,True,5.675,4.754,False,4.208,3.939
OCNT-0478597,,,,False,6.031,
OCNT-0479142,,,,False,5.091,
OCNT-0479153,,,,False,6.448,
OCNT-0479155,,,,False,3.936,
OCNT-0479157,,,,False,4.19,
OCNT-0479161,,,,False,4.623,
OCNT-0479163,,,,False,5.805,
OCNT-0479165,,,,False,6.321,
OCNT-0479172,,,,False,5.338,
OCNT-0479173,,,,False,6.456,
OCNT-0479175,,,,False,5.803,
OCNT-0479179,,,,False,5.81,
OCNT-0479187,,,,False,6.214,
OCNT-0479188,,,,False,6.274,
OCNT-0479190,,,,False,5.524,
OCNT-0479194,,,,False,6.224,
OCNT-0479195,,,,False,4.794,
OCNT-0479203,,,,False,5.771,
OCNT-0479211,,,,False,6.368,
OCNT-0479220,,,,False,5.45,
OCNT-0479222,,,,False,5.191,
OCNT-0479224,,,,False,5.168,
OCNT-0479226,,,,False,5.551,
OCNT-0479228,,,,False,5.105,
OCNT-0479230,,,,False,4.911,
OCNT-0479232,,,,False,5.368,
OCNT-0479233,,,,False,5.846,
OCNT-0479239,,,,False,5.688,
OCNT-0479245,,,,False,6.338,
OCNT-0479247,,,,False,5.998,
OCNT-0479249,,,,False,6.118,
OCNT-0479251,,,,False,6.112,
OCNT-0479252,,,,False,2.257,
OCNT-0479253,,,,False,6.047,
OCNT-0479255,,,,False,6.326,
OCNT-0479257,,,,False,6.138,
OCNT-0479260,,,,False,5.672,
OCNT-0479261,,,,False,5.774,
OCNT-0479263,,,,False,5.631,
OCNT-0479265,,,,False,5.266,
OCNT-0479268,,,,False,5.707,
OCNT-0479274,,,,False,6.512,
OCNT-0479276,,,,False,7.048,
OCNT-0479278,,,,False,6.701,
OCNT-0479280,,,,False,6.69,
OCNT-0479283,,,,False,6.05,
OCNT-0479284,,,,False,4.533,
OCNT-0479285,,,,False,6.053,
OCNT-0479287,,,,False,6.282,
OCNT-0479288,,,,False,6.157,
OCNT-0479293,,,,False,5.78,
OCNT-0479300,,,,False,6.302,
OCNT-0479302,,,,False,6.568,
OCNT-0479304,,,,False,6.589,
OCNT-0479306,,,,False,6.557,
OCNT-0479308,,,,False,6.68,
OCNT-0479318,,,,False,5.366,
OCNT-0479322,,,,False,5.402,
OCNT-0479328,,,,False,5.73,
OCNT-0479338,,,,False,6.204,
OCNT-0479344,,,,False,5.924,
OCNT-0479351,,,,False,5.951,
OCNT-0479361,,,,False,5.873,
OCNT-0479364,,,,False,6.155,
OCNT-0479366,,,,False,5.878,
OCNT-0479368,,,,False,5.604,
OCNT-0479370,,,,False,6.114,
OCNT-0479372,,,,False,5.801,
OCNT-0479376,,,,False,6.261,
OCNT-0479377,,,,False,6.165,
OCNT-0479379,,,,False,5.855,
OCNT-0479383,,,,False,5.034,
OCNT-0479384,,,,False,5.694,
OCNT-0479385,,,,False,5.258,
OCNT-0479389,,,,False,5.707,
OCNT-0479390,,,,False,6.059,
OCNT-0479391,,,,False,5.81,
OCNT-0479393,,,,False,5.307,
OCNT-0479397,,,,False,5.163,
OCNT-0479399,,,,False,5.701,
OCNT-0479401,,,,False,6.093,
OCNT-0479403,,,,False,5.212,
OCNT-0479405,,,,False,5.243,
OCNT-0479407,,,,False,5.919,
OCNT-0479409,,,,False,5.609,
OCNT-0479411,,,,False,5.234,
OCNT-0479413,,,,False,5.897,
OCNT-0479427,,,,False,5.497,
OCNT-0479429,,,,False,5.951,
OCNT-0479433,,,,False,4.891,
OCNT-0479435,,,,False,5.166,
OCNT-0479437,,,,False,6.268,
OCNT-0479442,,,,False,5.881,
OCNT-0479444,,,,False,5.457,
OCNT-0479446,,,,False,5.992,
OCNT-0479448,,,,False,5.504,
OCNT-0479450,,,,False,6.339,
OCNT-0479466,,,,False,5.931,
OCNT-0479472,,,,False,6.238,
OCNT-0479496,,,,False,5.207,
OCNT-0479499,,,,False,5.992,
OCNT-0479500,,,,False,6.164,
OCNT-0479501,,,,False,6.294,
OCNT-0479503,,,,False,6.411,
OCNT-0479523,,,,False,5.04,
OCNT-0479525,,,,False,6.246,
OCNT-0479527,,,,False,6.087,
OCNT-0479564,,,,False,4.388,
OCNT-0479583,,,,False,6.126,
OCNT-0479585,,,,False,5.085,
OCNT-0479588,,,,False,5.802,
OCNT-0479598,,,,False,5.437,
OCNT-0479600,,,,False,5.785,
OCNT-0479603,,,,False,5.106,
OCNT-0479605,,,,False,5.008,
OCNT-0479613,,,,False,5.712,
OCNT-0479618,,,,False,5.815,
OCNT-0479622,,,,False,6.01,
OCNT-0479624,,,,False,6.302,
OCNT-0479677,,,,False,6.523,
OCNT-0479685,,,,False,6.284,
OCNT-0479687,,,,False,5.498,
OCNT-0479689,,,,False,5.463,
OCNT-0479693,,,,False,6.359,
OCNT-0479715,,,,False,6.277,
OCNT-0479717,,,,False,5.066,
OCNT-0479721,,,,False,7.207,
OCNT-0479723,,,,False,5.688,
OCNT-0479725,,,,False,5.553,
OCNT-0479727,,,,False,5.44,
OCNT-0479749,,,,False,5.942,
OCNT-0479751,,,,False,6.409,
OCNT-0479757,,,,False,5.842,
OCNT-0479771,,,,False,6.499,
OCNT-0480057,,,,False,5.454,
OCNT-0481618,,,,False,2.847,2.275
OCNT-0481714,,,,False,6.028,
OCNT-0481724,,,,False,5.272,
OCNT-0481739,,,,False,4.604,
OCNT-0481795,,,,False,6.816,
OCNT-0481805,,,,False,4.521,
OCNT-0481962,,,,False,5.844,
OCNT-0482018,,,,False,6.005,
OCNT-0482020,,,,False,5.886,
OCNT-0482022,,,,False,5.518,
OCNT-0482024,,,,False,5.591,
OCNT-0482026,,,,False,6.147,
OCNT-0482030,,,,False,5.529,
OCNT-0482032,,,,False,5.529,
OCNT-0482050,,,,False,5.17,
OCNT-0482052,,,,False,3.828,
OCNT-0482054,,,,False,6.763,
OCNT-0482056,,,,False,5.534,
OCNT-0482072,,,,False,5.067,
OCNT-0482076,,,,False,5.089,
OCNT-0482080,,,,False,4.705,
OCNT-0482082,,,,False,5.778,
OCNT-0482086,,,,False,5.783,
OCNT-0482088,,,,False,6.027,
OCNT-0482092,,,,False,5.281,
OCNT-0482094,,,,False,5.514,
OCNT-0482096,,,,False,6.306,
OCNT-0482106,,,,False,5.1,
OCNT-0482114,,,,False,6.439,
OCNT-0482116,,,,False,6.351,
OCNT-0482118,,,,False,4.974,
OCNT-0482120,,,,False,5.998,
OCNT-0482122,,,,False,6.086,
OCNT-0482126,,,,False,5.81,
OCNT-0482146,,,,False,6.456,
OCNT-0482148,,,,False,6.301,
OCNT-0482156,,,,False,6.426,
OCNT-0482160,,,,False,5.957,
OCNT-0482176,,,,False,6.218,
OCNT-0482180,,,,False,6.635,
OCNT-0482206,,,,False,5.087,
OCNT-0482212,,,,False,6.227,
OCNT-0482222,,,,False,6.881,
OCNT-0482228,,,,False,4.903,
OCNT-0482242,,,,False,5.953,
OCNT-0482260,,,,False,4.678,
OCNT-0482272,,,,False,5.84,
OCNT-0482276,,,,False,5.824,
OCNT-0482286,,,,False,5.849,
OCNT-0482292,,,,False,5.909,
OCNT-0482294,,,,False,6.233,
OCNT-0482298,,,,False,5.808,
OCNT-0482300,,,,False,6.084,
OCNT-0482302,,,,False,6.069,
OCNT-0482304,,,,False,5.258,
OCNT-0482324,,,,False,6.197,
OCNT-0482326,,,,False,6.311,
OCNT-0482328,,,,False,5.344,
OCNT-0482330,,,,False,6.098,
OCNT-0482332,,,,False,6.276,
OCNT-0482334,,,,False,6.334,
OCNT-0482336,,,,False,5.822,
OCNT-0482364,,,,False,5.507,
OCNT-0482368,,,,False,6.389,
OCNT-0482383,,,,False,3.789,
OCNT-0482388,,,,False,5.375,
OCNT-0482389,,,,False,4.916,
OCNT-0482390,,,,False,6.197,
OCNT-0482391,,,,False,5.213,
OCNT-0482392,,,,False,5.312,
OCNT-0482403,,,,False,5.472,
OCNT-0482405,,,,False,5.08,
OCNT-0482437,,,,False,6.41,
OCNT-0482457,,,,False,6.661,
OCNT-0482484,,,,False,5.493,
OCNT-0482490,,,,False,4.9,
OCNT-0482497,,,,False,6.118,
OCNT-0482513,,,,False,6.883,
OCNT-0482520,,,,False,5.84,
OCNT-0482531,,,,False,4.705,
OCNT-0482532,,,,False,6.251,
OCNT-0482548,,,,False,6.045,
OCNT-0482553,,,,False,6.288,
OCNT-0482556,,,,False,4.681,
OCNT-0482557,,,,False,6.082,
OCNT-0482558,,,,False,5.694,
OCNT-0482560,,,,False,4.994,
OCNT-0482578,,,,False,4.697,
OCNT-0482580,,,,False,5.117,
OCNT-0482582,,,,False,4.885,
OCNT-0482584,,,,False,4.969,
OCNT-0482586,,,,False,5.191,
OCNT-0482588,,,,False,4.742,
OCNT-0482596,,,,False,6.786,
OCNT-0483290,,,,,,
OCNT-0483502,False,4.564,4.44,,,
OCNT-0483505,False,4.712,4.495,,,
OCNT-0483873,,,,False,2.985,
OCNT-0492202,,,,False,4.456,4.441
OCNT-0492977,,,,True,5.769,4.703
OCNT-0493312,False,3.757,2.277,,,
OCNT-0493346,,,,False,2.51,3.022
OCNT-0493664,False,5.077,4.996,False,2.017,2.214
OCNT-0493764,False,5.127,5.112,,,
OCNT-0493767,,,,False,4.832,4.766
OCNT-0493792,,,,,,
OCNT-0493842,,,,,,
OCNT-0493904,,,,,,
OCNT-0493917,,,,False,3.9,
OCNT-0493920,,,,False,5.259,
OCNT-0493927,False,2.877,2.132,,,
OCNT-0493928,,,,False,5.694,
OCNT-0493933,,,,False,5.929,
OCNT-0493938,,,,False,5.722,
OCNT-0493940,False,5.227,5.282,False,3.669,
OCNT-0493944,,,,False,4.007,
OCNT-0493949,,,,False,4.641,
OCNT-0493951,,,,,,
OCNT-0493954,,,,False,3.93,
OCNT-0493958,,,,False,5.456,
OCNT-0493961,,,,False,6.347,
OCNT-0493966,,,,False,4.475,
OCNT-0493970,,,,False,5.476,
OCNT-0493971,,,,False,4.947,
OCNT-0493974,,,,False,6.152,
OCNT-0493978,,,,False,2.227,
OCNT-0493982,,,,False,5.146,
OCNT-0493985,,,,False,5.873,
OCNT-0493988,,,,False,3.171,
OCNT-0493990,False,4.713,4.768,False,5.664,
OCNT-0493997,,,,False,4.736,
OCNT-0494001,,,,False,5.262,
OCNT-0494005,,,,False,5.259,
OCNT-0494012,,,,,,
OCNT-0494021,,,,False,4.249,
OCNT-0494023,False,4.422,4.174,True,5.19,4.842
OCNT-0494025,,,,False,5.425,
OCNT-0494038,,,,False,6.21,
OCNT-0494040,,,,False,5.578,
OCNT-0494041,,,,False,5.507,
OCNT-0494048,,,,False,5.924,
OCNT-0494056,,,,False,5.721,
OCNT-0494076,,,,False,6.228,
OCNT-0494077,,,,False,6.386,
OCNT-0494078,,,,False,2.335,
OCNT-0494083,,,,False,5.033,
OCNT-0494084,,,,,,
OCNT-0494103,,,,False,2.085,
OCNT-0494105,,,,False,5.077,4.824
OCNT-0494106,,,,False,4.34,
OCNT-0494109,,,,False,4.871,
OCNT-0494110,,,,False,5.349,5.38
OCNT-0494125,,,,False,2.707,
OCNT-0494126,,,,False,5.056,
OCNT-0494130,,,,False,5.018,
OCNT-0494134,,,,False,4.525,
OCNT-0494135,,,,False,4.981,
OCNT-0494136,,,,False,5.415,
OCNT-0494138,,,,False,3.822,
OCNT-0494139,True,5.163,4.412,,,
OCNT-0494141,,,,False,1.987,
OCNT-0494142,,,,False,4.692,
OCNT-0494150,,,,False,5.07,
OCNT-0494151,,,,False,4.876,
OCNT-0494154,,,,False,6.302,
OCNT-0494156,,,,False,5.158,
OCNT-0494158,,,,False,4.874,
OCNT-0494160,,,,,,
OCNT-0494161,False,5.079,4.907,False,4.638,
OCNT-0494162,,,,,,
OCNT-0494164,,,,,,
OCNT-0494165,,,,False,4.534,
OCNT-0494166,False,4.735,4.56,,,
OCNT-0494173,,,,False,5.532,
OCNT-0494176,,,,False,5.65,
OCNT-0494192,,,,False,5.247,
OCNT-0494193,,,,False,3.93,
OCNT-0494195,,,,False,3.66,3.684
OCNT-0494197,,,,False,3.067,
OCNT-0494198,,,,False,5.744,
OCNT-0494205,,,,,,
OCNT-0494209,,,,False,5.327,
OCNT-0494212,,,,False,5.049,
OCNT-0494220,,,,False,5.59,
OCNT-0494222,,,,False,5.707,
OCNT-0494638,,,,,,
OCNT-0494698,,,,,,
OCNT-0494717,,,,False,2.474,2.161
OCNT-0494811,True,5.019,4.704,,,
OCNT-0495039,,,,False,3.348,2.402
OCNT-0495153,False,5.705,5.689,False,5.716,5.558
OCNT-0495157,,,,False,4.03,3.443
OCNT-0495189,,,,False,2.275,2.114
OCNT-0495216,False,4.96,4.813,False,5.043,4.835
OCNT-0495275,,,,True,6.114,5.422
OCNT-0495277,,,,,,
OCNT-0495303,,,,,,
OCNT-0495340,True,5.276,4.375,,,
OCNT-0495493,False,4.679,4.522,,,
OCNT-0495620,True,5.005,4.702,,,
OCNT-0495682,,,,,,
OCNT-0495765,,,,False,5.734,
OCNT-0495768,,,,False,4.837,
OCNT-0495774,,,,False,6.254,
OCNT-0495778,,,,False,5.153,
OCNT-0495787,,,,False,2.211,
OCNT-0495788,,,,False,5.072,
OCNT-0495792,,,,False,5.84,
OCNT-0495794,,,,False,4.971,
OCNT-0495796,,,,False,5.503,
OCNT-0495800,,,,False,4.866,
OCNT-0495801,,,,False,6.058,
OCNT-0495807,,,,False,5.75,
OCNT-0495815,,,,False,5.166,
OCNT-0495819,,,,False,5.024,
OCNT-0495821,,,,False,6.352,
OCNT-0495824,,,,False,5.784,
OCNT-0495825,,,,False,5.267,
OCNT-0495826,,,,False,5.775,
OCNT-0495828,,,,False,5.52,
OCNT-0495830,,,,False,6.131,
OCNT-0495833,,,,False,5.056,
OCNT-0495835,,,,False,5.189,
OCNT-0495846,,,,False,5.263,
OCNT-0495848,,,,False,2.77,
OCNT-0495855,,,,False,5.391,
OCNT-0495857,,,,False,6.246,
OCNT-0495858,,,,False,5.328,
OCNT-0495871,,,,False,4.645,
OCNT-0495873,,,,False,4.818,
OCNT-0495877,,,,False,5.796,
OCNT-0495880,,,,False,5.374,
OCNT-0495892,,,,False,5.8,
OCNT-0495904,,,,False,5.969,
OCNT-0495907,,,,False,5.215,
OCNT-0495908,,,,False,4.987,
OCNT-0495913,,,,False,1.99,
OCNT-0495926,,,,False,5.807,
OCNT-0495942,,,,False,3.506,
OCNT-0495943,,,,False,5.807,
OCNT-0495950,,,,False,5.723,
OCNT-0495951,,,,False,4.92,
OCNT-0495955,,,,False,5.736,
OCNT-0495960,,,,False,4.977,
OCNT-0495982,,,,False,5.137,
OCNT-0495989,,,,False,5.726,
OCNT-0495995,,,,False,6.127,
OCNT-0495999,,,,False,5.574,
OCNT-0496002,,,,False,6.47,
OCNT-0496006,,,,False,5.257,
OCNT-0496015,,,,False,3.91,
OCNT-0496019,,,,False,2.857,
OCNT-0496032,,,,False,4.203,
OCNT-0496035,,,,False,6.001,
OCNT-0496041,,,,False,6.954,
OCNT-0496043,,,,False,2.299,
OCNT-0496045,,,,False,2.179,
OCNT-0496415,False,4.45,4.259,,,
OCNT-0496475,False,5.446,5.265,,,
OCNT-0496647,True,5.354,5.042,,,
OCNT-0497308,,,,False,6.556,
OCNT-0497311,,,,False,4.923,
OCNT-0497323,,,,False,5.752,
OCNT-0497327,,,,False,5.912,
OCNT-0497333,,,,False,3.441,
OCNT-0497334,,,,False,5.425,
OCNT-0497336,,,,False,5.738,
OCNT-0497339,,,,False,5.748,
OCNT-0497342,,,,False,5.07,
OCNT-0497343,,,,False,6.237,
OCNT-0497344,,,,False,5.967,
OCNT-0497347,,,,False,5.628,
OCNT-0497352,,,,False,5.299,
OCNT-0497353,,,,False,5.832,
OCNT-0497354,,,,False,5.074,
OCNT-0497356,,,,False,7.542,
OCNT-0497363,,,,False,6.384,
OCNT-0497366,,,,False,5.146,
OCNT-0497367,,,,False,4.882,
OCNT-0497368,,,,False,6.143,
OCNT-0497370,,,,False,6.388,
OCNT-0497382,,,,False,7.029,
OCNT-0497383,,,,False,6.158,
OCNT-0497387,,,,False,4.882,
OCNT-0497389,,,,False,6.056,
OCNT-0497393,,,,False,5.908,
OCNT-0497397,,,,False,5.917,
OCNT-0497409,,,,False,5.067,
OCNT-0497415,,,,False,5.21,
OCNT-0497418,,,,False,6.506,
OCNT-0497420,,,,False,2.726,
OCNT-0497421,,,,False,5.945,
OCNT-0497422,,,,False,5.879,
OCNT-0497430,,,,False,2.176,
OCNT-0497436,,,,False,4.369,
OCNT-0497443,,,,False,4.725,
OCNT-0497446,,,,False,5.66,
OCNT-0497451,,,,False,4.663,
OCNT-0497452,,,,False,5.883,
OCNT-0497455,,,,False,5.851,
OCNT-0497460,,,,False,5.056,
OCNT-0497464,,,,False,5.711,
OCNT-0497465,,,,False,5.753,
OCNT-0497469,,,,False,5.765,
OCNT-0497470,,,,False,4.284,
OCNT-0497471,,,,False,6.027,
OCNT-0497478,,,,False,5.272,
OCNT-0497485,,,,False,5.842,
OCNT-0497487,,,,False,6.253,
OCNT-0497490,,,,False,7.231,
OCNT-0497497,,,,False,4.869,
OCNT-0497498,,,,False,6.454,
OCNT-0497499,,,,False,5.404,
OCNT-0497501,,,,False,5.947,
OCNT-0497504,,,,False,5.807,
OCNT-0497508,,,,False,2.919,
OCNT-0497510,,,,False,5.008,
OCNT-0497512,,,,False,5.097,
OCNT-0497513,,,,False,6.331,
OCNT-0497514,,,,False,3.856,
OCNT-0497518,,,,False,3.242,
OCNT-0497528,,,,False,4.215,
OCNT-0497533,,,,False,5.484,
OCNT-0497537,,,,False,5.8,
OCNT-0497545,,,,False,3.835,
OCNT-0497549,,,,False,5.517,
OCNT-0497551,,,,False,5.197,
OCNT-0497557,,,,False,4.599,
OCNT-0497562,,,,False,6.116,
OCNT-0497566,,,,False,5.284,
OCNT-0497573,,,,False,5.507,
OCNT-0497577,,,,False,3.05,
OCNT-0497581,,,,False,4.63,
OCNT-0497584,,,,False,5.716,
OCNT-0497588,,,,False,5.44,
OCNT-0497603,,,,False,5.724,
OCNT-0497605,,,,False,5.845,
OCNT-0497608,,,,False,6.331,
OCNT-0497719,False,3.949,2.393,,,
OCNT-0497724,,,,False,5.442,5.28
OCNT-0497798,,,,False,4.22,4.006
OCNT-0497847,,,,,,
OCNT-0497901,,,,True,5.001,4.412
OCNT-0497926,,,,,,
OCNT-0497930,,,,False,3.578,
OCNT-0497933,,,,False,3.86,
OCNT-0497934,,,,True,6.032,5.491
OCNT-0497938,,,,False,5.741,
OCNT-0497939,,,,False,3.451,
OCNT-0497941,,,,False,4.905,
OCNT-0497944,,,,False,5.357,
OCNT-0497946,,,,,,
OCNT-0497951,,,,False,4.689,
OCNT-0497954,False,5.053,4.806,False,4.342,4.323
OCNT-0497961,,,,False,2.634,
OCNT-0497964,,,,False,5.175,
OCNT-0497967,,,,False,2.8,
OCNT-0497975,,,,False,3.781,
OCNT-0497977,,,,False,1.957,
OCNT-0497979,False,6.55,6.411,False,2.798,
OCNT-0497983,,,,False,4.023,3.801
OCNT-0497986,False,5.198,5.001,,,
OCNT-0497989,,,,False,5.867,5.681
OCNT-0497991,,,,False,3.653,
OCNT-0497994,False,3.78,2.585,False,5.932,5.757
OCNT-0497995,,,,False,5.489,
OCNT-0497997,,,,False,4.749,
OCNT-0497998,,,,False,1.935,
OCNT-0498000,,,,False,1.901,
OCNT-0498002,,,,False,4.758,
OCNT-0498003,,,,False,5.053,
OCNT-0498011,,,,False,3.833,
OCNT-0498014,,,,,,
OCNT-0498016,,,,False,5.443,
OCNT-0498018,,,,False,6.16,
OCNT-0498019,,,,False,4.512,
OCNT-0498020,,,,False,5.052,
OCNT-0498026,,,,False,5.453,
OCNT-0498028,,,,False,5.137,
OCNT-0498030,True,4.752,4.283,True,5.471,5.025
OCNT-0498031,,,,False,5.133,
OCNT-0498036,,,,False,2.057,2.325
OCNT-0498041,,,,False,3.542,
OCNT-0498042,,,,False,3.754,3.533
OCNT-0498044,,,,False,4.165,
OCNT-0498047,,,,False,1.925,
OCNT-0498050,,,,False,3.356,
OCNT-0498051,,,,False,4.193,
OCNT-0498056,,,,False,5.543,
OCNT-0498060,,,,False,2.649,
OCNT-0498061,,,,False,3.632,
OCNT-0498064,,,,True,5.317,4.989
OCNT-0498067,False,4.549,4.252,,,
OCNT-0498074,,,,False,3.843,
OCNT-0498084,,,,False,3.836,
OCNT-0498090,,,,,,
OCNT-0498098,,,,False,5.359,
OCNT-0498099,,,,False,4.388,
OCNT-0498102,,,,False,5.583,
OCNT-0498107,,,,False,6.439,
OCNT-0498109,,,,False,5.005,
OCNT-0498111,,,,False,6.184,
OCNT-0498112,,,,False,5.064,
OCNT-0498121,,,,False,3.719,2.104
OCNT-0498123,,,,False,4.294,
OCNT-0498125,,,,,,
OCNT-0498126,,,,,,
OCNT-0498127,,,,False,3.654,3.688
OCNT-0498133,,,,False,2.058,
OCNT-0498134,,,,False,4.41,
OCNT-0498137,,,,False,6.519,
OCNT-0498138,,,,False,4.544,
OCNT-0498139,,,,False,5.291,
OCNT-0498143,,,,False,5.18,
OCNT-0498144,,,,False,4.292,
OCNT-0498147,,,,False,2.66,
OCNT-0498150,,,,False,2.965,
OCNT-0498154,,,,False,4.37,
OCNT-0498155,,,,False,4.052,
OCNT-0498160,,,,,,
OCNT-0498161,,,,False,4.788,
OCNT-0498162,,,,False,4.776,
OCNT-0498165,,,,False,5.169,
OCNT-0498171,,,,False,5.608,
OCNT-0498173,,,,False,6.568,
OCNT-0498176,,,,False,3.915,
OCNT-0498178,,,,False,4.902,
OCNT-0498182,,,,False,5.027,
OCNT-0498184,,,,False,2.556,
OCNT-0498185,,,,False,4.123,
OCNT-0498193,,,,False,5.69,
OCNT-0498194,,,,False,1.98,
OCNT-0498195,,,,False,6.554,
OCNT-0498203,,,,False,5.993,
OCNT-0498430,,,,,,
OCNT-0713834,False,1.992,2.016,False,5.616,5.417
OCNT-0713835,True,4.792,4.472,,,
OCNT-1083122,,,,,,
OCNT-1411118,False,4.679,4.528,,,
OCNT-1685194,,,,False,4.337,4.278
OCNT-1755345,,,,False,5.199,5.005
OCNT-1755349,,,,,,
OCNT-1871132,,,,False,2.766,2.367
OCNT-1893991,True,5.409,5.078,,,
OCNT-1893994,False,4.267,4.072,,,
OCNT-1893998,True,4.926,4.306,,,
OCNT-1911794,False,7.597,7.466,,,
OCNT-1911799,True,5.492,4.377,,,
OCNT-1911800,False,6.052,5.785,,,
OCNT-1965886,,,,False,2.288,1.922
OCNT-1965934,False,5.589,5.505,,,
OCNT-1965960,,,,,,
OCNT-2077048,True,5.48,5.006,,,
OCNT-2127780,False,4.954,4.79,,,
OCNT-2308460,,,,True,5.454,4.77
OCNT-2308462,,,,True,5.417,4.514
OCNT-2308464,,,,True,5.269,4.553
OCNT-2308465,,,,,,
OCNT-2308466,True,4.594,2.83,,,
OCNT-2308468,,,,,,
OCNT-2308470,,,,True,6.084,5.643
OCNT-2308473,,,,False,3.457,3.365
OCNT-2308474,,,,,,
OCNT-2308475,,,,True,6.696,5.86
OCNT-2308476,,,,,,
OCNT-2308478,False,5.064,4.977,,,
OCNT-2308479,,,,False,3.774,3.654
OCNT-2308483,False,2.641,2.082,,,
OCNT-2308492,,,,True,5.367,4.837
OCNT-2308494,,,,False,4.494,4.332
OCNT-2308499,False,4.816,4.562,,,
OCNT-2308501,,,,False,3.727,3.177
OCNT-2308502,,,,False,3.562,3.234
OCNT-2308504,,,,True,4.689,4.163
OCNT-2308506,,,,,,
OCNT-2308508,,,,,,
OCNT-2308510,,,,,,
OCNT-2308511,,,,False,1.965,1.983
OCNT-2308512,,,,True,4.789,4.405
OCNT-2308515,,,,,,
OCNT-2308519,True,4.351,3.385,,,
OCNT-2308520,False,5.029,5.012,,,
OCNT-2308522,,,,,,
OCNT-2308523,False,4.651,4.375,,,
OCNT-2308526,True,5.023,4.701,,,
OCNT-2308529,,,,,,
OCNT-2308531,,,,False,5.144,4.959
OCNT-2308536,,,,,,
OCNT-2308537,False,4.578,4.533,False,4.284,3.689
OCNT-2308539,,,,,,
OCNT-2308543,False,5.079,4.798,,,
OCNT-2308546,False,4.835,4.679,,,
OCNT-2308550,,,,True,5.23,4.217
OCNT-2308553,,,,,,
OCNT-2308554,,,,,,
OCNT-2308556,,,,False,3.036,2.432
OCNT-2308557,,,,False,3.724,3.099
OCNT-2308560,,,,False,4.817,4.552
OCNT-2308562,,,,False,4.097,3.698
OCNT-2308571,False,4.6,4.36,,,
OCNT-2308576,,,,True,5.11,4.778
OCNT-2308578,,,,,,
OCNT-2308583,,,,False,4.958,4.884
OCNT-2308584,,,,False,5.449,5.529
OCNT-2308585,,,,,,
OCNT-2308588,False,5.726,5.612,True,5.022,4.594
OCNT-2308589,False,2.144,2.079,,,
OCNT-2308592,,,,False,3.921,2.868
OCNT-2308594,,,,,,
OCNT-2308597,,,,,,
OCNT-2308599,False,3.281,2.025,,,
OCNT-2308600,,,,,,
OCNT-2308601,,,,False,4.879,4.686
OCNT-2308603,False,7.054,6.913,,,
OCNT-2308604,,,,True,4.523,3.902
OCNT-2308605,,,,,,
OCNT-2308609,False,5.011,4.796,,,
OCNT-2308610,False,5.437,5.157,,,
OCNT-2308613,,,,,,
OCNT-2308614,,,,False,3.376,2.01
OCNT-2308619,,,,,,
OCNT-2308624,False,4.628,4.533,,,
OCNT-2308626,,,,,,
OCNT-2308630,False,4.274,3.826,,,
OCNT-2308632,,,,,,
OCNT-2308635,,,,,,
OCNT-2308638,True,5.883,4.741,,,
OCNT-2308640,False,5.968,5.671,,,
OCNT-2308641,False,4.804,4.557,,,
OCNT-2308645,,,,False,4.286,3.982
OCNT-2308646,,,,True,5.987,5.498
OCNT-2308647,True,4.845,4.292,,,
OCNT-2308649,,,,False,5.588,5.569
OCNT-2308656,,,,False,3.5,3.468
OCNT-2308660,False,4.759,4.825,,,
OCNT-2308661,False,4.511,4.338,,,
OCNT-2308664,,,,False,1.989,1.984
OCNT-2308666,False,4.409,4.223,,,
OCNT-2308667,,,,False,3.787,2.715
OCNT-2308674,,,,True,5.474,5.076
OCNT-2308676,False,5.062,4.946,,,
OCNT-2308680,,,,True,5.133,4.578
OCNT-2308682,True,4.303,2.714,,,
OCNT-2308683,True,4.912,4.458,,,
OCNT-2308684,True,5.101,4.679,False,5.767,5.64
OCNT-2308687,,,,True,5.497,4.541
OCNT-2308689,,,,True,4.853,3.718
OCNT-2308690,,,,False,2.107,2.206
OCNT-2308693,,,,,,
OCNT-2308695,,,,False,2.546,2.528
OCNT-2308698,,,,True,6.249,5.586
OCNT-2308706,,,,,,
OCNT-2308707,,,,,,
OCNT-2308709,,,,,,
OCNT-2308710,False,4.514,4.343,,,
OCNT-2308711,,,,False,4.037,3.761
OCNT-2308715,,,,True,5.166,4.636
OCNT-2308723,,,,True,6.061,5.5
OCNT-2308724,True,5.158,4.684,,,
OCNT-2308733,,,,,,
OCNT-2308739,,,,True,5.723,5.172
OCNT-2308740,,,,,,
OCNT-2308744,,,,True,5.033,4.488
OCNT-2308747,,,,,,
OCNT-2308748,,,,True,5.146,4.796
OCNT-2308752,False,4.76,4.618,,,
OCNT-2308758,,,,,,
OCNT-2308759,,,,True,6.203,5.647
OCNT-2308760,,,,True,5.408,4.543
OCNT-2308762,,,,,,
OCNT-2308763,,,,,,
OCNT-2308765,,,,,,
OCNT-2308766,False,4.988,4.828,,,
OCNT-2308768,,,,,,
OCNT-2308772,,,,,,
OCNT-2308773,,,,False,4.55,4.312
OCNT-2308774,False,2.069,2.001,,,
OCNT-2308775,False,4.973,4.905,,,
OCNT-2308782,False,5.911,5.809,,,
OCNT-2308783,,,,False,4.752,4.47
OCNT-2308786,,,,,,
OCNT-2308794,False,5.416,5.388,,,
OCNT-2308798,False,4.512,4.283,True,4.367,3.846
OCNT-2308800,False,5.007,4.808,,,
OCNT-2308803,,,,,,
OCNT-2308808,,,,,,
OCNT-2308810,True,4.38,3.132,,,
OCNT-2308811,,,,False,3.671,3.607
OCNT-2308814,,,,False,4.29,3.467
OCNT-2308817,,,,False,5.029,4.765
OCNT-2308818,False,7.16,6.943,,,
OCNT-2308821,,,,,,
OCNT-2308822,,,,False,3.585,2.898
OCNT-2308829,,,,,,
OCNT-2308832,True,5.128,3.921,,,
OCNT-2308837,False,5.677,5.778,,,
OCNT-2308838,,,,False,4.134,3.325
OCNT-2308839,False,4.285,2.445,,,
OCNT-2308840,,,,False,3.827,3.061
OCNT-2308842,,,,,,
OCNT-2308847,,,,True,4.388,3.789
OCNT-2308850,,,,True,5.084,4.55
OCNT-2308851,False,5.112,4.957,,,
OCNT-2308852,,,,False,4.782,4.74
OCNT-2308854,False,5.049,4.816,,,
OCNT-2308855,,,,False,3.222,3.119
OCNT-2308857,,,,False,5.456,5.197
OCNT-2308858,False,4.877,4.673,,,
OCNT-2308859,,,,,,
OCNT-2308860,,,,True,4.327,3.621
OCNT-2308864,False,4.448,4.388,,,
OCNT-2308865,,,,,,
OCNT-2308866,,,,,,
OCNT-2308867,,,,,,
OCNT-2308870,,,,,,
OCNT-2308871,,,,,,
OCNT-2308872,False,4.995,4.704,,,
OCNT-2308873,,,,True,4.441,4.076
OCNT-2308874,,,,False,3.428,2.587
OCNT-2308876,,,,True,4.6,4.283
OCNT-2308879,False,5.021,4.739,,,
OCNT-2308881,,,,,,
OCNT-2308884,,,,False,3.276,2.231
OCNT-2308889,,,,,,
OCNT-2308890,,,,,,
OCNT-2308894,,,,False,2.056,1.964
OCNT-2308896,,,,,,
OCNT-2308899,False,4.637,4.398,,,
OCNT-2308900,,,,,,
OCNT-2308903,False,6.173,6.056,,,
OCNT-2308905,,,,,,
OCNT-2308908,,,,,,
OCNT-2308914,,,,,,
OCNT-2308915,False,5.81,5.561,,,
OCNT-2308918,,,,,,
OCNT-2308924,False,3.078,2.045,,,
OCNT-2308925,,,,,,
OCNT-2308929,,,,,,
OCNT-2308938,,,,False,3.728,3.691
OCNT-2308941,False,4.282,2.197,,,
OCNT-2308944,,,,,,
OCNT-2308945,True,4.393,2.707,,,
OCNT-2308947,,,,,,
OCNT-2308949,,,,,,
OCNT-2308951,,,,False,4.061,3.48
OCNT-2308952,False,4.785,4.806,,,
OCNT-2308953,,,,False,3.83,3.294
OCNT-2308954,False,4.852,4.597,,,
OCNT-2308958,,,,,,
OCNT-2308961,,,,,,
OCNT-2308964,,,,False,5.011,4.79
OCNT-2308965,,,,False,2.31,2.054
OCNT-2308967,,,,True,5.315,4.808
OCNT-2308968,False,5.226,5.033,,,
OCNT-2308971,False,3.903,3.764,,,
OCNT-2308972,,,,False,2.746,3.031
OCNT-2308975,,,,True,4.408,3.796
OCNT-2308982,False,5.283,5.201,True,5.132,4.282
OCNT-2308989,,,,,,
OCNT-2308995,,,,,,
OCNT-2308997,,,,False,5.756,5.47
OCNT-2308998,False,4.056,3.938,,,
OCNT-2309000,False,4.736,4.672,True,4.506,3.737
OCNT-2309001,,,,False,4.178,3.578
OCNT-2309003,False,2.092,2.221,,,
OCNT-2309004,,,,,,
OCNT-2309005,,,,True,4.318,3.867
OCNT-2309012,,,,False,2.211,2.227
OCNT-2309014,False,5.874,5.68,False,4.479,4.337
OCNT-2309016,,,,False,2.24,2.547
OCNT-2309019,,,,False,5.163,4.97
OCNT-2309022,,,,,,
OCNT-2309024,,,,False,2.502,2.18
OCNT-2309025,,,,False,4.015,3.914
OCNT-2309026,,,,,,
OCNT-2309028,,,,False,4.227,3.927
OCNT-2309034,,,,True,5.25,4.882
OCNT-2309038,,,,False,3.341,3.295
OCNT-2309039,,,,True,5.32,4.681
OCNT-2309040,,,,,,
OCNT-2309041,False,4.696,4.622,,,
OCNT-2309042,,,,False,2.962,3.292
OCNT-2309054,,,,True,5.06,4.735
OCNT-2309057,False,4.8,4.605,,,
OCNT-2309062,,,,True,7.452,6.651
OCNT-2309065,False,4.604,4.355,,,
OCNT-2309067,,,,,,
OCNT-2309070,,,,,,
OCNT-2309071,,,,,,
OCNT-2309075,,,,False,4.563,4.581
OCNT-2309077,,,,,,
OCNT-2309082,,,,,,
OCNT-2309084,False,2.12,1.963,,,
OCNT-2309093,,,,,,
OCNT-2309100,,,,,,
OCNT-2309101,False,4.505,4.352,,,
OCNT-2309102,,,,False,4.635,4.485
OCNT-2309109,False,6.498,6.391,,,
OCNT-2309110,,,,,,
OCNT-2309111,,,,False,4.052,3.623
OCNT-2309114,,,,True,5.14,4.453
OCNT-2309115,,,,True,5.307,4.382
OCNT-2309126,,,,,,
OCNT-2309130,,,,,,
OCNT-2309134,,,,False,2.055,2.029
OCNT-2309135,False,4.599,4.31,,,
OCNT-2309137,,,,False,2.003,2.644
OCNT-2309138,,,,,,
OCNT-2309139,False,6.114,6.003,,,
OCNT-2309149,False,5.329,5.259,,,
OCNT-2309151,,,,True,4.825,4.416
OCNT-2309155,,,,,,
OCNT-2309156,,,,False,2.215,2.024
OCNT-2309157,True,4.84,4.501,,,
OCNT-2309158,,,,False,4.367,4.094
OCNT-2309162,False,5.47,5.308,,,
OCNT-2309164,,,,True,4.486,4.061
OCNT-2309172,,,,,,
OCNT-2309173,,,,False,3.613,3.625
OCNT-2309174,False,4.449,4.518,,,
OCNT-2309175,,,,True,5.505,4.622
OCNT-2309176,,,,True,6.204,5.249
OCNT-2309177,,,,False,2.185,2.248
OCNT-2309179,False,5.35,5.209,,,
OCNT-2309181,True,5.832,5.498,,,
OCNT-2309184,,,,,,
OCNT-2309185,,,,True,4.442,3.937
OCNT-2309187,False,4.699,4.574,,,
OCNT-2309190,,,,False,2.318,2.211
OCNT-2309191,,,,True,4.568,4.188
OCNT-2309193,True,4.565,4.147,,,
OCNT-2309194,False,6.563,6.528,,,
OCNT-2309196,,,,True,5.77,5.44
OCNT-2309198,,,,,,
OCNT-2309200,,,,False,4.788,4.672
OCNT-2309204,,,,,,
OCNT-2309206,False,3.69,2.219,,,
OCNT-2309207,False,5.642,5.594,,,
OCNT-2309209,,,,True,4.717,4.248
OCNT-2309210,,,,,,
OCNT-2309214,False,5.219,5.034,,,
OCNT-2309221,,,,,,
OCNT-2309225,,,,True,4.739,4.222
OCNT-2309229,,,,,,
OCNT-2309232,,,,,,
OCNT-2309234,,,,False,4.277,3.837
OCNT-2309238,,,,False,4.172,4.177
OCNT-2309240,,,,,,
OCNT-2309241,,,,False,3.659,2.207
OCNT-2309242,,,,False,3.899,3.672
OCNT-2309243,,,,,,
OCNT-2309246,True,4.773,4.421,,,
OCNT-2309248,,,,False,4.822,4.764
OCNT-2309252,False,4.658,4.533,,,
OCNT-2309256,False,6.125,6.04,,,
OCNT-2309262,False,1.969,2.056,True,5.616,5.134
OCNT-2309265,False,5.007,4.82,False,5.18,5.188
OCNT-2309266,,,,False,2.934,1.94
OCNT-2309268,,,,,,
OCNT-2309274,,,,True,6.018,5.262
OCNT-2309276,,,,False,4.045,2.552
OCNT-2309277,False,5.528,5.322,,,
OCNT-2309279,,,,False,2.74,2.182
OCNT-2309280,,,,,,
OCNT-2309284,False,5.335,5.057,,,
OCNT-2309286,,,,False,5.053,4.838
OCNT-2309290,,,,True,5.31,4.727
OCNT-2309291,False,4.615,4.464,,,
OCNT-2309292,True,5.671,5.004,,,
OCNT-2309293,,,,,,
OCNT-2309294,,,,False,2.933,2.1
OCNT-2309296,,,,,,
OCNT-2309299,,,,False,4.5,4.265
OCNT-2309301,,,,,,
OCNT-2309302,True,6.13,5.669,,,
OCNT-2309303,,,,True,5.787,4.869
OCNT-2309308,,,,,,
OCNT-2309318,,,,,,
OCNT-2309319,,,,True,4.919,4.336
OCNT-2309323,,,,,,
OCNT-2309324,,,,True,4.588,4.061
OCNT-2309325,,,,True,4.879,3.916
OCNT-2309326,,,,,,
OCNT-2309328,,,,,,
OCNT-2309333,,,,,,
OCNT-2309338,False,4.67,4.518,,,
OCNT-2309340,,,,False,2.043,1.988
OCNT-2309342,True,5.223,4.888,True,4.875,3.875
OCNT-2309343,,,,True,4.545,3.764
OCNT-2309345,,,,,,
OCNT-2309346,,,,True,4.977,4.526
OCNT-2309347,,,,,,
OCNT-2309351,False,5.488,5.412,True,6.317,5.966
OCNT-2309355,,,,False,4.27,3.724
OCNT-2309356,,,,False,5.498,5.431
OCNT-2309366,,,,True,4.802,4.471
OCNT-2309368,False,5.516,5.279,,,
OCNT-2309371,False,4.63,4.491,,,
OCNT-2309372,False,5.264,5.003,,,
OCNT-2309376,,,,,,
OCNT-2309377,False,4.411,4.15,True,6.103,5.734
OCNT-2309378,,,,False,3.43,2.212
OCNT-2309379,False,4.617,4.355,,,
OCNT-2309390,True,4.898,4.479,,,
OCNT-2309393,,,,,,
OCNT-2309395,,,,False,2.134,2.043
OCNT-2309396,,,,False,5.068,5.054
OCNT-2309398,True,4.888,4.583,,,
OCNT-2309399,,,,True,5.471,4.944
OCNT-2309401,,,,,,
OCNT-2309402,True,4.862,4.362,True,5.109,4.659
OCNT-2309415,,,,True,5.167,4.372
OCNT-2309418,,,,False,4.806,4.681
OCNT-2309420,,,,False,2.031,2.03
OCNT-2309424,False,4.427,4.273,True,4.745,4.41
OCNT-2309425,,,,True,4.519,3.824
OCNT-2309426,,,,False,3.274,2.579
OCNT-2309429,True,4.585,4.231,,,
OCNT-2309430,,,,False,4.013,3.717
OCNT-2309431,,,,True,4.344,3.824
OCNT-2309433,,,,,,
OCNT-2309434,False,5.517,5.434,,,
OCNT-2309435,False,4.981,4.789,,,
OCNT-2309439,False,4.379,4.285,,,
OCNT-2309443,,,,True,5.134,4.833
OCNT-2309444,,,,,,
OCNT-2309445,True,4.626,4.303,,,
OCNT-2309447,True,4.574,2.003,,,
OCNT-2309448,True,5.039,4.571,,,
OCNT-2309449,,,,,,
OCNT-2309451,,,,False,2.515,2.024
OCNT-2309455,,,,True,5.484,5.087
OCNT-2309458,,,,,,
OCNT-2309459,,,,True,4.839,4.384
OCNT-2309461,False,4.545,4.396,,,
OCNT-2309465,False,4.042,2.394,,,
OCNT-2309466,False,4.624,4.458,,,
OCNT-2309468,,,,,,
OCNT-2309469,,,,True,5.698,5.258
OCNT-2309470,,,,False,2.031,2.177
OCNT-2309471,False,4.436,,False,5.029,4.866
OCNT-2309476,False,4.778,4.674,,,
OCNT-2309479,,,,,,
OCNT-2309480,,,,,,
OCNT-2309483,False,4.659,4.437,,,
OCNT-2309487,False,4.898,4.773,,,
OCNT-2309491,True,4.827,4.342,,,
OCNT-2309492,,,,False,5.028,4.809
OCNT-2309495,,,,,,
OCNT-2309498,,,,,,
OCNT-2309499,,,,,,
OCNT-2309500,,,,False,2.561,1.955
OCNT-2309501,,,,,,
OCNT-2309502,True,4.371,3.393,True,5.382,4.923
OCNT-2309503,,,,,,
OCNT-2309505,False,4.438,4.27,False,5.651,5.664
OCNT-2309506,,,,False,4.733,4.527
OCNT-2309509,,,,False,3.815,2.368
OCNT-2309511,False,5.13,4.911,,,
OCNT-2309515,,,,False,2.499,2.948
OCNT-2309518,True,5.568,4.764,True,5.964,5.357
OCNT-2309520,False,5.022,5.013,,,
OCNT-2309524,,,,False,4.775,4.65
OCNT-2309526,,,,,,
OCNT-2309527,False,4.57,4.418,,,
OCNT-2309532,,,,,,
OCNT-2309536,,,,,,
OCNT-2309539,False,5.313,5.38,,,
OCNT-2309544,,,,False,4.298,4.051
OCNT-2309546,False,4.558,4.434,False,5.086,4.856
OCNT-2309549,False,4.558,4.463,,,
OCNT-2309550,,,,,,
OCNT-2309551,,,,False,1.926,2.093
OCNT-2309554,False,5.716,5.617,,,
OCNT-2309558,,,,,,
OCNT-2309559,,,,,,
OCNT-2309560,,,,False,3.906,3.823
OCNT-2309565,False,5.164,4.97,,,
OCNT-2309567,True,5.412,5.088,True,6.298,5.865
OCNT-2309572,,,,True,6.262,5.914
OCNT-2309576,False,5.134,4.936,,,
OCNT-2309577,True,4.665,4.349,,,
OCNT-2309578,True,4.322,3.852,True,5.583,4.731
OCNT-2309581,False,4.7,4.641,,,
OCNT-2309582,False,5.172,5.067,,,
OCNT-2309583,,,,False,3.724,3.691
OCNT-2309586,,,,,,
OCNT-2309589,True,5.382,4.38,,,
OCNT-2309593,False,5.721,5.52,,,
OCNT-2309595,False,4.847,4.682,,,
OCNT-2309596,,,,,,
OCNT-2309597,,,,False,2.206,2.091
OCNT-2309598,,,,,,
OCNT-2309599,False,4.434,4.137,True,5.482,4.956
OCNT-2309600,,,,,,
OCNT-2309602,False,4.538,4.276,,,
OCNT-2309603,,,,,,
OCNT-2309604,,,,False,4.75,4.633
OCNT-2309605,,,,,,
OCNT-2309606,,,,False,5.293,5.183
OCNT-2309612,,,,,,
OCNT-2309613,,,,False,3.28,3.625
OCNT-2309614,False,5.662,5.545,,,
OCNT-2309615,,,,False,3.656,3.866
OCNT-2309619,,,,,,
OCNT-2309623,,,,,,
OCNT-2309624,,,,False,2.485,2.71
OCNT-2309628,,,,True,4.532,3.961
OCNT-2309630,,,,False,4.685,4.629
OCNT-2309634,False,5.072,4.986,,,
OCNT-2309635,,,,,,
OCNT-2309639,,,,,,
OCNT-2309641,False,4.791,4.625,False,4.996,4.985
OCNT-2309645,,,,False,3.273,2.789
OCNT-2309646,False,4.794,4.563,,,
OCNT-2309655,False,4.717,4.596,,,
OCNT-2309657,,,,,,
OCNT-2309658,,,,,,
OCNT-2309659,,,,,,
OCNT-2309661,True,4.44,3.404,,,
OCNT-2309663,,,,True,6.309,5.528
OCNT-2309664,,,,,,
OCNT-2309665,False,3.652,2.103,,,
OCNT-2309670,False,5.178,5.029,False,6.095,5.861
OCNT-2309671,,,,False,3.083,2.409
OCNT-2309676,False,4.74,4.456,False,4.492,4.397
OCNT-2309684,,,,False,3.072,2.582
OCNT-2309686,,,,False,5.133,4.94
OCNT-2309687,,,,,,
OCNT-2309689,,,,True,5.728,5.396
OCNT-2309692,True,4.477,3.264,,,
OCNT-2309695,,,,,,
OCNT-2309696,,,,,,
OCNT-2309697,False,4.976,4.891,,,
OCNT-2309699,False,4.6,4.526,,,
OCNT-2309702,False,4.749,4.638,,,
OCNT-2309704,,,,False,3.835,3.613
OCNT-2309705,,,,False,3.578,3.302
OCNT-2309709,,,,,,
OCNT-2309711,,,,False,2.793,2.029
OCNT-2309713,,,,False,2.071,2.206
OCNT-2309715,,,,True,5.07,4.557
OCNT-2309719,,,,True,4.995,4.069
OCNT-2309724,,,,False,3.769,3.741
OCNT-2309728,True,5.354,4.979,True,6.379,6.051
OCNT-2309730,False,4.94,4.851,True,5.306,4.627
OCNT-2309732,,,,False,4.264,4.254
OCNT-2309734,,,,,,
OCNT-2309736,,,,,,
OCNT-2309742,,,,,,
OCNT-2309743,,,,,,
OCNT-2309746,,,,False,2.567,2.298
OCNT-2309747,,,,True,5.243,4.682
OCNT-2309752,False,5.249,5.179,,,
OCNT-2309754,,,,,,
OCNT-2309755,False,4.431,4.396,,,
OCNT-2309757,False,5.315,5.235,True,5.872,5.411
OCNT-2309758,False,4.679,4.818,,,
OCNT-2309762,,,,,,
OCNT-2309763,,,,False,5.325,5.101
OCNT-2309765,,,,,,
OCNT-2309767,,,,False,3.701,3.217
OCNT-2309768,,,,False,3.446,2.091
OCNT-2309769,,,,False,4.19,3.626
OCNT-2309776,False,7.149,7.082,False,4.036,3.671
OCNT-2309780,,,,,,
OCNT-2309782,,,,,,
OCNT-2309787,False,5.053,5.006,,,
OCNT-2309792,,,,False,3.628,2.467
OCNT-2309794,,,,,,
OCNT-2309800,,,,True,5.132,4.441
OCNT-2309801,False,4.683,4.674,,,
OCNT-2309804,False,4.951,4.77,,,
OCNT-2309805,,,,,,
OCNT-2309806,,,,False,5.191,5.173
OCNT-2309809,,,,False,5.437,5.208
OCNT-2309810,,,,False,5.302,5.259
OCNT-2309811,,,,,,
OCNT-2309813,,,,True,4.738,4.422
OCNT-2309817,False,4.89,4.965,,,
OCNT-2309819,False,5.678,5.472,False,6.187,6.296
OCNT-2309829,,,,,,
OCNT-2309836,False,4.682,4.636,,,
OCNT-2309840,,,,,,
OCNT-2309843,,,,,,
OCNT-2309844,False,5.355,5.284,False,6.069,6.046
OCNT-2309845,,,,,,
OCNT-2309846,False,5.85,5.763,False,6.561,6.692
OCNT-2309850,,,,,,
OCNT-2309851,,,,,,
OCNT-2309854,,,,,,
OCNT-2309858,,,,True,5.546,4.86
OCNT-2309859,,,,False,4.341,4.132
OCNT-2309860,,,,True,5.597,5.151
OCNT-2309864,True,5.614,4.437,,,
OCNT-2309866,False,6.323,6.22,,,
OCNT-2309867,False,4.731,4.75,,,
OCNT-2309871,False,5.437,5.251,,,
OCNT-2309873,,,,False,2.626,2.83
OCNT-2309877,,,,True,5.392,4.664
OCNT-2309878,,,,False,4.018,4.13
OCNT-2309879,True,5.941,5.034,,,
OCNT-2309880,True,4.871,4.33,,,
OCNT-2309882,,,,False,3.988,3.669
OCNT-2309883,,,,,,
OCNT-2309885,False,4.86,4.643,,,
OCNT-2309893,True,5.104,4.75,,,
OCNT-2309896,,,,True,5.851,5.326
OCNT-2309897,,,,,,
OCNT-2309900,False,5.618,5.5,True,5.343,4.789
OCNT-2309901,False,4.498,4.4,True,5.836,5.453
OCNT-2309902,,,,,,
OCNT-2309905,,,,,,
OCNT-2309910,,,,,,
OCNT-2309918,,,,,,
OCNT-2309920,,,,True,5.173,4.723
OCNT-2309922,False,5.742,5.517,,,
OCNT-2309924,,,,,,
OCNT-2309926,,,,,,
OCNT-2309929,,,,False,5.648,5.375
OCNT-2309931,,,,,,
OCNT-2309933,,,,False,5.161,5.228
OCNT-2309935,False,2.55,2.047,,,
OCNT-2309936,False,4.684,4.481,,,
OCNT-2309940,True,5.126,4.478,,,
OCNT-2309942,False,5.754,5.8,,,
OCNT-2309948,,,,,,
OCNT-2309950,,,,,,
OCNT-2309955,,,,True,4.646,3.943
OCNT-2309957,,,,False,2.355,2.02
OCNT-2309961,,,,,,
OCNT-2309963,True,5.712,4.916,,,
OCNT-2309967,,,,True,6.558,5.338
OCNT-2309973,False,6.34,6.113,,,
OCNT-2309977,False,4.717,4.781,,,
OCNT-2309981,,,,,,
OCNT-2309987,False,6.184,6.246,,,
OCNT-2309989,,,,True,4.586,3.86
OCNT-2309990,False,5.184,5.232,,,
OCNT-2309991,,,,,,
OCNT-2309993,,,,,,
OCNT-2309995,,,,,,
OCNT-2309997,,,,True,6.237,5.757
OCNT-2310005,,,,,,
OCNT-2310006,False,4.974,4.814,True,6.486,5.556
OCNT-2310008,False,2.55,2.009,,,
OCNT-2310010,True,5.513,5.116,True,5.629,5.145
OCNT-2310016,,,,False,3.087,2.832
OCNT-2310018,False,4.259,3.166,,,
OCNT-2310019,False,2.419,1.96,True,5.717,5.371
OCNT-2310021,,,,True,4.704,4.262
OCNT-2310022,,,,,,
OCNT-2310023,,,,True,5.836,5.24
OCNT-2310024,False,4.688,4.576,,,
OCNT-2310028,,,,,,
OCNT-2310034,,,,,,
OCNT-2310035,False,5.981,5.727,,,
OCNT-2310036,,,,False,4.814,
OCNT-2310041,False,4.716,4.71,,,
OCNT-2310043,,,,True,4.414,3.752
OCNT-2310045,,,,False,5.301,5.077
OCNT-2310046,,,,,,
OCNT-2310050,True,5.635,5.234,,,
OCNT-2310052,,,,True,5.123,4.517
OCNT-2310055,,,,,,
OCNT-2310056,,,,True,5.723,4.994
OCNT-2310059,,,,False,2.153,2.09
OCNT-2310061,False,4.663,4.454,,,
OCNT-2310066,False,5.825,5.807,,,
OCNT-2310067,False,6.001,6.041,True,6.228,5.333
OCNT-2310072,,,,,,
OCNT-2310073,,,,,,
OCNT-2310076,False,5.402,5.355,,,
OCNT-2310081,,,,,,
OCNT-2310083,,,,,,
OCNT-2310084,,,,,,
OCNT-2310085,,,,,,
OCNT-2310087,,,,False,2.225,1.955
OCNT-2310088,False,4.557,4.645,,,
OCNT-2310089,,,,,,
OCNT-2310093,,,,,,
OCNT-2310094,,,,,,
OCNT-2310095,False,5.381,5.201,,,
OCNT-2310096,False,3.898,2.176,,,
OCNT-2310097,,,,True,4.747,4.301
OCNT-2310098,,,,False,3.403,3.16
OCNT-2310101,,,,True,4.428,3.846
OCNT-2310104,,,,True,4.352,3.979
OCNT-2310110,,,,,,
OCNT-2310114,False,2.066,2.037,,,
OCNT-2310115,,,,,,
OCNT-2310117,,,,False,4.654,4.546
OCNT-2310119,,,,,,
OCNT-2310120,True,4.571,2.518,False,5.035,4.813
OCNT-2310121,,,,False,3.487,2.791
OCNT-2310122,,,,False,2.037,1.966
OCNT-2310123,False,4.779,4.768,False,4.896,4.848
OCNT-2310131,,,,False,2.511,2.118
OCNT-2310136,False,2.08,2.077,,,
OCNT-2310137,,,,True,6.134,5.462
OCNT-2310141,,,,,,
OCNT-2310144,,,,,,
OCNT-2310149,,,,,,
OCNT-2310153,False,4.905,4.785,,,
OCNT-2310155,,,,,,
OCNT-2310156,,,,,,
OCNT-2310157,,,,,,
OCNT-2310158,,,,,,
OCNT-2310159,,,,,,
OCNT-2310161,False,6.089,6.274,,,
OCNT-2310163,,,,,,
OCNT-2310167,False,4.799,4.753,True,6.235,5.573
OCNT-2310172,,,,False,6.513,6.62
OCNT-2310174,False,4.649,4.724,,,
OCNT-2310175,,,,,,
OCNT-2310178,False,4.925,4.828,,,
OCNT-2310180,False,5.615,5.362,,,
OCNT-2310181,,,,,,
OCNT-2310182,,,,,,
OCNT-2310186,,,,,,
OCNT-2310188,False,2.48,2.351,,,
OCNT-2310191,,,,False,2.784,2.142
OCNT-2310192,,,,False,2.111,2.132
OCNT-2310193,False,4.525,4.493,,,
OCNT-2310197,False,4.456,4.303,,,
OCNT-2310199,,,,False,5.627,5.54
OCNT-2310201,False,5.183,5.075,,,
OCNT-2310202,,,,,,
OCNT-2310207,,,,,,
OCNT-2310210,,,,,,
OCNT-2310212,,,,False,5.004,4.988
OCNT-2310214,True,4.397,1.947,,,
OCNT-2310216,,,,,,
OCNT-2310220,,,,False,2.978,2.226
OCNT-2310222,False,2.034,2.04,,,
OCNT-2310225,,,,False,2.074,1.964
OCNT-2310227,,,,,,
OCNT-2310235,,,,,,
OCNT-2310237,,,,False,3.894,3.814
OCNT-2310240,,,,,,
OCNT-2310241,,,,,,
OCNT-2310242,,,,,,
OCNT-2310248,,,,False,4.321,4.113
OCNT-2310249,,,,False,4.163,2.434
OCNT-2310250,False,4.548,4.516,False,5.886,5.719
OCNT-2310251,,,,True,4.401,3.552
OCNT-2310252,False,3.224,3.217,,,
OCNT-2310256,,,,,,
OCNT-2310258,False,3.66,2.26,,,
OCNT-2310260,,,,,,
OCNT-2310261,,,,False,4.999,5.032
OCNT-2310262,False,4.773,4.489,False,4.916,4.883
OCNT-2310264,,,,False,4.972,4.779
OCNT-2310265,,,,False,2.615,2.871
OCNT-2310269,,,,,,
OCNT-2310279,,,,True,4.808,4.458
OCNT-2310283,,,,False,3.776,3.034
OCNT-2310286,,,,True,4.843,4.067
OCNT-2310288,,,,,,
OCNT-2310289,,,,False,4.246,3.935
OCNT-2310291,,,,False,6.083,6.331
OCNT-2310292,False,5.612,5.396,,,
OCNT-2310298,,,,,,
OCNT-2310303,False,5.54,5.481,,,
OCNT-2310304,False,2.607,1.996,,,
OCNT-2310306,,,,,,
OCNT-2310310,True,6.495,5.852,,,
OCNT-2310311,False,5.424,5.449,,,
OCNT-2310312,True,5.882,5.551,,,
OCNT-2310316,,,,,,
OCNT-2310317,,,,,,
OCNT-2310319,,,,True,5.077,4.696
OCNT-2310322,,,,True,5.286,4.226
OCNT-2310323,,,,False,3.647,3.558
OCNT-2310324,False,3.172,2.105,False,5.766,5.496
OCNT-2310327,,,,,,
OCNT-2310332,,,,False,3.744,3.035
OCNT-2310335,,,,,,
OCNT-2310336,False,5.207,5.041,,,
OCNT-2310337,False,5.656,5.558,False,5.634,5.436
OCNT-2310338,,,,,,
OCNT-2310340,True,5.274,4.401,,,
OCNT-2310341,,,,True,5.538,5.138
OCNT-2310342,False,4.629,4.643,,,
OCNT-2310343,,,,False,4.257,4.011
OCNT-2310344,False,4.29,2.089,,,
OCNT-2310345,,,,,,
OCNT-2310346,,,,,,
OCNT-2310348,,,,,,
OCNT-2310349,,,,,,
OCNT-2310350,,,,False,3.034,2.611
OCNT-2310351,,,,,,
OCNT-2310353,False,4.921,4.917,False,4.848,4.997
OCNT-2310355,False,4.781,4.594,,,
OCNT-2310359,,,,,,
OCNT-2310365,,,,,,
OCNT-2310368,,,,,,
OCNT-2310374,True,5.144,4.833,,,
OCNT-2310376,,,,,,
OCNT-2310378,False,5.362,5.335,,,
OCNT-2310380,,,,,,
OCNT-2310383,,,,False,2.769,2.509
OCNT-2310387,,,,,,
OCNT-2310389,,,,False,3.558,2.742
OCNT-2310393,,,,,,
OCNT-2310396,,,,,,
OCNT-2310397,False,4.772,4.497,,,
OCNT-2310398,True,5.293,4.656,,,
OCNT-2310401,False,5.935,5.909,,,
OCNT-2310404,False,3.975,2.272,False,4.863,4.893
OCNT-2310409,,,,False,3.763,3.598
OCNT-2310411,,,,,,
OCNT-2310412,,,,,,
OCNT-2310416,,,,,,
OCNT-2310417,False,4.881,4.808,,,
OCNT-2310418,False,4.695,4.606,,,
OCNT-2310421,,,,False,3.476,2.509
OCNT-2310423,,,,,,
OCNT-2310427,,,,False,4.398,4.102
OCNT-2310428,,,,,,
OCNT-2310431,,,,False,4.992,4.786
OCNT-2310432,,,,False,2.708,2.454
OCNT-2310433,False,6.105,6.077,,,
OCNT-2310436,False,4.772,4.652,,,
OCNT-2310437,False,4.844,4.707,,,
OCNT-2310438,,,,False,4.099,3.854
OCNT-2310439,,,,False,3.428,3.038
OCNT-2310440,False,6.688,6.622,,,
OCNT-2310442,False,5.807,5.687,,,
OCNT-2310445,,,,True,4.709,4.317
OCNT-2310447,False,6.129,5.852,,,
OCNT-2310448,False,3.361,2.542,False,4.835,4.646
OCNT-2310449,,,,False,4.38,4.28
OCNT-2310450,False,5.885,5.995,,,
OCNT-2310451,,,,,,
OCNT-2310452,,,,,,
OCNT-2310453,False,4.421,4.211,,,
OCNT-2310455,,,,False,4.041,3.657
OCNT-2310458,False,2.364,2.053,,,
OCNT-2310461,,,,False,3.643,2.225
OCNT-2310463,,,,,,
OCNT-2310465,False,3.84,2.322,,,
OCNT-2310469,False,4.607,4.427,,,
OCNT-2310470,False,6.537,6.446,,,
OCNT-2310471,,,,False,3.973,2.812
OCNT-2310473,,,,False,4.244,3.759
OCNT-2310478,False,5.509,5.603,,,
OCNT-2310479,,,,False,3.02,3.447
OCNT-2310481,False,4.99,4.892,False,6.152,6.13
OCNT-2310482,,,,True,5.32,4.771
OCNT-2310486,False,4.601,4.395,,,
OCNT-2310487,,,,,,
OCNT-2310488,,,,,,
OCNT-2310489,,,,False,2.07,1.997
OCNT-2310491,,,,,,
OCNT-2310492,False,5.121,5.28,,,
OCNT-2310494,False,5.064,4.851,,,
OCNT-2310497,,,,False,5.189,5.015
OCNT-2310498,False,4.934,4.907,,,
OCNT-2310499,,,,True,4.429,4.032
OCNT-2310500,False,4.473,4.398,,,
OCNT-2310506,,,,False,3.991,3.655
OCNT-2310507,,,,,,
OCNT-2310511,,,,,,
OCNT-2310512,,,,False,2.96,2.62
OCNT-2310513,False,4.752,4.804,False,5.212,5.249
OCNT-2310514,False,6.745,6.788,,,
OCNT-2310515,,,,False,5.272,5.072
OCNT-2310516,,,,,,
OCNT-2310518,False,5.167,5.015,,,
OCNT-2310519,,,,False,2.629,2.036
OCNT-2310522,,,,True,4.992,4.191
OCNT-2310525,,,,,,
OCNT-2310526,,,,False,3.727,2.961
OCNT-2310527,,,,,,
OCNT-2310528,,,,,,
OCNT-2310532,,,,False,4.109,4.06
OCNT-2310534,,,,True,5.507,4.914
OCNT-2310539,False,4.241,2.867,,,
OCNT-2310546,,,,,,
OCNT-2310549,,,,False,4.691,4.601
OCNT-2310551,,,,,,
OCNT-2310555,True,4.363,3.457,False,4.882,4.9
OCNT-2310560,False,4.813,4.578,,,
OCNT-2310562,True,5.328,4.484,,,
OCNT-2310565,,,,True,5.303,4.825
OCNT-2310566,,,,,,
OCNT-2310569,,,,False,4.425,4.276
OCNT-2310576,,,,,,
OCNT-2310579,,,,,,
OCNT-2310580,True,5.008,4.679,,,
OCNT-2310581,False,6.749,6.627,,,
OCNT-2310583,True,4.389,4.087,,,
OCNT-2310589,,,,,,
OCNT-2310597,,,,,,
OCNT-2310598,True,5.025,4.518,,,
OCNT-2310599,,,,False,4.075,3.875
OCNT-2310600,,,,True,6.093,5.534
OCNT-2310603,,,,True,4.351,3.446
OCNT-2310605,False,6.027,5.837,,,
OCNT-2310606,False,2.063,2.085,False,5.999,5.956
OCNT-2310610,,,,,,
OCNT-2310611,False,4.672,4.547,True,5.459,4.966
OCNT-2310612,,,,False,4.184,4.026
OCNT-2310613,False,6.692,6.613,,,
OCNT-2310615,,,,False,4.05,3.209
OCNT-2310620,,,,False,3.318,3.379
OCNT-2310621,,,,True,4.928,3.739
OCNT-2310624,False,4.272,2.658,,,
OCNT-2310626,,,,,,
OCNT-2310627,False,5.235,5.125,,,
OCNT-2310629,,,,False,4.192,4.156
OCNT-2310630,,,,True,4.522,4.04
OCNT-2310632,False,4.894,4.83,,,
OCNT-2310634,True,5.08,4.655,,,
OCNT-2310635,False,4.548,4.328,,,
OCNT-2310637,,,,False,4.272,3.874
OCNT-2310639,False,5.985,5.842,,,
OCNT-2310640,,,,False,3.538,2.881
OCNT-2310641,,,,False,3.783,3.496
OCNT-2310643,,,,False,2.427,2.079
OCNT-2310648,True,5.251,4.573,,,
OCNT-2310650,True,5.206,4.486,,,
OCNT-2310653,,,,False,2.675,2.121
OCNT-2310655,False,5.438,5.291,,,
OCNT-2310657,,,,False,2.35,2.617
OCNT-2310658,,,,False,3.469,3.394
OCNT-2310662,,,,True,4.735,4.239
OCNT-2310664,,,,,,
OCNT-2310665,False,5.423,5.354,,,
OCNT-2310667,,,,True,4.728,3.163
OCNT-2310670,,,,,,
OCNT-2310673,,,,False,4.723,4.707
OCNT-2310674,,,,,,
OCNT-2310675,,,,False,2.212,
OCNT-2310677,,,,True,5.738,5.132
OCNT-2310680,False,5.195,4.995,,,
OCNT-2310682,,,,,,
OCNT-2310684,,,,,,
OCNT-2310685,,,,,,
OCNT-2310686,,,,,,
OCNT-2310689,,,,,,
OCNT-2310690,,,,True,5.427,5.069
OCNT-2310692,,,,False,3.838,3.607
OCNT-2310693,,,,False,4.269,3.569
OCNT-2310696,,,,False,4.666,4.433
OCNT-2310697,,,,True,4.746,4.366
OCNT-2310698,,,,False,2.716,2.8
OCNT-2310699,,,,,,
OCNT-2310706,False,3.884,2.583,,,
OCNT-2310707,,,,False,2.917,3.374
OCNT-2310716,,,,,,
OCNT-2310717,,,,,,
OCNT-2310721,,,,True,4.855,4.132
OCNT-2310722,,,,False,2.063,2.125
OCNT-2310724,,,,False,2.193,2.101
OCNT-2310726,,,,False,4.16,4.009
OCNT-2310727,,,,,,
OCNT-2310728,,,,,,
OCNT-2310732,,,,True,5.061,4.494
OCNT-2310733,,,,False,3.749,2.09
OCNT-2310735,,,,False,2.483,2.416
OCNT-2310736,False,5.693,5.614,,,
OCNT-2310737,,,,False,3.807,2.316
OCNT-2310740,False,5.21,5.291,,,
OCNT-2310742,,,,True,5.622,5.144
OCNT-2310745,,,,False,4.975,4.952
OCNT-2310746,,,,,,
OCNT-2310747,,,,False,5.22,4.971
OCNT-2310751,,,,,,
OCNT-2310755,,,,,,
OCNT-2310757,True,4.776,4.335,,,
OCNT-2310758,False,5.955,5.811,True,5.115,4.693
OCNT-2310759,,,,,,
OCNT-2310760,False,4.936,4.981,,,
OCNT-2310763,,,,,,
OCNT-2310764,,,,True,4.694,4.3
OCNT-2310770,,,,,,
OCNT-2310776,,,,True,5.205,4.436
OCNT-2310779,,,,,,
OCNT-2310782,,,,True,4.897,4.56
OCNT-2310785,False,6.662,6.605,,,
OCNT-2310791,,,,,,
OCNT-2310795,,,,False,5.367,5.876
OCNT-2310796,False,3.579,2.043,,,
OCNT-2310797,,,,False,3.656,2.227
OCNT-2310798,,,,True,5.105,4.606
OCNT-2310801,,,,,,
OCNT-2310802,,,,False,4.16,3.851
OCNT-2310804,False,6.4,6.431,,,
OCNT-2310808,,,,,,
OCNT-2310809,,,,,,
OCNT-2310813,,,,False,4.449,4.23
OCNT-2310815,,,,False,3.49,3.626
OCNT-2310816,False,4.615,4.372,,,
OCNT-2310817,,,,True,6.03,5.593
OCNT-2310822,,,,False,5.131,4.966
OCNT-2310823,,,,False,4.253,3.207
OCNT-2310824,,,,True,5.744,5.208
OCNT-2310825,,,,,,
OCNT-2310826,True,6.954,5.837,True,4.822,4.214
OCNT-2310827,False,5.168,4.975,,,
OCNT-2310828,,,,,,
OCNT-2310829,False,5.461,5.395,,,
OCNT-2310830,True,4.789,4.329,,,
OCNT-2310831,,,,False,5.24,5.224
OCNT-2310833,False,4.522,4.484,True,5.052,4.523
OCNT-2310834,,,,True,5.147,4.574
OCNT-2310835,,,,,,
OCNT-2310837,,,,False,4.894,4.657
OCNT-2310839,,,,True,4.771,4.221
OCNT-2310840,,,,,,
OCNT-2310843,False,4.913,4.871,,,
OCNT-2310845,,,,True,5.351,4.878
OCNT-2310846,,,,,,
OCNT-2310851,,,,False,3.981,3.837
OCNT-2310852,,,,,,
OCNT-2310853,False,5.126,4.903,,,
OCNT-2310854,,,,True,4.782,4.37
OCNT-2310856,,,,,,
OCNT-2310858,,,,True,5.199,4.336
OCNT-2310859,False,4.578,4.501,False,5.086,4.884
OCNT-2310861,,,,,,
OCNT-2310864,False,6.534,6.555,,,
OCNT-2310867,,,,False,4.467,4.258
OCNT-2310868,,,,False,4.129,4.081
OCNT-2310871,,,,,,
OCNT-2310873,False,4.722,4.646,,,
OCNT-2310875,False,4.451,4.358,,,
OCNT-2310878,,,,,,
OCNT-2310880,,,,,,
OCNT-2310884,True,4.435,2.087,,,
OCNT-2310885,,,,True,5.078,4.342
OCNT-2310886,False,5.851,5.819,,,
OCNT-2310888,,,,,,
OCNT-2310890,False,6.959,6.908,,,
OCNT-2310893,,,,False,2.759,2.13
OCNT-2310895,False,4.637,,,,
OCNT-2310899,,,,True,5.666,5.141
OCNT-2310900,,,,,,
OCNT-2310901,,,,False,6.056,5.774
OCNT-2310904,,,,False,3.5,2.26
OCNT-2310905,,,,,,
OCNT-2310907,,,,False,4.14,3.652
OCNT-2310909,True,5.458,5.106,,,
OCNT-2310910,,,,False,4.12,3.573
OCNT-2310911,,,,False,3.527,3.503
OCNT-2310913,False,3.926,3.726,,,
OCNT-2310916,False,5.717,5.635,,,
OCNT-2310917,,,,True,5.275,4.302
OCNT-2310919,True,4.7,3.886,,,
OCNT-2310920,False,4.479,4.396,,,
OCNT-2310923,,,,,,
OCNT-2310924,,,,,,
OCNT-2310925,,,,,,
OCNT-2310927,,,,True,4.994,4.532
OCNT-2310928,,,,False,3.627,3.966
OCNT-2310932,,,,True,4.989,3.701
OCNT-2310935,,,,True,5.49,5.106
OCNT-2310937,,,,,,
OCNT-2310939,,,,False,4.381,4.138
OCNT-2310941,,,,,,
OCNT-2310942,False,5.413,5.401,,,
OCNT-2310944,True,4.98,4.602,,,
OCNT-2310945,False,5.715,5.839,False,6.496,6.338
OCNT-2310946,,,,True,5.553,4.995
OCNT-2310948,,,,,,
OCNT-2310949,False,4.668,4.491,,,
OCNT-2310952,,,,False,3.014,2.038
OCNT-2310953,,,,True,6.519,5.87
OCNT-2310955,,,,,,
OCNT-2310956,,,,,,
OCNT-2310958,True,4.53,4.221,,,
OCNT-2310962,,,,,,
OCNT-2310963,,,,,,
OCNT-2310967,,,,False,5.816,5.544
OCNT-2310968,,,,False,4.09,3.903
OCNT-2310969,,,,True,4.444,4.077
OCNT-2310970,,,,False,2.061,2.319
OCNT-2310971,,,,,,
OCNT-2310974,,,,False,5.257,4.976
OCNT-2310977,False,4.603,4.439,,,
OCNT-2310978,False,4.387,4.166,,,
OCNT-2310979,True,4.613,1.957,False,5.778,5.825
OCNT-2310980,,,,,,
OCNT-2310981,True,4.606,4.142,,,
OCNT-2310983,,,,,,
OCNT-2310986,,,,,,
OCNT-2310987,,,,False,4.089,4.018
OCNT-2310988,False,5.579,5.399,False,6.987,7.187
OCNT-2310989,,,,False,5.586,5.552
OCNT-2310993,,,,,,
OCNT-2310994,,,,,,
OCNT-2310997,False,4.47,4.37,,,
OCNT-2311003,,,,,,
OCNT-2311004,,,,False,3.943,3.618
OCNT-2311009,,,,False,2.134,2.687
OCNT-2311010,,,,,,
OCNT-2311014,,,,,,
OCNT-2311016,,,,True,4.987,4.573
OCNT-2311017,,,,,,
OCNT-2311018,,,,False,2.118,2.03
OCNT-2311020,False,4.487,4.622,,,
OCNT-2311021,,,,,,
OCNT-2311024,,,,False,2.788,2.251
OCNT-2311028,,,,False,4.277,4.133
OCNT-2311030,,,,,,
OCNT-2311031,,,,False,2.064,1.973
OCNT-2311032,,,,True,5.619,5.191
OCNT-2311034,,,,False,3.875,3.81
OCNT-2311042,,,,True,5.497,4.666
OCNT-2311050,,,,False,4.02,3.166
OCNT-2311052,False,5.552,5.552,,,
OCNT-2311053,,,,,,
OCNT-2311055,,,,False,3.347,2.767
OCNT-2311058,,,,,,
OCNT-2311059,False,4.538,4.483,,,
OCNT-2311060,,,,True,4.786,4.434
OCNT-2311061,,,,,,
OCNT-2311064,,,,,,
OCNT-2311070,,,,,,
OCNT-2311071,,,,,,
OCNT-2311072,,,,,,
OCNT-2311074,,,,,,
OCNT-2311075,,,,False,2.942,2.485
OCNT-2311081,,,,True,5.114,4.554
OCNT-2311083,False,4.404,4.36,,,
OCNT-2311086,,,,,,
OCNT-2311087,,,,True,4.494,4.02
OCNT-2311088,,,,False,5.354,5.159
OCNT-2311090,False,5.774,5.597,True,4.941,4.322
OCNT-2311091,False,4.593,4.486,,,
OCNT-2311092,False,5.353,5.275,False,5.665,5.711
OCNT-2311094,False,5.162,5.045,False,5.407,5.159
OCNT-2311095,,,,True,5.815,5.017
OCNT-2311097,,,,True,5.147,4.696
OCNT-2311100,,,,,,
OCNT-2311101,False,5.175,4.965,,,
OCNT-2311102,,,,,,
OCNT-2311105,,,,,,
OCNT-2311106,True,5.81,4.559,,,
OCNT-2311107,,,,True,4.433,4.053
OCNT-2311111,False,4.338,4.223,,,
OCNT-2311113,False,4.603,4.532,,,
OCNT-2311117,,,,True,6.725,5.746
OCNT-2311121,False,5.766,5.746,,,
OCNT-2311123,False,6.013,5.984,,,
OCNT-2311128,,,,False,4.011,3.58
OCNT-2311132,True,4.874,3.531,True,4.843,4.428
OCNT-2311133,False,4.637,4.733,,,
OCNT-2311134,,,,True,5.435,4.987
OCNT-2311135,,,,False,5.102,4.903
OCNT-2311136,,,,,,
OCNT-2311138,False,5.312,5.417,,,
OCNT-2311145,,,,,,
OCNT-2311147,,,,,,
OCNT-2311148,False,7.227,7.284,,,
OCNT-2311150,,,,False,3.949,3.988
OCNT-2311152,,,,True,5.475,4.895
OCNT-2311154,,,,,,
OCNT-2311155,False,4.237,4.254,True,5.435,4.945
OCNT-2311159,,,,,,
OCNT-2311160,False,5.668,5.584,,,
OCNT-2311162,,,,False,3.709,3.556
OCNT-2311164,,,,False,2.852,2.524
OCNT-2311166,,,,False,3.747,3.655
OCNT-2311175,,,,True,4.578,4.2
OCNT-2311178,,,,False,3.837,3.541
OCNT-2311179,,,,,,
OCNT-2311180,,,,True,4.914,4.371
OCNT-2311182,,,,False,4.231,4.034
OCNT-2311185,,,,False,3.803,3.712
OCNT-2311187,False,4.648,4.667,True,6.304,5.848
OCNT-2311191,,,,,,
OCNT-2311194,False,5.842,5.732,,,
OCNT-2311197,,,,False,2.002,2.028
OCNT-2311199,,,,False,3.871,3.277
OCNT-2311200,,,,False,2.813,2.81
OCNT-2311202,True,4.369,2.894,,,
OCNT-2311203,False,4.579,4.575,,,
OCNT-2311204,,,,,,
OCNT-2311205,,,,,,
OCNT-2311206,True,4.519,4.14,,,
OCNT-2311212,False,4.976,4.922,,,
OCNT-2311213,,,,,,
OCNT-2311215,,,,True,5.619,5.013
OCNT-2311219,,,,,,
OCNT-2311220,,,,False,4.289,3.746
OCNT-2311222,,,,,,
OCNT-2311225,True,5.702,5.13,,,
OCNT-2311229,False,4.306,4.296,,,
OCNT-2311231,False,5.47,5.507,,,
OCNT-2311233,True,5.107,4.726,,,
OCNT-2311234,,,,,,
OCNT-2311235,,,,False,4.2,4.293
OCNT-2311239,,,,False,4.087,4.086
OCNT-2311240,False,4.634,4.629,,,
OCNT-2311245,False,4.874,4.825,,,
OCNT-2311249,,,,False,5.468,5.349
OCNT-2311250,,,,False,4.456,4.37
OCNT-2311251,False,4.49,4.444,,,
OCNT-2311252,,,,False,4.186,4.145
OCNT-2311253,False,4.508,4.584,,,
OCNT-2311255,,,,True,5.502,4.963
OCNT-2311256,False,6.278,6.338,,,
OCNT-2311259,,,,False,2.669,2.812
OCNT-2311260,False,4.641,4.574,,,
OCNT-2311263,False,4.405,4.413,False,2.135,2.061
OCNT-2311264,,,,,,
OCNT-2311268,,,,True,5.2,4.733
OCNT-2311278,,,,,,
OCNT-2311279,,,,,,
OCNT-2311281,,,,,,
OCNT-2311282,,,,,,
OCNT-2311283,False,4.689,4.54,,,
OCNT-2311287,,,,,,
OCNT-2311289,,,,True,4.468,4.066
OCNT-2311291,,,,True,5.272,4.255
OCNT-2311293,,,,False,3.253,2.16
OCNT-2311294,,,,False,1.992,2.033
OCNT-2311299,,,,,,
OCNT-2311302,False,6.754,6.967,,,
OCNT-2311303,,,,False,2.061,2.237
OCNT-2311306,,,,False,3.931,3.53
OCNT-2311309,,,,False,2.586,2.772
OCNT-2311310,,,,False,3.751,2.839
OCNT-2311311,False,4.346,4.11,,,
OCNT-2311312,False,4.581,4.52,,,
OCNT-2311313,,,,,,
OCNT-2311316,,,,True,5.302,4.993
OCNT-2311317,False,4.559,4.359,,,
OCNT-2311320,,,,False,5.615,5.383
OCNT-2311325,,,,,,
OCNT-2311328,True,4.698,4.204,True,5.489,4.915
OCNT-2311331,,,,,,
OCNT-2311335,,,,,,
OCNT-2311336,False,5.357,5.272,,,
OCNT-2311337,,,,False,2.582,2.12
OCNT-2311338,,,,,,
OCNT-2311340,False,4.763,4.584,,,
OCNT-2311343,,,,,,
OCNT-2311344,False,5.18,5.216,,,
OCNT-2311351,False,4.558,4.663,,,
OCNT-2311357,False,4.372,4.349,,,
OCNT-2311370,,,,,,
OCNT-2311372,,,,,,
OCNT-2311376,,,,True,5.967,4.955
OCNT-2311379,,,,False,2.162,2.002
OCNT-2311380,False,4.519,4.347,,,
OCNT-2311381,,,,False,4.063,3.731
OCNT-2311382,,,,False,4.789,4.516
OCNT-2311387,,,,,,
OCNT-2311391,False,4.725,4.716,,,
OCNT-2311392,,,,False,4.779,5.003
OCNT-2311393,,,,,,
OCNT-2311397,False,4.431,4.484,,,
OCNT-2311399,,,,,,
OCNT-2311402,,,,False,3.881,3.483
OCNT-2311403,,,,True,5.462,4.494
OCNT-2311405,False,4.363,4.374,,,
OCNT-2311413,,,,,,
OCNT-2311414,True,4.882,4.303,,,
OCNT-2311419,,,,True,4.828,4.403
OCNT-2311427,,,,,,
OCNT-2311435,,,,True,4.936,4.41
OCNT-2311436,,,,,,
OCNT-2311437,,,,False,5.561,5.395
OCNT-2311438,False,4.707,4.565,,,
OCNT-2311440,False,5.216,5.071,,,
OCNT-2311447,,,,True,4.73,4.384
OCNT-2311450,False,4.915,4.874,,,
OCNT-2311453,,,,,,
OCNT-2311457,,,,False,4.106,3.867
OCNT-2311461,,,,True,4.692,4.197
OCNT-2311462,,,,,,
OCNT-2311473,True,5.193,4.773,,,
OCNT-2311474,,,,False,3.809,4.026
OCNT-2311478,,,,,,
OCNT-2311479,False,5.2,5.306,,,
OCNT-2311487,,,,,,
OCNT-2311488,,,,False,2.41,2.173
OCNT-2311489,,,,False,2.997,2.222
OCNT-2311490,,,,False,2.992,2.406
OCNT-2311493,,,,,,
OCNT-2311498,,,,False,4.247,3.368
OCNT-2311500,,,,True,5.033,4.425
OCNT-2311501,,,,True,5.961,4.984
OCNT-2311502,,,,False,3.222,2.217
OCNT-2311507,,,,False,2.383,2.053
OCNT-2311508,,,,,,
OCNT-2311511,,,,,,
OCNT-2311515,True,5.724,4.845,,,
OCNT-2311516,,,,False,2.853,2.529
OCNT-2311517,,,,True,5.778,4.991
OCNT-2311523,False,4.423,4.463,,,
OCNT-2311525,False,5.645,5.564,,,
OCNT-2311532,False,5.463,5.35,,,
OCNT-2311533,,,,False,3.339,2.589
OCNT-2311534,,,,False,5.243,5.297
OCNT-2311537,,,,False,4.06,3.35
OCNT-2311540,,,,True,5.369,4.539
OCNT-2311542,,,,,,
OCNT-2311547,,,,,,
OCNT-2311552,False,5.13,5.094,True,5.284,4.661
OCNT-2311554,True,5.359,4.706,,,
OCNT-2311556,,,,False,3.841,2.894
OCNT-2311559,False,4.878,4.76,,,
OCNT-2311562,,,,,,
OCNT-2311565,,,,,,
OCNT-2311567,,,,,,
OCNT-2311569,,,,False,4.006,3.121
OCNT-2311571,,,,False,2.17,1.918
OCNT-2311573,False,4.721,4.53,False,5.681,5.579
OCNT-2311574,,,,,,
OCNT-2311582,True,4.685,4.315,,,
OCNT-2311588,,,,,,
OCNT-2311590,False,5.099,5.056,,,
OCNT-2311592,,,,,,
OCNT-2311596,False,4.467,4.348,True,6.033,5.324
OCNT-2311598,,,,,,
OCNT-2311600,False,5.864,5.568,False,4.506,4.435
OCNT-2311602,,,,,,
OCNT-2311604,False,4.547,4.443,,,
OCNT-2311606,False,5.401,5.324,,,
OCNT-2311610,False,6.413,6.234,,,
OCNT-2311615,,,,True,4.917,4.3
OCNT-2311616,,,,,,
OCNT-2311617,False,5.193,5.197,,,
OCNT-2311619,,,,False,4.221,3.42
OCNT-2311620,,,,False,2.852,2.886
OCNT-2311621,False,5.242,5.11,,,
OCNT-2311623,True,5.661,4.936,,,
OCNT-2311624,True,4.972,4.611,,,
OCNT-2311626,False,4.999,5.074,,,
OCNT-2311627,,,,,,
OCNT-2311629,,,,,,
OCNT-2311630,,,,True,4.536,3.927
OCNT-2311633,,,,,,
OCNT-2311634,False,5.507,5.31,,,
OCNT-2311635,,,,False,6.039,5.786
OCNT-2311636,True,5.979,5.355,,,
OCNT-2311637,False,4.918,4.699,False,5.438,5.206
OCNT-2311638,False,5.147,5.055,,,
OCNT-2311644,,,,,,
OCNT-2311651,,,,,,
OCNT-2311652,False,6.462,6.388,,,
OCNT-2311653,False,4.879,4.929,,,
OCNT-2311655,False,4.618,4.645,,,
OCNT-2311656,,,,False,4.257,3.89
OCNT-2311661,True,5.789,5.46,,,
OCNT-2311662,False,4.575,4.343,,,
OCNT-2311663,,,,,,
OCNT-2311664,,,,False,3.869,3.491
OCNT-2311665,,,,False,4.922,4.7
OCNT-2311669,,,,,,
OCNT-2311674,,,,,,
OCNT-2311676,False,5.168,5.147,,,
OCNT-2311678,,,,,,
OCNT-2311680,,,,,,
OCNT-2311681,,,,True,5.386,4.867
OCNT-2311682,,,,,,
OCNT-2311683,False,5.647,5.535,,,
OCNT-2311686,,,,,,
OCNT-2311687,False,4.569,4.483,,,
OCNT-2311688,,,,False,4.688,4.434
OCNT-2311689,,,,,,
OCNT-2311697,,,,False,6.249,6.007
OCNT-2311706,,,,,,
OCNT-2311707,,,,,,
OCNT-2311708,,,,,,
OCNT-2311709,,,,,,
OCNT-2311711,False,4.509,4.311,,,
OCNT-2311714,,,,,,
OCNT-2311721,,,,False,5.59,5.292
OCNT-2311722,,,,True,4.653,4.346
OCNT-2311723,False,6.527,6.563,,,
OCNT-2311724,,,,,,
OCNT-2311726,,,,,,
OCNT-2311727,False,4.628,4.37,,,
OCNT-2311728,,,,,,
OCNT-2311730,,,,,,
OCNT-2311731,,,,False,5.588,5.58
OCNT-2311732,,,,False,5.993,5.877
OCNT-2311737,,,,False,4.549,4.484
OCNT-2311745,True,6.474,4.475,,,
OCNT-2311748,False,4.753,4.66,,,
OCNT-2311751,False,4.91,4.857,False,5.105,4.935
OCNT-2311752,,,,False,5.227,5.09
OCNT-2311754,False,6.113,6.111,,,
OCNT-2311756,,,,True,5.717,5.121
OCNT-2311758,,,,False,2.846,2.835
OCNT-2311760,False,5.668,5.742,,,
OCNT-2311762,,,,True,4.804,4.154
OCNT-2311765,False,5.395,5.286,,,
OCNT-2311766,True,6.465,6.143,,,
OCNT-2311769,False,6.457,6.609,,,
OCNT-2311771,,,,False,3.848,2.299
OCNT-2311773,,,,True,4.593,3.756
OCNT-2311777,False,5.861,5.74,,,
OCNT-2311779,,,,,,
OCNT-2311780,,,,,,
OCNT-2311781,,,,False,3.484,3.377
OCNT-2311782,,,,True,4.861,4.33
OCNT-2311783,,,,,,
OCNT-2311786,,,,False,2.225,2.211
OCNT-2311787,False,4.97,4.99,,,
OCNT-2311790,False,5.614,5.438,True,5.754,5.291
OCNT-2311792,,,,False,3.59,2.941
OCNT-2311794,,,,,,
OCNT-2311797,,,,,,
OCNT-2311800,False,4.676,4.59,True,5.733,5.051
OCNT-2311801,False,6.312,6.225,,,
OCNT-2311802,False,5.351,5.268,,,
OCNT-2311803,,,,False,2.459,2.272
OCNT-2311804,True,4.868,4.444,,,
OCNT-2311805,False,4.526,4.566,,,
OCNT-2311806,,,,False,5.306,5.222
OCNT-2311807,,,,,,
OCNT-2311808,False,4.795,4.723,,,
OCNT-2311815,,,,,,
OCNT-2311816,False,5.372,5.185,,,
OCNT-2311817,,,,,,
OCNT-2311818,,,,False,1.971,2.356
OCNT-2311819,,,,False,6.108,6.051
OCNT-2311821,,,,,,
OCNT-2311822,False,5.49,5.347,,,
OCNT-2311823,,,,False,4.625,4.684
OCNT-2311826,,,,False,4.072,2.872
OCNT-2311829,,,,False,2.091,2.113
OCNT-2311830,,,,,,
OCNT-2311831,False,5.806,5.703,,,
OCNT-2311832,,,,False,6.102,5.849
OCNT-2311834,,,,True,5.452,5.129
OCNT-2311835,False,6.616,6.508,,,
OCNT-2311839,,,,,,
OCNT-2311840,False,5.505,5.254,,,
OCNT-2311844,True,5.481,4.283,,,
OCNT-2311846,,,,False,3.572,2.258
OCNT-2311849,,,,,,
OCNT-2311855,,,,,,
OCNT-2311856,True,6.481,5.452,,,
OCNT-2311862,,,,False,4.414,4.333
OCNT-2311864,False,4.699,4.696,False,4.833,4.801
OCNT-2311870,False,4.416,4.479,,,
OCNT-2311871,False,4.809,4.738,,,
OCNT-2311873,,,,,,
OCNT-2311875,False,4.399,4.308,,,
OCNT-2311886,,,,True,4.636,3.722
OCNT-2311887,,,,True,5.503,4.851
OCNT-2311888,,,,False,2.19,2.163
OCNT-2311889,,,,,,
OCNT-2311890,True,4.646,4.134,True,5.927,5.318
OCNT-2311892,,,,,,
OCNT-2311897,,,,,,
OCNT-2311899,False,4.508,4.41,,,
OCNT-2311901,False,4.745,4.667,,,
OCNT-2311902,,,,False,4.143,3.813
OCNT-2311905,False,5.553,5.587,,,
OCNT-2311907,False,6.283,6.218,,,
OCNT-2311908,False,4.637,4.396,,,
OCNT-2311909,False,4.8,4.85,,,
OCNT-2311912,False,4.822,4.612,,,
OCNT-2311913,True,5.89,4.968,,,
OCNT-2311914,True,4.987,4.578,,,
OCNT-2311915,,,,False,2.708,2.376
OCNT-2311916,,,,,,
OCNT-2311918,False,4.559,4.539,True,5.462,5.074
OCNT-2311920,,,,False,5.468,5.403
OCNT-2311921,,,,,,
OCNT-2311925,,,,False,3.62,2.993
OCNT-2311929,False,4.7,4.606,,,
OCNT-2311931,False,5.581,5.441,,,
OCNT-2311934,,,,False,4.204,3.889
OCNT-2311935,,,,,,
OCNT-2311937,False,4.52,4.556,,,
OCNT-2311938,,,,False,3.114,2.519
OCNT-2311948,,,,,,
OCNT-2311950,,,,,,
OCNT-2311955,,,,False,3.816,3.655
OCNT-2311956,True,4.506,3.568,,,
OCNT-2311958,,,,False,4.061,3.642
OCNT-2311961,,,,False,4.512,4.343
OCNT-2311962,False,5.555,5.304,,,
OCNT-2311967,False,5.185,5.205,,,
OCNT-2311971,False,4.786,4.785,,,
OCNT-2311975,False,4.626,4.563,,,
OCNT-2311976,,,,False,4.182,3.785
OCNT-2311984,,,,True,4.421,4.089
OCNT-2311985,,,,False,5.173,5.199
OCNT-2311986,False,4.37,4.257,,,
OCNT-2311990,False,4.384,4.258,,,
OCNT-2311993,,,,True,4.997,4.579
OCNT-2311994,False,4.396,4.512,,,
OCNT-2311995,,,,False,2.626,3.432
OCNT-2311997,,,,,,
OCNT-2311998,True,7.581,6.861,,,
OCNT-2312000,False,4.895,4.793,False,4.794,4.596
OCNT-2312002,,,,True,5.149,4.431
OCNT-2312004,,,,,,
OCNT-2312008,True,4.69,4.38,,,
OCNT-2312009,,,,False,5.751,5.611
OCNT-2312011,,,,,,
OCNT-2312012,,,,,,
OCNT-2312014,False,4.899,4.946,,,
OCNT-2312015,False,5.863,5.877,,,
OCNT-2312016,False,4.888,4.88,,,
OCNT-2312020,False,6.064,5.889,,,
OCNT-2312021,False,4.338,4.295,,,
OCNT-2312024,False,4.547,4.359,,,
OCNT-2312027,,,,True,4.761,4.26
OCNT-2312029,,,,True,5.588,5.224
OCNT-2312033,,,,,,
OCNT-2312038,True,4.597,4.278,,,
OCNT-2312041,,,,,,
OCNT-2312044,False,4.805,4.823,,,
OCNT-2312045,,,,False,3.002,2.666
OCNT-2312046,,,,False,3.891,3.274
OCNT-2312047,,,,,,
OCNT-2312048,,,,,,
OCNT-2312049,False,5.301,5.295,,,
OCNT-2312053,,,,True,5.593,5.011
OCNT-2312054,,,,,,
OCNT-2312058,,,,,,
OCNT-2312061,,,,,,
OCNT-2312062,False,4.502,4.432,,,
OCNT-2312063,False,4.802,4.714,,,
OCNT-2312066,,,,,,
OCNT-2312068,False,4.815,4.849,,,
OCNT-2312069,False,4.551,4.476,,,
OCNT-2312071,,,,,,
OCNT-2312074,,,,,,
OCNT-2312078,,,,,,
OCNT-2312083,,,,True,4.748,4.436
OCNT-2312085,,,,,,
OCNT-2312087,,,,False,2.647,3.195
OCNT-2312089,True,5.782,5.184,,,
OCNT-2312094,False,4.367,4.303,,,
OCNT-2312095,False,4.78,4.549,,,
OCNT-2312096,,,,,,
OCNT-2312098,False,4.511,4.54,,,
OCNT-2312099,,,,,,
OCNT-2312101,,,,,,
OCNT-2312102,True,6.08,5.382,,,
OCNT-2312103,False,4.553,4.435,,,
OCNT-2312104,False,5.825,5.763,,,
OCNT-2312106,,,,False,3.966,3.826
OCNT-2312107,,,,False,2.27,2.464
OCNT-2312108,False,5.317,5.163,,,
OCNT-2312110,False,4.504,4.504,,,
OCNT-2312113,False,4.994,4.86,,,
OCNT-2312118,False,4.526,4.43,True,5.1,4.219
OCNT-2312122,,,,,,
OCNT-2312131,,,,,,
OCNT-2312136,False,4.887,4.873,,,
OCNT-2312140,False,6.502,6.384,,,
OCNT-2312144,,,,,,
OCNT-2312145,,,,True,6.881,6.228
OCNT-2312148,False,6.758,6.631,False,6.047,5.943
OCNT-2312150,False,4.647,4.658,,,
OCNT-2312154,,,,,,
OCNT-2312156,False,5.533,5.496,True,6.209,5.433
OCNT-2312161,,,,False,5.511,5.445
OCNT-2312162,,,,,,
OCNT-2312165,False,5.084,5.038,,,
OCNT-2312168,,,,False,4.739,4.552
OCNT-2312173,,,,True,5.155,4.467
OCNT-2312174,,,,,,
OCNT-2312180,True,4.513,3.993,,,
OCNT-2312189,,,,,,
OCNT-2312191,,,,,,
OCNT-2312197,,,,,,
OCNT-2312204,False,5.002,4.876,,,
OCNT-2312206,True,6.299,5.956,,,
OCNT-2312208,False,5.73,5.432,,,
OCNT-2312209,True,4.996,4.519,,,
OCNT-2312210,,,,,,
OCNT-2312211,,,,,,
OCNT-2312217,,,,,,
OCNT-2312218,,,,True,4.512,3.922
OCNT-2312222,,,,,,
OCNT-2312226,False,4.613,4.564,,,
OCNT-2312227,,,,True,6.533,5.319
OCNT-2312229,True,4.395,3.772,,,
OCNT-2312230,,,,,,
OCNT-2312233,,,,False,3.876,2.955
OCNT-2312235,,,,,,
OCNT-2312236,,,,True,4.76,4.105
OCNT-2312237,,,,True,5.894,4.875
OCNT-2312239,,,,True,5.389,5.008
OCNT-2312240,False,7.296,7.186,,,
OCNT-2312244,,,,,,
OCNT-2312247,False,4.611,4.628,,,
OCNT-2312252,,,,False,2.221,2.032
OCNT-2312258,False,5.381,5.383,,,
OCNT-2312267,,,,True,4.421,3.837
OCNT-2312272,False,4.938,5.002,,,
OCNT-2312277,,,,,,
OCNT-2312278,,,,,,
OCNT-2312280,True,4.926,4.299,True,5.495,4.693
OCNT-2312281,False,5.079,5.031,,,
OCNT-2312285,True,6.324,5.201,,,
OCNT-2312286,False,4.428,4.335,,,
OCNT-2312288,,,,False,5.766,5.484
OCNT-2312291,,,,,,
OCNT-2312293,True,5.143,4.714,True,5.673,5.293
OCNT-2312299,,,,,,
OCNT-2312301,,,,False,4.278,4.199
OCNT-2312302,False,4.888,4.795,,,
OCNT-2312303,True,4.389,3.635,True,5.121,4.724
OCNT-2312305,,,,False,4.267,3.75
OCNT-2312308,,,,,,
OCNT-2312311,,,,False,2.206,2.137
OCNT-2312312,False,4.948,4.901,,,
OCNT-2312315,False,4.42,4.452,,,
OCNT-2312316,,,,,,
OCNT-2312317,,,,False,3.33,2.965
OCNT-2312322,,,,False,5.246,4.952
OCNT-2312329,,,,,,
OCNT-2312331,,,,False,4.404,4.235
OCNT-2312333,,,,,,
OCNT-2312337,True,4.987,4.654,False,5.674,5.675
OCNT-2312338,False,4.802,4.735,False,5.331,5.198
OCNT-2312342,,,,,,
OCNT-2312348,,,,False,6.055,6.062
OCNT-2312351,False,4.611,4.59,,,
OCNT-2312352,,,,,,
OCNT-2312354,,,,,,
OCNT-2312355,False,5.462,5.291,,,
OCNT-2312358,False,4.539,4.528,,,
OCNT-2312363,,,,,,
OCNT-2312364,False,2.212,4.202,,,
OCNT-2312367,,,,False,3.377,3.21
OCNT-2312368,False,6.959,6.791,True,5.38,4.813
OCNT-2312372,False,5.123,5.073,,,
OCNT-2312373,,,,,,
OCNT-2312376,,,,,,
OCNT-2312377,,,,,,
OCNT-2312382,,,,,,
OCNT-2312384,,,,False,5.803,5.618
OCNT-2312385,False,4.571,4.632,,,
OCNT-2312387,,,,,,
OCNT-2312388,,,,,,
OCNT-2312389,False,5.834,5.59,,,
OCNT-2312392,,,,,,
OCNT-2312394,,,,,,
OCNT-2312396,,,,,,
OCNT-2312397,,,,,,
OCNT-2312400,True,5.353,4.99,,,
OCNT-2312401,False,4.592,4.766,,,
OCNT-2312402,,,,True,4.707,4.263
OCNT-2312403,,,,,,
OCNT-2312404,,,,,,
OCNT-2312407,False,5.022,4.949,,,
OCNT-2312409,,,,False,4.865,4.843
OCNT-2312410,False,6.451,6.231,,,
OCNT-2312411,False,4.968,5.026,,,
OCNT-2312414,,,,,,
OCNT-2312415,False,4.623,4.637,,,
OCNT-2312417,,,,,,
OCNT-2312418,,,,True,5.183,4.718
OCNT-2312420,,,,,,
OCNT-2312422,,,,,,
OCNT-2312427,,,,False,3.393,3.37
OCNT-2312429,True,5.385,5.079,,,
OCNT-2312433,False,4.677,4.729,,,
OCNT-2312434,,,,True,4.385,4.0
OCNT-2312435,,,,False,4.829,6.251
OCNT-2312437,,,,True,5.453,4.786
OCNT-2312441,,,,True,4.503,3.91
OCNT-2312442,False,4.431,4.509,,,
OCNT-2312443,,,,,,
OCNT-2312444,,,,False,4.797,4.71
OCNT-2312445,,,,False,5.481,5.283
OCNT-2312448,False,5.368,5.323,,,
OCNT-2312449,,,,False,4.184,3.897
OCNT-2312454,,,,False,4.373,4.314
OCNT-2312456,,,,False,5.401,5.173
OCNT-2312460,,,,False,3.954,3.747
OCNT-2312462,,,,False,5.866,5.81
OCNT-2312463,False,4.78,4.701,,,
OCNT-2312465,False,5.68,5.729,False,4.808,4.663
OCNT-2312466,,,,False,2.629,2.747
OCNT-2312472,False,4.548,4.426,,,
OCNT-2312476,False,4.502,4.466,,,
OCNT-2312478,,,,False,4.792,4.653
OCNT-2312480,,,,,,
OCNT-2312481,,,,,,
OCNT-2312485,False,4.855,4.87,,,
OCNT-2312486,,,,False,5.409,5.166
OCNT-2312493,,,,,,
OCNT-2312495,,,,True,5.349,4.788
OCNT-2312496,,,,,,
OCNT-2312497,False,5.306,5.274,,,
OCNT-2312504,,,,True,5.447,4.982
OCNT-2312506,False,4.699,4.629,False,5.711,5.62
OCNT-2312510,True,4.614,3.87,,,
OCNT-2312511,,,,False,4.18,3.846
OCNT-2312517,,,,,,
OCNT-2312522,,,,True,5.369,4.993
OCNT-2312525,,,,,,
OCNT-2312526,False,4.31,4.348,,,
OCNT-2312527,,,,,,
OCNT-2312529,,,,,,
OCNT-2312530,,,,,,
OCNT-2312537,,,,,,
OCNT-2312542,,,,False,4.822,4.825
OCNT-2312545,,,,,,
OCNT-2312546,False,5.335,5.267,,,
OCNT-2312554,False,6.671,6.716,False,6.925,6.936
OCNT-2312555,,,,False,3.915,3.582
OCNT-2312556,False,4.505,4.546,,,
OCNT-2312558,,,,False,3.247,2.667
OCNT-2312559,,,,,,
OCNT-2312563,,,,False,5.781,5.501
OCNT-2312567,,,,False,4.549,4.345
OCNT-2312575,False,4.678,4.695,,,
OCNT-2312581,,,,True,5.115,4.666
OCNT-2312587,,,,,,
OCNT-2312592,,,,,,
OCNT-2312594,False,4.647,4.546,,,
OCNT-2312595,,,,False,5.308,5.022
OCNT-2312598,,,,False,4.714,4.574
OCNT-2312600,,,,,,
OCNT-2312601,,,,False,3.024,2.09
OCNT-2312603,,,,True,4.866,4.167
OCNT-2312604,,,,False,5.489,5.248
OCNT-2312606,False,4.556,4.57,False,5.361,5.097
OCNT-2312607,True,5.102,4.506,,,
OCNT-2312608,False,4.905,4.754,,,
OCNT-2312610,,,,,,
OCNT-2312612,,,,False,5.331,5.054
OCNT-2312616,,,,False,4.213,3.971
OCNT-2312617,,,,False,2.103,2.136
OCNT-2312624,,,,False,3.807,2.453
OCNT-2312626,,,,True,5.389,5.075
OCNT-2312630,,,,True,5.044,4.169
OCNT-2312638,,,,False,3.814,3.59
OCNT-2312641,,,,,,
OCNT-2312650,False,6.537,6.41,,,
OCNT-2312654,,,,False,3.243,3.078
OCNT-2312656,,,,False,3.58,3.516
OCNT-2312658,,,,False,4.869,4.913
OCNT-2312659,,,,,,
OCNT-2312662,False,5.15,5.058,True,5.233,4.659
OCNT-2312663,,,,False,5.45,5.547
OCNT-2312668,,,,True,5.144,4.414
OCNT-2312674,,,,False,4.155,3.659
OCNT-2312691,,,,False,2.74,2.012
OCNT-2312697,,,,,,
OCNT-2312701,,,,False,4.895,4.721
OCNT-2312702,False,4.893,4.823,,,
OCNT-2312704,False,4.644,4.583,,,
OCNT-2312706,,,,False,4.138,3.984
OCNT-2312707,,,,True,4.924,4.599
OCNT-2312712,False,4.899,4.928,,,
OCNT-2312713,False,4.728,4.662,,,
OCNT-2312714,,,,,,
OCNT-2312716,,,,False,4.807,4.615
OCNT-2312719,False,5.235,5.131,,,
OCNT-2312720,,,,True,5.366,4.729
OCNT-2312721,False,4.654,4.767,,,
OCNT-2312722,,,,,,
OCNT-2312726,,,,False,4.01,3.57
OCNT-2312728,,,,True,4.486,3.854
OCNT-2312729,,,,False,2.143,2.103
OCNT-2312730,,,,,,
OCNT-2312731,,,,False,2.01,1.948
OCNT-2312732,,,,True,4.401,4.075
OCNT-2312735,False,4.881,4.869,,,
OCNT-2312737,,,,,,
OCNT-2312738,False,4.586,4.75,,,
OCNT-2312740,,,,False,4.033,3.761
OCNT-2312741,,,,,,
OCNT-2312742,,,,False,3.949,3.639
OCNT-2312743,False,4.758,4.634,,,
OCNT-2312744,,,,,,
OCNT-2312746,,,,False,4.295,3.45
OCNT-2312749,,,,,,
OCNT-2312754,,,,False,5.507,5.508
OCNT-2312755,,,,True,5.015,4.714
OCNT-2312756,,,,,,
OCNT-2312757,,,,False,3.221,2.6
OCNT-2312760,,,,,,
OCNT-2312769,,,,True,4.693,4.372
OCNT-2312771,,,,,,
OCNT-2312772,,,,False,2.736,2.707
OCNT-2312773,False,4.556,4.5,False,2.357,3.033
OCNT-2312776,,,,True,4.536,3.682
OCNT-2312779,,,,False,3.982,3.803
OCNT-2312780,,,,False,3.76,2.505
OCNT-2312781,,,,,,
OCNT-2312783,,,,False,4.298,3.977
OCNT-2312787,,,,,,
OCNT-2312791,,,,True,5.262,4.688
OCNT-2312794,,,,,,
OCNT-2312795,,,,,,
OCNT-2312797,,,,,,
OCNT-2312798,False,5.116,5.125,,,
OCNT-2312800,False,6.086,6.105,True,5.045,4.643
OCNT-2312801,,,,False,5.896,5.794
OCNT-2312805,,,,True,4.858,4.543
OCNT-2312807,,,,True,4.664,4.113
OCNT-2312808,,,,True,4.601,2.008
OCNT-2312817,,,,,,
OCNT-2312818,,,,False,2.86,3.138
OCNT-2312822,,,,False,3.424,3.695
OCNT-2312825,False,5.003,4.838,,,
OCNT-2312826,,,,,,
OCNT-2312830,,,,,,
OCNT-2312831,False,5.447,5.374,,,
OCNT-2312832,False,6.285,6.04,,,
OCNT-2312833,,,,True,5.313,4.699
OCNT-2312836,True,5.696,5.388,,,
OCNT-2312846,,,,True,4.356,3.615
OCNT-2312847,True,4.533,4.177,True,5.581,5.275
OCNT-2312850,False,4.517,4.798,,,
OCNT-2312851,False,5.474,5.296,True,5.216,4.406
OCNT-2312853,,,,False,4.899,4.623
OCNT-2312856,,,,False,2.693,2.937
OCNT-2312859,,,,,,
OCNT-2312860,,,,,,
OCNT-2312862,,,,True,4.856,3.85
OCNT-2312865,,,,False,5.519,5.335
OCNT-2312866,,,,,,
OCNT-2312868,,,,,,
OCNT-2312870,,,,False,4.063,2.076
OCNT-2312873,,,,,,
OCNT-2312874,False,4.608,4.539,False,4.555,4.435
OCNT-2312880,,,,True,6.436,6.117
OCNT-2312882,,,,True,4.85,4.399
OCNT-2312890,False,5.491,5.226,,,
OCNT-2312891,,,,,,
OCNT-2312892,,,,False,4.243,3.787
OCNT-2312894,,,,,,
OCNT-2312897,,,,,,
OCNT-2312900,,,,False,4.356,4.217
OCNT-2312903,,,,,,
OCNT-2312906,,,,,,
OCNT-2312913,,,,False,3.895,3.71
OCNT-2312915,,,,,,
OCNT-2312918,,,,True,5.861,5.39
OCNT-2312921,False,5.454,5.303,,,
OCNT-2312924,,,,False,4.085,3.737
OCNT-2312925,False,4.512,4.473,True,5.178,4.669
OCNT-2312929,,,,False,2.852,2.475
OCNT-2312931,,,,True,5.486,4.528
OCNT-2312932,False,6.051,6.033,,,
OCNT-2312937,,,,,,
OCNT-2312941,False,6.798,6.696,,,
OCNT-2312943,False,4.431,4.336,,,
OCNT-2312947,True,5.975,5.399,,,
OCNT-2312951,False,5.376,5.402,,,
OCNT-2312952,,,,,,
OCNT-2312955,,,,,,
OCNT-2312958,,,,False,1.999,2.498
OCNT-2312959,False,4.297,4.222,False,5.309,5.109
OCNT-2312961,False,4.392,4.493,True,5.06,4.655
OCNT-2312967,,,,,,
OCNT-2312969,False,4.959,4.838,,,
OCNT-2312971,,,,,,
OCNT-2312973,,,,,,
OCNT-2312974,,,,True,4.695,4.169
OCNT-2312975,,,,,,
OCNT-2312980,,,,False,2.166,1.949
OCNT-2312985,,,,,,
OCNT-2312986,,,,False,3.997,3.743
OCNT-2312987,,,,,,
OCNT-2312988,,,,False,4.635,4.62
OCNT-2312992,False,5.355,5.161,,,
OCNT-2312994,,,,True,5.928,5.322
OCNT-2312995,True,5.889,4.945,,,
OCNT-2312996,False,4.923,4.635,False,4.971,4.803
OCNT-2312998,,,,,,
OCNT-2313003,,,,False,5.133,4.978
OCNT-2313008,,,,True,4.817,4.351
OCNT-2313012,,,,False,4.064,3.954
OCNT-2313013,,,,False,3.965,3.049
OCNT-2313014,,,,False,3.917,4.274
OCNT-2313018,,,,False,3.453,2.191
OCNT-2313019,False,5.529,5.441,,,
OCNT-2313020,,,,,,
OCNT-2313023,False,4.566,4.612,,,
OCNT-2313024,False,4.485,4.421,,,
OCNT-2313026,,,,,,
OCNT-2313031,,,,True,5.489,4.587
OCNT-2313032,True,4.619,4.231,,,
OCNT-2313035,False,5.017,4.776,,,
OCNT-2313037,,,,True,5.481,4.94
OCNT-2313039,,,,,,
OCNT-2313040,,,,False,4.243,4.185
OCNT-2313041,False,4.367,4.343,,,
OCNT-2313046,False,4.796,4.949,,,
OCNT-2313047,,,,False,3.489,2.978
OCNT-2313052,,,,False,2.025,2.494
OCNT-2313053,False,5.689,5.608,,,
OCNT-2313054,,,,,,
OCNT-2313058,False,5.622,5.553,False,5.194,5.121
OCNT-2313060,,,,,,
OCNT-2313062,False,4.451,4.56,,,
OCNT-2313065,,,,True,5.242,4.828
OCNT-2313067,,,,False,3.787,2.509
OCNT-2313078,,,,False,3.338,1.916
OCNT-2313080,False,4.89,4.891,,,
OCNT-2313085,False,5.385,5.372,,,
OCNT-2313087,,,,False,4.029,3.886
OCNT-2313088,False,4.729,4.694,,,
OCNT-2313093,True,4.837,4.489,,,
OCNT-2313094,,,,False,3.274,3.194
OCNT-2313096,,,,False,3.931,3.716
OCNT-2313097,,,,False,2.578,2.15
OCNT-2313098,,,,,,
OCNT-2313099,,,,True,4.719,4.319
OCNT-2313100,True,6.274,5.947,,,
OCNT-2313101,False,5.742,5.71,,,
OCNT-2313103,,,,False,4.28,3.951
OCNT-2313104,,,,,,
OCNT-2313105,,,,,,
OCNT-2313106,False,5.288,5.236,,,
OCNT-2313107,False,7.267,7.074,,,
OCNT-2313108,,,,,,
OCNT-2313109,,,,False,3.752,2.142
OCNT-2313111,,,,True,4.834,4.391
OCNT-2313113,,,,,,
OCNT-2313115,,,,,,
OCNT-2313117,False,4.615,4.554,,,
OCNT-2313118,,,,False,4.414,4.118
OCNT-2313119,,,,True,5.192,4.573
OCNT-2313120,,,,True,5.491,4.963
OCNT-2313121,,,,False,4.964,4.798
OCNT-2313122,False,5.467,5.221,False,5.886,5.88
OCNT-2313124,False,4.647,4.549,,,
OCNT-2313128,,,,False,4.217,3.84
OCNT-2313133,,,,False,4.641,4.364
OCNT-2313134,,,,False,3.283,2.473
OCNT-2313136,,,,,,
OCNT-2313141,,,,,,
OCNT-2313143,True,6.064,5.751,,,
OCNT-2313144,,,,,,
OCNT-2313145,,,,,,
OCNT-2313147,,,,True,6.067,5.139
OCNT-2313151,,,,True,4.572,4.101
OCNT-2313155,True,5.519,5.081,,,
OCNT-2313157,,,,,,
OCNT-2313159,False,4.91,4.717,,,
OCNT-2313161,False,4.891,4.889,,,
OCNT-2313164,False,4.525,4.49,True,5.951,5.591
OCNT-2313165,,,,True,4.861,4.501
OCNT-2313173,False,4.044,4.531,,,
OCNT-2313174,,,,True,5.87,5.199
OCNT-2313175,False,4.448,4.462,,,
OCNT-2313177,,,,False,5.086,4.973
OCNT-2313179,,,,False,4.296,3.868
OCNT-2313183,,,,,,
OCNT-2313184,False,4.528,4.489,True,5.169,4.731
OCNT-2313185,,,,,,
OCNT-2313188,False,5.866,5.82,,,
OCNT-2313192,,,,False,2.538,1.975
OCNT-2313193,,,,False,4.494,4.652
OCNT-2313195,False,4.794,4.79,,,
OCNT-2313198,,,,,,
OCNT-2313201,False,4.338,4.355,,,
OCNT-2313203,,,,False,2.873,3.152
OCNT-2313206,,,,True,4.552,3.902
OCNT-2313211,False,4.827,4.836,,,
OCNT-2313213,,,,False,3.826,3.07
OCNT-2313215,,,,,,
OCNT-2313216,,,,,,
OCNT-2313217,,,,,,
OCNT-2313219,,,,True,4.882,4.049
OCNT-2313220,,,,,,
OCNT-2313221,,,,,,
OCNT-2313224,,,,False,4.076,3.486
OCNT-2313225,,,,,,
OCNT-2313233,True,5.395,4.964,,,
OCNT-2313234,,,,False,5.078,5.02
OCNT-2313237,False,5.308,5.25,False,4.99,4.825
OCNT-2313238,,,,True,5.361,4.403
OCNT-2313239,True,4.945,4.639,,,
OCNT-2313241,True,5.859,5.374,True,6.071,5.688
OCNT-2313243,,,,,,
OCNT-2313248,,,,False,5.165,5.004
OCNT-2313250,False,7.45,7.287,,,
OCNT-2313251,False,5.129,5.133,False,4.489,4.312
OCNT-2313254,,,,False,1.985,2.05
OCNT-2313255,False,2.147,2.025,,,
OCNT-2313258,,,,,,
OCNT-2313260,False,4.697,4.71,,,
OCNT-2313267,,,,False,2.441,2.006
OCNT-2313271,False,4.528,4.434,,,
OCNT-2313273,,,,True,4.564,4.197
OCNT-2313274,False,4.721,4.676,,,
OCNT-2313277,,,,False,5.04,4.784
OCNT-2313278,,,,True,6.174,5.478
OCNT-2313279,,,,True,5.243,4.9
OCNT-2313281,,,,False,4.342,4.206
OCNT-2313287,,,,False,4.831,4.857
OCNT-2313293,,,,False,5.536,5.367
OCNT-2313294,False,4.793,4.952,,,
OCNT-2313297,,,,False,4.063,3.573
OCNT-2313299,,,,False,2.161,2.034
OCNT-2313300,False,6.44,6.27,False,6.278,6.296
OCNT-2313305,False,4.67,4.539,,,
OCNT-2313307,,,,True,5.222,4.716
OCNT-2313314,,,,True,4.586,4.192
OCNT-2313318,,,,True,5.194,4.6
OCNT-2313319,,,,,,
OCNT-2313325,True,4.628,3.834,,,
OCNT-2313326,,,,True,4.858,4.1
OCNT-2313335,,,,False,4.279,3.472
OCNT-2313345,,,,True,5.035,4.498
OCNT-2313360,True,6.051,5.407,True,4.747,4.232
OCNT-2313361,,,,,,
OCNT-2313362,False,6.677,6.52,,,
OCNT-2313363,,,,True,4.817,4.232
OCNT-2313365,,,,,,
OCNT-2313366,,,,,,
OCNT-2313367,,,,,,
OCNT-2313368,,,,,,
OCNT-2313371,,,,,,
OCNT-2313373,,,,True,6.085,5.017
OCNT-2313374,False,4.087,4.323,,,
OCNT-2313377,,,,True,5.438,4.892
OCNT-2313383,False,4.333,4.359,,,
OCNT-2313386,True,5.052,4.609,,,
OCNT-2313388,False,4.899,4.761,True,6.012,5.468
OCNT-2313389,False,4.839,4.75,,,
OCNT-2313392,,,,True,5.446,4.391
OCNT-2313393,,,,,,
OCNT-2313394,,,,,,
OCNT-2313399,,,,True,4.97,4.476
OCNT-2313400,False,5.026,4.824,,,
OCNT-2313401,,,,False,4.364,4.211
OCNT-2313402,True,4.495,3.606,,,
OCNT-2313403,,,,,,
OCNT-2313421,,,,False,4.508,4.363
OCNT-2313423,False,4.901,4.697,,,
OCNT-2313424,,,,False,3.566,3.799
OCNT-2313427,,,,True,5.305,4.731
OCNT-2313429,,,,False,6.213,6.12
OCNT-2313432,,,,False,2.519,2.165
OCNT-2313433,False,4.498,4.553,,,
OCNT-2313435,,,,False,4.731,4.552
OCNT-2313438,,,,True,5.129,4.799
OCNT-2313441,,,,False,5.029,4.933
OCNT-2313447,,,,False,2.596,2.039
OCNT-2313448,,,,False,2.127,2.153
OCNT-2313450,,,,False,2.769,1.909
OCNT-2313451,,,,False,4.838,4.636
OCNT-2313459,,,,True,5.566,4.749
OCNT-2313460,True,5.739,5.16,,,
OCNT-2313461,,,,True,5.544,5.081
OCNT-2313465,False,5.793,5.539,,,
OCNT-2313469,,,,,,
OCNT-2313470,,,,False,2.841,3.181
OCNT-2313472,,,,False,1.958,2.129
OCNT-2313474,,,,True,4.853,4.216
OCNT-2313475,,,,,,
OCNT-2313477,,,,,,
OCNT-2313486,,,,,,
OCNT-2313489,False,5.333,5.256,,,
OCNT-2313504,True,5.372,4.675,,,
OCNT-2313506,,,,True,5.549,5.017
OCNT-2313507,,,,True,5.342,4.736
OCNT-2313509,,,,False,3.328,3.082
OCNT-2313512,,,,False,3.834,3.731
OCNT-2313514,,,,False,2.033,2.28
OCNT-2313515,,,,False,4.418,4.335
OCNT-2313520,False,4.602,4.537,,,
OCNT-2313521,,,,,,
OCNT-2313522,False,4.525,4.519,,,
OCNT-2313526,,,,,,
OCNT-2313527,,,,False,1.945,1.96
OCNT-2313529,,,,False,5.839,5.79
OCNT-2313532,,,,,,
OCNT-2313533,False,4.954,4.949,,,
OCNT-2313535,,,,,,
OCNT-2313537,,,,True,4.834,4.187
OCNT-2313538,,,,,,
OCNT-2313539,,,,False,5.752,5.659
OCNT-2313543,,,,False,3.557,3.129
OCNT-2313551,,,,False,2.587,3.157
OCNT-2313553,,,,,,
OCNT-2313554,,,,True,4.551,3.923
OCNT-2313558,False,5.556,5.33,,,
OCNT-2313560,,,,,,
OCNT-2313564,,,,,,
OCNT-2313565,,,,,,
OCNT-2313567,,,,True,4.312,3.681
OCNT-2313571,,,,,,
OCNT-2313573,,,,,,
OCNT-2313574,,,,True,5.172,4.53
OCNT-2313581,False,5.312,5.225,,,
OCNT-2313586,,,,,,
OCNT-2313594,,,,False,3.5,2.543
OCNT-2313596,,,,False,3.753,3.628
OCNT-2313597,,,,,,
OCNT-2313602,,,,,,
OCNT-2313603,,,,True,5.236,4.363
OCNT-2313609,,,,False,5.324,5.232
OCNT-2313612,,,,False,2.091,2.298
OCNT-2313616,,,,True,5.031,4.465
OCNT-2313618,,,,,,
OCNT-2313620,,,,True,4.712,3.982
OCNT-2313623,,,,,,
OCNT-2313624,,,,,,
OCNT-2313625,,,,,,
OCNT-2313630,False,4.615,4.322,,,
OCNT-2313632,,,,,,
OCNT-2313636,True,5.535,5.09,,,
OCNT-2313637,,,,,,
OCNT-2313638,,,,False,3.675,3.624
OCNT-2313639,,,,,,
OCNT-2313641,,,,False,4.886,4.618
OCNT-2313642,,,,False,4.843,4.785
OCNT-2313643,,,,False,3.873,2.349
OCNT-2313644,,,,False,5.319,5.277
OCNT-2313645,,,,,,
OCNT-2313647,False,5.005,4.876,,,
OCNT-2313652,False,4.594,4.601,,,
OCNT-2313654,False,4.678,4.619,,,
OCNT-2313657,,,,,,
OCNT-2313664,True,4.654,4.004,,,
OCNT-2313666,False,4.412,4.497,,,
OCNT-2313667,,,,False,3.616,3.721
OCNT-2313669,True,4.867,4.414,,,
OCNT-2313671,,,,True,4.688,4.223
OCNT-2313672,,,,,,
OCNT-2313673,,,,True,5.584,4.848
OCNT-2313675,,,,False,2.715,3.34
OCNT-2313679,,,,True,5.718,4.989
OCNT-2313682,,,,,,
OCNT-2313683,True,4.978,4.249,,,
OCNT-2313684,,,,,,
OCNT-2313685,,,,True,4.645,4.201
OCNT-2313689,,,,,,
OCNT-2313693,,,,False,3.501,3.311
OCNT-2313694,,,,True,6.217,5.903
OCNT-2313696,,,,False,4.412,4.118
OCNT-2313698,,,,,,
OCNT-2313707,,,,True,4.568,4.094
OCNT-2313708,,,,,,
OCNT-2313710,,,,,,
OCNT-2313719,,,,False,4.273,3.909
OCNT-2313720,,,,True,5.089,4.515
OCNT-2313721,,,,,,
OCNT-2313726,False,5.145,5.025,,,
OCNT-2313732,,,,True,4.575,4.146
OCNT-2313736,,,,False,3.112,2.563
OCNT-2313737,,,,,,
OCNT-2313740,,,,False,3.405,2.899
OCNT-2313742,,,,False,3.88,3.541
OCNT-2313747,,,,False,3.872,2.932
OCNT-2313748,,,,,,
OCNT-2313749,False,4.58,4.603,False,5.565,5.313
OCNT-2313756,False,4.728,4.814,,,
OCNT-2313758,,,,False,3.954,3.51
OCNT-2313761,False,4.616,4.571,,,
OCNT-2313765,,,,False,4.641,4.369
OCNT-2313767,False,4.581,4.591,,,
OCNT-2313769,False,4.395,4.452,,,
OCNT-2313771,,,,False,4.26,4.153
OCNT-2313778,False,5.481,5.234,,,
OCNT-2313781,,,,,,
OCNT-2313785,,,,,,
OCNT-2313789,False,4.687,4.675,,,
OCNT-2313792,,,,,,
OCNT-2313798,,,,,,
OCNT-2313799,False,4.47,4.419,,,
OCNT-2313802,,,,,,
OCNT-2313803,,,,,,
OCNT-2313804,,,,False,2.648,2.069
OCNT-2313807,,,,True,4.921,4.597
OCNT-2313808,True,7.027,6.255,,,
OCNT-2313811,,,,False,2.406,3.451
OCNT-2313815,,,,True,4.686,4.118
OCNT-2313821,,,,False,2.044,2.022
OCNT-2313822,,,,,,
OCNT-2313825,,,,False,5.167,5.166
OCNT-2313826,False,5.537,5.639,,,
OCNT-2313829,,,,True,4.639,4.252
OCNT-2313830,,,,,,
OCNT-2313831,,,,,,
OCNT-2313832,,,,,,
OCNT-2313833,,,,,,
OCNT-2313839,,,,True,5.496,4.549
OCNT-2313842,,,,False,2.842,2.373
OCNT-2313845,,,,,,
OCNT-2313846,,,,False,4.822,4.522
OCNT-2313851,,,,,,
OCNT-2313852,,,,,,
OCNT-2313858,,,,True,5.336,4.864
OCNT-2313859,,,,False,2.136,2.095
OCNT-2313861,False,6.619,6.457,,,
OCNT-2313863,,,,,,
OCNT-2313865,,,,False,5.143,5.196
OCNT-2313867,,,,,,
OCNT-2313869,,,,False,5.238,5.292
OCNT-2313871,True,5.565,4.771,,,
OCNT-2313872,,,,,,
OCNT-2313874,,,,,,
OCNT-2313875,,,,False,2.563,2.117
OCNT-2313876,,,,,,
OCNT-2313880,,,,False,2.716,2.113
OCNT-2313881,,,,,,
OCNT-2313886,,,,,,
OCNT-2313887,,,,True,4.813,4.432
OCNT-2313888,,,,,,
OCNT-2313891,False,4.703,4.597,,,
OCNT-2313894,,,,False,3.652,3.53
OCNT-2313895,,,,,,
OCNT-2313897,,,,False,4.834,4.733
OCNT-2313901,,,,False,5.375,5.994
OCNT-2313906,,,,,,
OCNT-2313909,,,,True,5.674,5.306
OCNT-2313910,,,,True,4.71,4.333
OCNT-2313912,,,,,,
OCNT-2313913,,,,,,
OCNT-2313919,False,4.324,4.166,,,
OCNT-2313921,,,,False,4.443,4.169
OCNT-2313923,,,,,,
OCNT-2313925,,,,False,2.283,1.99
OCNT-2313933,True,4.667,3.774,True,6.049,5.674
OCNT-2313935,,,,False,3.633,2.067
OCNT-2313936,,,,,,
OCNT-2313939,,,,,,
OCNT-2313944,False,4.445,4.339,,,
OCNT-2313948,,,,False,3.158,2.753
OCNT-2313949,,,,True,5.16,4.544
OCNT-2313953,,,,False,4.289,4.008
OCNT-2313954,,,,,,
OCNT-2313956,,,,,,
OCNT-2313963,,,,,,
OCNT-2313965,,,,False,2.072,1.959
OCNT-2313970,,,,,,
OCNT-2313972,,,,False,4.085,3.987
OCNT-2313981,,,,,,
OCNT-2313982,False,5.467,5.459,,,
OCNT-2313983,,,,,,
OCNT-2313984,False,6.745,6.914,,,
OCNT-2313985,False,4.571,4.611,True,4.335,3.97
OCNT-2313987,,,,True,4.999,4.426
OCNT-2313989,,,,,,
OCNT-2313992,,,,False,3.446,3.504
OCNT-2313994,False,4.944,4.804,,,
OCNT-2313995,,,,,,
OCNT-2313996,,,,False,4.352,4.094
OCNT-2313997,False,4.792,4.617,,,
OCNT-2313999,,,,False,4.933,4.797
OCNT-2314002,,,,True,5.228,4.391
OCNT-2314003,False,4.605,4.489,,,
OCNT-2314004,,,,,,
OCNT-2314006,,,,,,
OCNT-2314010,,,,False,3.934,2.278
OCNT-2314011,,,,True,5.546,5.088
OCNT-2314012,,,,,,
OCNT-2314014,,,,False,3.309,2.872
OCNT-2314015,,,,False,2.093,2.091
OCNT-2314017,,,,,,
OCNT-2314020,False,4.735,4.663,,,
OCNT-2314023,,,,,,
OCNT-2314024,,,,False,2.122,2.742
OCNT-2314025,False,4.252,3.368,,,
OCNT-2314028,False,4.703,4.642,,,
OCNT-2314029,,,,True,5.184,4.768
OCNT-2314032,,,,,,
OCNT-2314033,,,,False,3.842,3.426
OCNT-2314036,,,,,,
OCNT-2314037,,,,,,
OCNT-2314041,,,,False,4.209,3.822
OCNT-2314042,,,,,,
OCNT-2314044,,,,False,3.244,2.584
OCNT-2314045,,,,,,
OCNT-2314046,,,,,,
OCNT-2314050,,,,,,
OCNT-2314054,False,4.797,4.649,,,
OCNT-2314061,,,,,,
OCNT-2314062,False,5.177,5.107,,,
OCNT-2314063,,,,,,
OCNT-2314064,,,,True,5.156,4.534
OCNT-2314065,,,,,,
OCNT-2314067,,,,False,5.784,5.798
OCNT-2314068,,,,,,
OCNT-2314069,,,,False,4.218,3.622
OCNT-2314070,,,,,,
OCNT-2314073,,,,False,3.229,3.252
OCNT-2314074,,,,False,5.088,4.903
OCNT-2314076,,,,False,3.438,2.477
OCNT-2314079,,,,True,4.949,4.432
OCNT-2314083,,,,True,4.407,4.064
OCNT-2314086,,,,True,4.388,3.923
OCNT-2314087,False,4.447,4.449,False,5.435,5.248
OCNT-2314096,,,,False,1.96,1.935
OCNT-2314101,,,,False,3.545,3.144
OCNT-2314103,,,,,,
OCNT-2314112,False,4.639,4.607,,,
OCNT-2314113,,,,False,3.087,3.0
OCNT-2314117,,,,False,2.792,2.171
OCNT-2314118,False,4.551,4.492,False,4.468,4.391
OCNT-2314120,True,5.24,4.132,,,
OCNT-2314122,,,,,,
OCNT-2314127,,,,False,3.919,3.703
OCNT-2314135,False,5.594,5.611,False,6.079,6.095
OCNT-2314136,False,5.011,4.985,,,
OCNT-2314137,,,,True,4.719,4.041
OCNT-2314140,,,,False,2.091,2.456
OCNT-2314141,,,,False,3.785,3.53
OCNT-2314143,,,,False,4.186,3.694
OCNT-2314144,False,4.729,4.889,,,
OCNT-2314145,,,,False,2.103,2.676
OCNT-2314146,,,,,,
OCNT-2314148,,,,True,5.783,5.075
OCNT-2314150,,,,,,
OCNT-2314151,,,,,,
OCNT-2314157,,,,,,
OCNT-2314158,False,4.628,4.674,,,
OCNT-2314160,True,6.627,5.512,,,
OCNT-2314168,,,,,,
OCNT-2314169,False,5.116,5.125,,,
OCNT-2314172,,,,,,
OCNT-2314176,False,5.892,5.767,False,5.394,5.433
OCNT-2314178,False,4.574,4.517,False,5.376,5.082
OCNT-2314180,,,,True,4.384,3.873
OCNT-2314182,False,4.866,5.073,,,
OCNT-2314187,,,,False,4.984,4.71
OCNT-2314190,,,,False,3.186,2.812
OCNT-2314193,,,,False,4.319,4.34
OCNT-2314197,,,,,,
OCNT-2314198,,,,,,
OCNT-2314199,,,,,,
OCNT-2314201,,,,True,5.12,4.611
OCNT-2314202,,,,,,
OCNT-2314207,,,,,,
OCNT-2314208,,,,False,5.673,5.706
OCNT-2314210,False,5.064,4.864,,,
OCNT-2314212,,,,False,5.044,4.835
OCNT-2314213,False,4.461,4.394,,,
OCNT-2314215,,,,True,5.081,4.28
OCNT-2314217,,,,,,
OCNT-2314219,False,4.892,4.816,,,
OCNT-2314221,,,,True,4.995,4.306
OCNT-2314222,,,,,,
OCNT-2314223,False,5.027,4.789,,,
OCNT-2314226,False,4.982,4.834,,,
OCNT-2314233,False,6.599,6.567,,,
OCNT-2314234,,,,False,3.716,2.4
OCNT-2314235,True,4.92,4.328,,,
OCNT-2314237,False,6.861,6.957,,,
OCNT-2314242,True,6.581,5.281,,,
OCNT-2314243,False,5.027,4.962,,,
OCNT-2314247,,,,,,
OCNT-2314248,,,,False,4.171,3.562
OCNT-2314251,,,,,,
OCNT-2314254,False,5.792,5.645,True,5.54,4.923
OCNT-2314255,False,4.373,4.375,,,
OCNT-2314257,,,,,,
OCNT-2314259,,,,,,
OCNT-2314261,True,5.709,5.399,,,
OCNT-2314262,False,4.761,4.465,,,
OCNT-2314263,False,4.669,4.525,,,
OCNT-2314266,False,4.936,4.795,,,
OCNT-2314267,True,5.823,5.243,,,
OCNT-2314269,,,,False,4.002,4.049
OCNT-2314271,False,5.46,5.223,,,
OCNT-2314273,,,,,,
OCNT-2314275,False,5.457,5.307,,,
OCNT-2314277,,,,True,5.275,4.357
OCNT-2314279,,,,False,5.038,4.755
OCNT-2314283,,,,,,
OCNT-2314290,,,,False,3.889,3.632
OCNT-2314295,,,,False,4.519,4.378
OCNT-2314296,False,5.355,5.212,,,
OCNT-2314300,,,,True,6.786,6.429
OCNT-2314301,,,,,,
OCNT-2314305,,,,,,
OCNT-2314306,False,4.484,,,,
OCNT-2314307,,,,,,
OCNT-2314310,,,,,,
OCNT-2314311,,,,False,4.244,3.815
OCNT-2314318,,,,True,4.601,4.046
OCNT-2314321,,,,False,5.045,4.762
OCNT-2314322,,,,,,
OCNT-2314323,,,,,,
OCNT-2314324,True,4.869,4.377,,,
OCNT-2314326,,,,False,4.684,4.425
OCNT-2314327,,,,False,2.187,2.854
OCNT-2314328,,,,False,3.951,3.961
OCNT-2314329,False,4.604,4.629,,,
OCNT-2314335,,,,,,
OCNT-2314336,,,,False,2.55,2.42
OCNT-2314337,,,,False,4.561,4.375
OCNT-2314338,False,4.442,4.381,,,
OCNT-2314341,,,,False,2.979,2.487
OCNT-2314342,False,5.383,5.213,False,5.584,5.65
OCNT-2314349,,,,,,
OCNT-2314353,,,,,,
OCNT-2314354,,,,False,2.05,2.033
OCNT-2314356,False,4.452,4.461,,,
OCNT-2314357,,,,,,
OCNT-2314360,False,4.641,4.394,,,
OCNT-2314363,,,,,,
OCNT-2314369,,,,,,
OCNT-2314371,False,4.474,4.483,False,4.307,4.037
OCNT-2314373,,,,,,
OCNT-2314375,,,,False,4.743,4.593
OCNT-2314377,False,4.623,4.408,,,
OCNT-2314380,False,4.387,4.393,,,
OCNT-2314381,False,4.55,4.513,,,
OCNT-2314385,,,,False,3.052,3.289
OCNT-2314387,,,,,,
OCNT-2314390,,,,False,4.119,3.34
OCNT-2314395,False,5.957,5.72,,,
OCNT-2314397,False,4.527,4.435,,,
OCNT-2314399,,,,,,
OCNT-2314402,,,,,,
OCNT-2314403,,,,,,
OCNT-2314405,,,,True,5.369,4.955
OCNT-2314407,,,,,,
OCNT-2314408,,,,,,
OCNT-2314410,,,,,,
OCNT-2314412,False,4.338,4.312,False,6.261,5.998
OCNT-2314416,,,,,,
OCNT-2314426,False,4.611,4.582,,,
OCNT-2314427,,,,False,2.099,2.042
OCNT-2314433,,,,,,
OCNT-2314434,True,6.142,5.427,,,
OCNT-2314436,,,,,,
OCNT-2314439,,,,False,2.505,2.026
OCNT-2314445,False,4.704,4.656,,,
OCNT-2314446,,,,True,4.989,4.224
OCNT-2314447,,,,,,
OCNT-2314450,,,,False,5.681,5.671
OCNT-2314452,,,,False,3.818,3.782
OCNT-2314454,,,,True,4.639,4.186
OCNT-2314457,,,,False,4.522,4.53
OCNT-2314458,,,,True,4.648,4.344
OCNT-2314459,False,4.389,4.362,,,
OCNT-2314460,,,,,,
OCNT-2314461,,,,True,5.049,4.681
OCNT-2314462,False,4.578,4.512,,,
OCNT-2314465,,,,True,4.826,4.483
OCNT-2314467,True,4.806,4.48,,,
OCNT-2314468,False,4.466,4.481,,,
OCNT-2314473,True,4.594,2.723,,,
OCNT-2314478,False,4.602,4.599,,,
OCNT-2314480,False,4.569,4.515,True,4.568,3.941
OCNT-2314481,,,,,,
OCNT-2314482,,,,,,
OCNT-2314483,,,,True,5.862,5.429
OCNT-2314484,False,4.408,4.411,True,5.871,5.415
OCNT-2314487,,,,True,6.257,5.535
OCNT-2314488,,,,,,
OCNT-2314492,,,,True,4.789,4.481
OCNT-2314494,False,6.092,5.926,,,
OCNT-2314499,,,,,,
OCNT-2314500,False,4.956,4.818,,,
OCNT-2314502,,,,False,5.614,5.535
OCNT-2314504,,,,,,
OCNT-2314508,,,,False,3.124,3.067
OCNT-2314509,False,4.911,4.621,,,
OCNT-2314511,,,,True,4.722,4.203
OCNT-2314515,,,,False,2.959,3.559
OCNT-2314516,,,,True,5.191,4.768
OCNT-2314523,,,,False,3.916,3.803
OCNT-2314524,,,,False,4.127,3.91
OCNT-2314526,False,4.785,4.775,,,
OCNT-2314527,,,,False,3.328,2.377
OCNT-2314528,False,5.365,5.25,,,
OCNT-2314532,,,,,,
OCNT-2314534,,,,False,5.14,4.926
OCNT-2314536,,,,,,
OCNT-2314537,,,,,,
OCNT-2314539,,,,True,6.384,5.673
OCNT-2314547,,,,True,5.064,4.622
OCNT-2314548,False,4.671,4.774,False,5.578,5.439
OCNT-2314551,True,5.616,4.754,,,
OCNT-2314553,,,,False,4.983,4.898
OCNT-2314554,,,,,,
OCNT-2314559,False,6.45,6.401,,,
OCNT-2314561,,,,True,4.559,3.999
OCNT-2314567,,,,,,
OCNT-2314568,,,,,,
OCNT-2314570,,,,,,
OCNT-2314574,,,,,,
OCNT-2314575,,,,True,4.86,4.124
OCNT-2314582,,,,,,
OCNT-2314583,,,,False,3.642,3.563
OCNT-2314584,False,4.47,4.34,False,4.89,4.811
OCNT-2314586,,,,False,2.115,2.428
OCNT-2314588,False,5.399,5.211,,,
OCNT-2314591,,,,True,5.306,4.34
OCNT-2314592,False,4.868,4.728,,,
OCNT-2314594,True,4.789,4.257,,,
OCNT-2314601,False,4.698,4.544,,,
OCNT-2314602,False,4.883,4.777,True,5.249,4.709
OCNT-2314603,True,4.823,2.687,,,
OCNT-2314606,,,,False,3.249,2.143
OCNT-2314607,False,4.627,4.787,,,
OCNT-2314608,,,,,,
OCNT-2314609,,,,,,
OCNT-2314610,,,,False,4.054,3.973
OCNT-2314611,False,4.64,4.498,,,
OCNT-2314613,,,,False,3.807,3.316
OCNT-2314615,False,4.523,4.553,,,
OCNT-2314616,False,4.646,4.57,,,
OCNT-2314617,,,,True,5.72,5.334
OCNT-2314618,True,5.705,5.211,,,
OCNT-2314619,,,,False,4.093,2.967
OCNT-2314621,,,,False,3.851,3.021
OCNT-2314624,,,,,,
OCNT-2314625,True,5.327,4.794,,,
OCNT-2314629,,,,,,
OCNT-2314630,False,5.606,5.323,,,
OCNT-2314631,,,,False,1.981,2.08
OCNT-2314632,False,4.502,4.482,,,
OCNT-2314636,,,,True,5.021,4.054
OCNT-2314637,True,5.822,5.435,,,
OCNT-2314639,False,4.481,4.355,,,
OCNT-2314641,False,5.207,4.942,,,
OCNT-2314646,False,4.519,4.45,,,
OCNT-2314649,,,,,,
OCNT-2314654,False,4.611,4.509,,,
OCNT-2314657,,,,,,
OCNT-2314658,,,,,,
OCNT-2314662,,,,,,
OCNT-2314663,,,,,,
OCNT-2314665,False,4.65,4.554,False,3.906,3.869
OCNT-2314667,,,,False,4.255,3.993
OCNT-2314673,,,,True,4.383,4.076
OCNT-2314674,,,,,,
OCNT-2314682,False,5.446,5.42,,,
OCNT-2314683,,,,,,
OCNT-2314688,,,,,,
OCNT-2314691,False,4.556,4.666,True,5.947,5.555
OCNT-2314692,,,,,,
OCNT-2314693,,,,True,4.954,4.198
OCNT-2314694,,,,True,6.059,5.36
OCNT-2314695,True,6.327,5.546,,,
OCNT-2314699,,,,,,
OCNT-2314705,,,,,,
OCNT-2314706,,,,,,
OCNT-2314708,,,,,,
OCNT-2314713,,,,,,
OCNT-2314714,False,4.637,4.591,,,
OCNT-2314715,,,,False,3.555,3.365
OCNT-2314717,False,5.595,5.465,,,
OCNT-2314720,,,,,,
OCNT-2314724,False,4.632,4.663,,,
OCNT-2314726,,,,False,2.121,1.984
OCNT-2314739,,,,False,4.598,4.431
OCNT-2314741,,,,,,
OCNT-2314744,,,,True,5.896,5.195
OCNT-2314747,,,,True,5.027,4.165
OCNT-2314750,,,,,,
OCNT-2314757,True,5.689,4.876,,,
OCNT-2314759,,,,True,6.448,5.515
OCNT-2314762,False,5.383,5.329,,,
OCNT-2314763,False,4.303,4.249,False,5.025,4.856
OCNT-2314768,,,,,,
OCNT-2314770,False,5.068,5.033,,,
OCNT-2314771,False,4.678,4.706,,,
OCNT-2314773,False,4.558,4.431,,,
OCNT-2314774,,,,,,
OCNT-2314777,False,4.357,4.341,,,
OCNT-2314778,,,,False,4.009,3.733
OCNT-2314781,False,4.596,4.656,,,
OCNT-2314787,,,,False,4.913,4.731
OCNT-2314790,True,6.369,5.765,,,
OCNT-2314795,False,6.78,6.86,,,
OCNT-2314796,False,5.697,5.62,,,
OCNT-2314799,False,5.082,5.134,,,
OCNT-2314800,,,,False,4.699,4.761
OCNT-2314801,False,7.029,6.964,,,
OCNT-2314802,False,5.474,5.278,,,
OCNT-2314804,False,4.591,4.549,,,
OCNT-2314805,,,,,,
OCNT-2314807,True,5.794,4.67,,,
OCNT-2314809,,,,False,4.574,4.295
OCNT-2314812,True,5.133,4.378,,,
OCNT-2314813,,,,,,
OCNT-2314816,False,4.668,4.81,,,
OCNT-2314818,,,,True,5.234,4.617
OCNT-2314820,,,,False,1.918,1.927
OCNT-2314824,False,6.114,6.174,,,
OCNT-2314827,False,4.737,4.652,False,5.65,5.508
OCNT-2314831,,,,,,
OCNT-2314833,,,,,,
OCNT-2314844,False,4.418,4.356,,,
OCNT-2314845,,,,,,
OCNT-2314853,False,6.402,6.507,,,
OCNT-2314858,,,,False,5.27,4.993
OCNT-2314859,,,,,,
OCNT-2314861,,,,,,
OCNT-2314864,False,4.946,4.917,,,
OCNT-2314865,False,5.165,5.136,,,
OCNT-2314866,False,4.89,4.715,,,
OCNT-2314872,,,,False,2.187,2.303
OCNT-2314875,,,,,,
OCNT-2314877,,,,False,5.293,5.516
OCNT-2314879,,,,,,
OCNT-2314884,,,,False,5.359,5.13
OCNT-2314885,False,4.339,4.045,,,
OCNT-2314886,,,,,,
OCNT-2314895,,,,True,4.914,4.53
OCNT-2314896,,,,,,
OCNT-2314897,,,,,,
OCNT-2314898,,,,,,
OCNT-2314899,,,,,,
OCNT-2314902,,,,False,3.49,2.548
OCNT-2314903,,,,,,
OCNT-2314905,,,,,,
OCNT-2314906,True,4.564,2.657,,,
OCNT-2314907,,,,,,
OCNT-2314910,,,,False,3.557,3.231
OCNT-2314919,False,5.157,5.225,,,
OCNT-2314924,,,,False,4.482,4.375
OCNT-2314927,,,,False,4.333,4.3
OCNT-2314928,,,,,,
OCNT-2314929,,,,True,5.09,4.062
OCNT-2314930,False,5.22,5.085,,,
OCNT-2314937,,,,,,
OCNT-2314941,,,,,,
OCNT-2314946,,,,False,4.17,3.791
OCNT-2314947,False,4.4,4.321,,,
OCNT-2314951,False,4.689,4.667,,,
OCNT-2314960,False,5.05,4.991,,,
OCNT-2314961,True,4.685,4.347,,,
OCNT-2314962,False,4.433,4.428,,,
OCNT-2314966,,,,,,
OCNT-2314968,,,,True,5.406,4.935
OCNT-2314969,False,5.477,5.635,True,5.603,5.159
OCNT-2314972,,,,False,3.568,3.133
OCNT-2314976,False,5.095,4.905,,,
OCNT-2314977,,,,,,
OCNT-2314985,,,,False,3.686,3.498
OCNT-2314988,,,,False,3.164,2.34
OCNT-2314989,False,3.832,1.997,True,5.122,4.76
OCNT-2314990,False,6.615,6.415,True,4.32,3.885
OCNT-2314992,,,,,,
OCNT-2314993,,,,False,4.274,3.758
OCNT-2314994,,,,True,5.51,4.477
OCNT-2314995,,,,True,5.711,5.388
OCNT-2314998,,,,,,
OCNT-2315001,False,5.252,5.116,,,
OCNT-2315005,,,,,,
OCNT-2315007,,,,True,4.557,4.085
OCNT-2315008,,,,True,5.718,5.115
OCNT-2315009,,,,False,2.608,2.097
OCNT-2315016,,,,,,
OCNT-2315017,True,4.708,3.964,,,
OCNT-2315024,True,5.15,4.737,,,
OCNT-2315030,False,5.185,5.082,,,
OCNT-2315032,False,5.77,5.938,,,
OCNT-2315034,,,,,,
OCNT-2315035,False,4.785,4.535,,,
OCNT-2315036,,,,,,
OCNT-2315039,,,,,,
OCNT-2315042,,,,False,4.552,4.289
OCNT-2315044,,,,False,2.475,2.264
OCNT-2315045,True,5.011,4.706,False,5.034,5.14
OCNT-2315047,,,,,,
OCNT-2315048,,,,,,
OCNT-2315050,,,,,,
OCNT-2315052,,,,,,
OCNT-2315056,False,4.948,4.65,False,5.425,5.226
OCNT-2315060,,,,,,
OCNT-2315064,False,5.289,5.122,False,4.834,4.827
OCNT-2315065,True,4.699,4.306,,,
OCNT-2315071,,,,,,
OCNT-2315072,,,,True,5.406,4.72
OCNT-2315074,,,,,,
OCNT-2315078,,,,True,5.881,5.377
OCNT-2315079,False,4.446,4.179,False,4.164,3.33
OCNT-2315082,,,,True,4.373,3.644
OCNT-2315085,True,5.014,4.506,,,
OCNT-2315086,,,,,,
OCNT-2315087,,,,,,
OCNT-2315089,,,,True,4.985,4.08
OCNT-2315091,,,,,,
OCNT-2315092,,,,,,
OCNT-2315093,,,,,,
OCNT-2315097,False,5.326,5.158,False,4.51,4.357
OCNT-2315099,,,,True,4.722,3.745
OCNT-2315100,True,4.613,4.287,,,
OCNT-2315103,,,,False,3.44,3.212
OCNT-2315105,False,5.464,5.421,,,
OCNT-2315106,,,,,,
OCNT-2315109,,,,,,
OCNT-2315110,,,,False,4.019,3.812
OCNT-2315112,,,,,,
OCNT-2315113,,,,False,5.23,5.078
OCNT-2315114,,,,True,5.28,4.273
OCNT-2315115,,,,,,
OCNT-2315120,,,,False,2.601,3.277
OCNT-2315121,,,,,,
OCNT-2315122,False,4.519,4.441,,,
OCNT-2315124,True,4.63,4.165,,,
OCNT-2315125,False,5.671,5.416,,,
OCNT-2315126,,,,,,
OCNT-2315127,False,5.157,4.996,,,
OCNT-2315130,,,,,,
OCNT-2315131,,,,,,
OCNT-2315133,,,,True,5.78,5.401
OCNT-2315138,,,,,,
OCNT-2315139,,,,,,
OCNT-2315145,True,4.655,4.298,True,4.848,4.442
OCNT-2315146,False,5.703,5.705,True,5.363,4.906
OCNT-2315147,,,,False,3.736,3.566
OCNT-2315148,,,,,,
OCNT-2315149,False,3.861,2.198,,,
OCNT-2315150,True,4.81,3.276,,,
OCNT-2315152,,,,False,4.268,2.8
OCNT-2315153,,,,,,
OCNT-2315155,,,,,,
OCNT-2315156,,,,,,
OCNT-2315157,False,6.072,6.042,,,
OCNT-2315159,False,4.483,4.27,,,
OCNT-2315165,,,,,,
OCNT-2315166,True,4.782,4.423,,,
OCNT-2315172,,,,,,
OCNT-2315174,,,,,,
OCNT-2315175,,,,True,4.384,3.443
OCNT-2315178,,,,,,
OCNT-2315179,,,,True,4.351,3.399
OCNT-2315183,,,,,,
OCNT-2315185,,,,False,5.389,5.139
OCNT-2315186,,,,,,
OCNT-2315191,False,4.712,4.533,,,
OCNT-2315193,,,,True,5.933,5.613
OCNT-2315194,,,,,,
OCNT-2315195,,,,True,5.357,4.884
OCNT-2315200,,,,True,5.631,4.9
OCNT-2315201,False,4.398,4.342,,,
OCNT-2315202,,,,False,4.714,4.783
OCNT-2315204,,,,False,3.889,3.523
OCNT-2315211,,,,,,
OCNT-2315212,,,,,,
OCNT-2315213,,,,,,
OCNT-2315214,,,,,,
OCNT-2315215,,,,False,4.779,4.797
OCNT-2315217,,,,True,5.973,5.451
OCNT-2315218,True,4.416,3.895,,,
OCNT-2315219,,,,False,3.987,3.638
OCNT-2315226,,,,,,
OCNT-2315230,False,4.924,4.674,,,
OCNT-2315232,,,,False,5.324,5.341
OCNT-2315233,,,,False,4.994,4.79
OCNT-2315236,,,,,,
OCNT-2315237,,,,True,5.923,5.617
OCNT-2315241,,,,,,
OCNT-2315245,False,6.037,5.89,,,
OCNT-2315246,,,,,,
OCNT-2315250,,,,False,5.269,4.988
OCNT-2315252,False,5.068,4.857,,,
OCNT-2315257,,,,,,
OCNT-2315259,False,3.818,2.044,,,
OCNT-2315261,True,4.618,4.217,,,
OCNT-2315263,,,,,,
OCNT-2315265,,,,False,3.939,3.013
OCNT-2315270,,,,False,4.308,4.18
OCNT-2315271,False,5.663,5.631,,,
OCNT-2315273,False,6.202,6.115,True,5.998,5.486
OCNT-2315275,,,,False,3.996,4.005
OCNT-2315276,,,,True,5.051,4.648
OCNT-2315277,,,,,,
OCNT-2315280,,,,False,4.67,4.545
OCNT-2315282,,,,,,
OCNT-2315284,False,4.592,4.505,False,5.516,5.61
OCNT-2315285,False,5.296,5.21,,,
OCNT-2315288,,,,,,
OCNT-2315291,,,,,,
OCNT-2315293,,,,False,3.695,3.143
OCNT-2315294,,,,False,4.586,4.523
OCNT-2315296,,,,,,
OCNT-2315297,,,,,,
OCNT-2315300,,,,,,
OCNT-2315308,,,,False,3.72,4.014
OCNT-2315311,,,,False,4.778,4.746
OCNT-2315315,,,,False,2.149,2.965
OCNT-2315318,True,4.808,4.502,,,
OCNT-2315321,False,4.552,4.43,False,3.944,3.6
OCNT-2315322,,,,,,
OCNT-2315324,False,4.455,4.336,,,
OCNT-2315325,,,,,,
OCNT-2315326,,,,,,
OCNT-2315327,,,,True,5.328,4.99
OCNT-2315329,,,,False,5.053,4.837
OCNT-2315331,,,,,,
OCNT-2315332,,,,,,
OCNT-2315333,,,,False,4.256,4.244
OCNT-2315338,,,,,,
OCNT-2315340,,,,,,
OCNT-2315342,,,,False,4.683,4.645
OCNT-2315347,False,5.15,5.113,,,
OCNT-2315349,True,5.133,4.696,,,
OCNT-2315351,,,,,,
OCNT-2315357,True,4.803,4.198,False,2.45,2.712
OCNT-2315363,,,,,,
OCNT-2315365,,,,,,
OCNT-2315366,,,,False,5.045,4.795
OCNT-2315367,,,,,,
OCNT-2315368,,,,True,5.693,5.118
OCNT-2315370,,,,False,5.467,5.435
OCNT-2315371,,,,False,4.236,3.908
OCNT-2315375,,,,False,3.506,2.818
OCNT-2315379,,,,True,6.361,5.214
OCNT-2315381,,,,True,6.161,5.657
OCNT-2315382,,,,False,2.163,2.108
OCNT-2315386,,,,,,
OCNT-2315387,True,4.736,2.679,,,
OCNT-2315389,False,5.566,5.447,,,
OCNT-2315390,False,5.683,5.642,,,
OCNT-2315392,,,,True,6.696,5.403
OCNT-2315394,False,6.137,5.95,,,
OCNT-2315395,,,,False,3.909,3.369
OCNT-2315398,,,,True,4.402,3.723
OCNT-2315401,,,,False,1.994,1.938
OCNT-2315408,True,4.406,3.588,,,
OCNT-2315409,,,,,,
OCNT-2315412,,,,,,
OCNT-2315413,,,,False,4.411,4.123
OCNT-2315416,,,,False,3.919,3.849
OCNT-2315417,True,4.998,4.583,False,3.177,2.754
OCNT-2315425,,,,False,3.819,3.833
OCNT-2315433,False,4.678,4.471,,,
OCNT-2315443,,,,True,4.922,4.447
OCNT-2315444,True,5.076,4.72,,,
OCNT-2315445,,,,False,4.642,4.701
OCNT-2315447,,,,False,3.602,3.261
OCNT-2315448,,,,,,
OCNT-2315450,,,,True,4.55,3.632
OCNT-2315451,False,4.597,4.661,True,6.29,5.865
OCNT-2315454,,,,False,3.585,3.029
OCNT-2315456,,,,,,
OCNT-2315457,,,,False,3.413,1.989
OCNT-2315458,,,,False,4.662,4.661
OCNT-2315460,False,5.828,5.809,,,
OCNT-2315461,False,5.95,5.768,,,
OCNT-2315462,,,,,,
OCNT-2315466,,,,,,
OCNT-2315467,,,,,,
OCNT-2315468,False,5.645,5.582,False,5.282,5.35
OCNT-2315469,False,6.215,6.195,,,
OCNT-2315472,,,,True,5.079,4.637
OCNT-2315473,,,,,,
OCNT-2315476,,,,,,
OCNT-2315478,,,,,,
OCNT-2315479,,,,False,2.696,2.213
OCNT-2315480,,,,False,5.096,5.337
OCNT-2315482,,,,True,6.049,5.249
OCNT-2315483,,,,False,6.194,5.911
OCNT-2315485,,,,False,4.429,4.464
OCNT-2315488,False,4.584,4.485,,,
OCNT-2315490,False,4.826,4.579,,,
OCNT-2315493,,,,False,3.392,2.683
OCNT-2315495,,,,,,
OCNT-2315498,,,,,,
OCNT-2315502,False,4.579,4.561,,,
OCNT-2315503,,,,,,
OCNT-2315505,False,5.604,5.444,False,5.104,4.924
OCNT-2315507,,,,,,
OCNT-2315508,,,,False,2.88,2.796
OCNT-2315509,,,,False,2.88,2.862
OCNT-2315512,False,6.444,6.627,,,
OCNT-2315513,,,,False,3.411,2.326
OCNT-2315514,,,,,,
OCNT-2315517,,,,,,
OCNT-2315518,False,4.496,4.271,,,
OCNT-2315525,True,4.632,4.186,,,
OCNT-2315528,,,,,,
OCNT-2315531,,,,True,4.728,3.879
OCNT-2315532,False,5.07,5.099,,,
OCNT-2315535,False,5.806,5.687,,,
OCNT-2315537,True,4.789,4.487,,,
OCNT-2315538,,,,False,4.036,3.494
OCNT-2315539,False,5.397,5.342,,,
OCNT-2315540,False,4.484,,,,
OCNT-2315542,False,4.627,4.465,,,
OCNT-2315543,,,,,,
OCNT-2315545,,,,,,
OCNT-2315546,,,,False,2.589,2.58
OCNT-2315548,True,5.939,5.03,True,5.344,4.651
OCNT-2315550,,,,False,4.412,4.154
OCNT-2315551,,,,,,
OCNT-2315554,False,5.318,5.12,,,
OCNT-2315556,,,,False,4.617,4.401
OCNT-2315557,,,,True,4.458,3.555
OCNT-2315560,,,,False,3.195,3.18
OCNT-2315565,,,,,,
OCNT-2315567,,,,True,4.563,4.037
OCNT-2315568,False,6.852,6.739,,,
OCNT-2315569,False,5.116,4.93,,,
OCNT-2315571,,,,False,3.934,3.804
OCNT-2315573,False,4.543,4.51,,,
OCNT-2315575,,,,False,6.058,5.772
OCNT-2315583,,,,,,
OCNT-2315584,False,5.141,5.03,,,
OCNT-2315585,False,4.88,4.795,,,
OCNT-2315589,,,,False,4.692,4.596
OCNT-2315590,,,,,,
OCNT-2315591,,,,,,
OCNT-2315600,,,,True,4.629,4.299
OCNT-2315602,,,,,,
OCNT-2315605,,,,True,5.478,5.025
OCNT-2315609,,,,False,5.783,5.484
OCNT-2315610,,,,,,
OCNT-2315611,,,,,,
OCNT-2315612,False,2.533,2.064,,,
OCNT-2315615,,,,True,4.798,4.175
OCNT-2315616,,,,,,
OCNT-2315618,,,,,,
OCNT-2315621,,,,,,
OCNT-2315622,False,5.58,5.596,False,5.849,5.827
OCNT-2315623,,,,False,,4.069
OCNT-2315627,True,4.904,4.368,True,5.351,4.941
OCNT-2315629,False,5.41,5.172,,,
OCNT-2315630,True,4.636,4.035,,,
OCNT-2315632,,,,,,
OCNT-2315633,,,,,,
OCNT-2315636,,,,,,
OCNT-2315640,,,,,,
OCNT-2315645,,,,False,3.876,3.746
OCNT-2315646,True,6.42,4.432,,,
OCNT-2315652,False,6.879,6.709,,,
OCNT-2315653,,,,False,4.504,4.31
OCNT-2315654,,,,False,2.557,2.137
OCNT-2315660,,,,False,2.092,2.233
OCNT-2315663,,,,False,3.054,2.489
OCNT-2315667,,,,False,5.17,5.195
OCNT-2315670,True,5.671,5.052,,,
OCNT-2315672,False,5.479,5.262,,,
OCNT-2315679,,,,False,5.898,5.695
OCNT-2315684,,,,,,
OCNT-2315688,,,,True,5.239,4.485
OCNT-2315690,,,,,,
OCNT-2315694,False,5.299,5.314,,,
OCNT-2315696,,,,True,5.843,4.572
OCNT-2315698,,,,False,3.605,3.34
OCNT-2315699,False,6.556,6.374,,,
OCNT-2315700,,,,,,
OCNT-2315701,False,2.326,1.95,,,
OCNT-2315702,,,,False,2.173,2.357
OCNT-2315705,False,4.389,4.275,False,4.85,4.822
OCNT-2315711,,,,True,5.535,5.141
OCNT-2315713,,,,,,
OCNT-2315716,,,,False,3.928,3.634
OCNT-2315717,False,5.262,5.178,,,
OCNT-2315719,,,,False,4.223,3.943
OCNT-2315721,,,,False,4.45,4.151
OCNT-2315725,,,,False,3.364,2.305
OCNT-2315727,True,4.744,4.436,,,
OCNT-2315728,,,,True,5.509,5.054
OCNT-2315731,,,,False,4.109,3.553
OCNT-2315734,False,2.63,2.04,False,4.121,3.533
OCNT-2315738,,,,False,3.546,3.884
OCNT-2315739,False,4.963,4.829,,,
OCNT-2315740,,,,True,5.311,4.491
OCNT-2315742,,,,False,2.116,2.579
OCNT-2315746,,,,,,
OCNT-2315747,,,,True,6.282,5.406
OCNT-2315748,,,,False,3.322,2.768
OCNT-2315749,,,,False,2.608,3.057
OCNT-2315752,,,,,,
OCNT-2315753,,,,,,
OCNT-2315756,,,,,,
OCNT-2315757,False,5.212,5.138,,,
OCNT-2315758,,,,,,
OCNT-2315759,,,,,,
OCNT-2315764,False,5.236,5.277,False,3.173,3.39
OCNT-2315765,,,,,,
OCNT-2315767,,,,False,3.809,2.449
OCNT-2315770,False,2.085,2.051,,,
OCNT-2315775,False,5.685,5.663,,,
OCNT-2315776,False,5.618,5.532,,,
OCNT-2315778,False,4.9,4.644,,,
OCNT-2315779,False,5.27,5.165,,,
OCNT-2315780,,,,False,4.44,4.167
OCNT-2315781,True,4.645,4.29,,,
OCNT-2315791,,,,False,3.824,3.546
OCNT-2315799,False,4.681,4.479,True,5.511,4.507
OCNT-2315805,False,4.539,4.366,,,
OCNT-2315806,,,,,,
OCNT-2315808,,,,False,2.975,2.152
OCNT-2315811,False,5.1,4.934,,,
OCNT-2315812,,,,,,
OCNT-2315813,,,,False,3.286,3.581
OCNT-2315815,,,,,,
OCNT-2315816,,,,,,
OCNT-2315819,,,,,,
OCNT-2315820,,,,,,
OCNT-2315821,,,,,,
OCNT-2315823,,,,False,5.772,5.494
OCNT-2315824,,,,False,3.654,3.772
OCNT-2315826,,,,False,5.19,4.97
OCNT-2315827,False,4.884,4.635,,,
OCNT-2315832,False,5.297,5.328,False,4.801,4.526
OCNT-2315833,,,,False,2.051,2.026
OCNT-2315836,,,,False,4.498,4.332
OCNT-2315838,,,,False,4.744,4.868
OCNT-2315840,False,5.034,5.1,,,
OCNT-2315844,False,4.659,4.452,,,
OCNT-2315845,True,4.902,3.759,,,
OCNT-2315846,,,,False,4.834,4.547
OCNT-2315849,False,4.927,4.881,,,
OCNT-2315851,,,,True,6.138,5.455
OCNT-2315858,,,,,,
OCNT-2315859,,,,,,
OCNT-2315861,,,,False,2.222,2.363
OCNT-2315862,False,4.438,4.278,,,
OCNT-2315864,False,4.964,4.838,,,
OCNT-2315865,,,,,,
OCNT-2315866,,,,,,
OCNT-2315870,,,,,,
OCNT-2315873,,,,,,
OCNT-2315874,,,,False,2.169,2.608
OCNT-2315875,False,5.108,4.933,,,
OCNT-2315877,,,,,,
OCNT-2315878,False,4.64,4.403,,,
OCNT-2315880,True,5.485,5.147,,,
OCNT-2315885,,,,,,
OCNT-2315886,,,,True,5.882,5.361
OCNT-2315887,True,4.818,4.401,,,
OCNT-2315888,,,,,,
OCNT-2315891,False,4.961,4.914,,,
OCNT-2315893,,,,False,2.739,2.847
OCNT-2315895,False,5.162,4.997,,,
OCNT-2315900,,,,False,3.972,3.178
OCNT-2315903,,,,,,
OCNT-2315906,,,,True,6.667,6.313
OCNT-2315908,,,,True,5.694,5.351
OCNT-2315910,,,,,,
OCNT-2315912,,,,,,
OCNT-2315913,True,5.142,4.5,,,
OCNT-2315916,,,,False,3.248,3.244
OCNT-2315930,True,4.979,4.578,,,
OCNT-2315931,,,,False,2.747,2.704
OCNT-2315934,,,,True,4.404,3.994
OCNT-2315937,True,5.259,2.72,,,
OCNT-2315938,,,,False,3.451,3.138
OCNT-2315944,True,4.997,4.447,,,
OCNT-2315945,,,,False,2.519,2.708
OCNT-2315946,False,4.512,4.305,,,
OCNT-2315948,False,3.333,1.955,False,5.372,5.28
OCNT-2315950,True,4.435,3.715,False,5.375,5.168
OCNT-2315953,,,,,,
OCNT-2315954,,,,,,
OCNT-2315959,,,,False,2.471,2.06
OCNT-2315960,False,5.663,5.583,False,5.706,5.642
OCNT-2315965,,,,,,
OCNT-2315966,False,4.746,4.741,,,
OCNT-2315972,False,5.174,4.99,False,6.255,6.323
OCNT-2315973,,,,False,2.211,2.518
OCNT-2315974,True,4.727,4.383,,,
OCNT-2315975,True,4.588,3.919,,,
OCNT-2315976,,,,False,2.66,2.254
OCNT-2315978,,,,,,
OCNT-2315980,,,,,,
OCNT-2315982,,,,,,
OCNT-2315984,,,,,,
OCNT-2315988,False,4.641,4.42,True,5.091,4.392
OCNT-2315990,True,5.027,2.382,,,
OCNT-2315991,,,,,,
OCNT-2315992,,,,False,4.353,4.155
OCNT-2315994,False,5.83,5.803,,,
OCNT-2315996,False,3.97,2.454,False,6.011,5.974
OCNT-2315997,,,,True,6.267,5.583
OCNT-2315998,,,,False,2.662,2.241
OCNT-2316001,,,,,,
OCNT-2316003,,,,False,3.699,3.221
OCNT-2316009,,,,,,
OCNT-2316012,False,6.403,6.357,,,
OCNT-2316017,False,4.643,4.47,,,
OCNT-2316020,,,,False,5.493,5.323
OCNT-2316025,,,,,,
OCNT-2316031,,,,,,
OCNT-2316032,,,,,,
OCNT-2316035,,,,False,3.576,3.416
OCNT-2316037,,,,False,3.633,3.382
OCNT-2316040,False,5.025,4.793,,,
OCNT-2316044,False,4.436,4.201,,,
OCNT-2316049,,,,,,
OCNT-2316068,,,,,,
OCNT-2316070,False,4.543,4.257,,,
OCNT-2316072,True,6.467,6.123,,,
OCNT-2316079,,,,False,4.467,4.223
OCNT-2316081,,,,,,
OCNT-2316082,False,4.695,4.469,,,
OCNT-2316083,False,5.743,5.583,,,
OCNT-2316084,,,,,,
OCNT-2316089,False,4.103,3.661,,,
OCNT-2316093,,,,True,6.683,6.076
OCNT-2316095,,,,False,3.741,3.529
OCNT-2316099,,,,True,4.597,4.289
OCNT-2316100,False,6.092,5.97,,,
OCNT-2316102,,,,False,1.96,1.992
OCNT-2316103,,,,False,3.136,2.194
OCNT-2316105,,,,False,4.045,3.594
OCNT-2316109,True,4.917,4.143,False,6.316,6.413
OCNT-2316110,,,,False,4.063,3.815
OCNT-2316112,,,,False,1.986,1.962
OCNT-2316115,,,,False,4.622,4.515
OCNT-2316117,,,,,,
OCNT-2316119,False,4.633,4.636,,,
OCNT-2316120,False,5.174,5.0,,,
OCNT-2316121,,,,,,
OCNT-2316125,,,,,,
OCNT-2316131,,,,,,
OCNT-2316132,,,,,,
OCNT-2316133,False,4.253,2.864,,,
OCNT-2316136,True,4.436,4.007,,,
OCNT-2316138,,,,False,2.584,2.34
OCNT-2316140,,,,False,3.121,2.896
OCNT-2316141,,,,True,5.667,5.199
OCNT-2316147,,,,,,
OCNT-2316148,,,,False,4.557,4.583
OCNT-2316158,,,,True,4.424,3.824
OCNT-2316159,,,,,,
OCNT-2316163,,,,False,3.237,2.926
OCNT-2316164,,,,,,
OCNT-2316170,,,,,,
OCNT-2316175,True,5.742,4.492,True,5.339,4.829
OCNT-2316176,False,4.928,5.135,False,5.074,4.871
OCNT-2316177,,,,False,1.994,2.149
OCNT-2316179,True,4.985,4.633,,,
OCNT-2316180,False,4.905,4.738,,,
OCNT-2316181,,,,,,
OCNT-2316185,,,,True,5.428,5.115
OCNT-2316186,,,,,,
OCNT-2316187,,,,True,4.545,3.937
OCNT-2316189,,,,,,
OCNT-2316191,,,,True,6.663,6.168
OCNT-2316194,,,,False,4.684,4.553
OCNT-2316195,,,,,,
OCNT-2316196,,,,False,4.735,4.671
OCNT-2316197,,,,False,2.391,2.155
OCNT-2316198,,,,,,
OCNT-2316204,,,,,,
OCNT-2316205,,,,,,
OCNT-2316207,False,5.587,5.659,,,
OCNT-2316209,,,,,,
OCNT-2316212,True,5.552,4.884,,,
OCNT-2316215,,,,,,
OCNT-2316216,,,,False,3.151,2.558
OCNT-2316217,,,,False,3.41,2.548
OCNT-2316222,,,,False,4.435,4.272
OCNT-2316225,,,,,,
OCNT-2316228,True,5.675,5.233,,,
OCNT-2316229,,,,False,4.21,3.986
OCNT-2316230,,,,,,
OCNT-2316235,,,,False,3.346,3.207
OCNT-2316236,,,,False,2.808,2.252
OCNT-2316237,False,4.469,4.175,,,
OCNT-2316240,True,5.437,4.832,,,
OCNT-2316247,False,4.833,4.651,,,
OCNT-2316252,,,,False,3.434,2.648
OCNT-2316253,False,4.933,4.678,,,
OCNT-2316254,,,,,,
OCNT-2316255,True,4.561,4.025,,,
OCNT-2316256,False,4.97,4.778,True,5.542,4.992
OCNT-2316257,,,,False,3.14,3.105
OCNT-2316262,False,5.06,5.043,,,
OCNT-2316266,,,,,,
OCNT-2316270,,,,,,
OCNT-2316274,,,,False,2.146,2.091
OCNT-2316276,,,,False,5.234,4.945
OCNT-2316278,,,,False,4.542,4.242
OCNT-2316280,,,,,,
OCNT-2316287,False,7.57,7.362,,,
OCNT-2316288,False,6.081,5.961,,,
OCNT-2316290,,,,,,
OCNT-2316296,True,4.333,4.013,,,
OCNT-2316303,,,,False,4.541,4.475
OCNT-2316304,,,,,,
OCNT-2316305,False,5.002,4.788,False,4.669,4.775
OCNT-2316307,,,,,,
OCNT-2316311,,,,False,5.137,5.159
OCNT-2316319,,,,,,
OCNT-2316320,,,,,,
OCNT-2316322,,,,,,
OCNT-2316326,,,,,,
OCNT-2316329,,,,True,5.059,4.445
OCNT-2316334,False,5.509,5.508,,,
OCNT-2316337,,,,,,
OCNT-2316339,,,,True,4.616,4.05
OCNT-2316344,,,,,,
OCNT-2316345,False,5.851,5.786,,,
OCNT-2316348,False,5.635,5.42,,,
OCNT-2316349,False,3.142,2.035,,,
OCNT-2316352,,,,False,4.881,4.628
OCNT-2316354,True,4.681,4.098,,,
OCNT-2316356,False,4.846,4.558,,,
OCNT-2316358,,,,True,4.322,3.962
OCNT-2316359,,,,False,4.69,4.651
OCNT-2316360,,,,,,
OCNT-2316365,,,,,,
OCNT-2316367,,,,False,5.31,5.097
OCNT-2316372,,,,,,
OCNT-2316374,,,,False,2.639,3.077
OCNT-2316388,True,5.659,5.336,,,
OCNT-2316392,,,,,,
OCNT-2316394,,,,,,
OCNT-2316397,,,,,,
OCNT-2316398,False,5.318,5.447,,,
OCNT-2316399,,,,,,
OCNT-2316400,,,,,,
OCNT-2316402,False,4.565,4.455,,,
OCNT-2316403,,,,False,4.521,4.446
OCNT-2316408,True,4.354,3.121,False,4.845,4.687
OCNT-2316412,True,4.802,4.132,,,
OCNT-2316420,False,2.075,2.068,False,5.844,5.59
OCNT-2316424,False,6.324,6.139,True,4.576,3.827
OCNT-2316430,,,,,,
OCNT-2316431,False,5.024,4.905,,,
OCNT-2316432,,,,True,6.299,5.955
OCNT-2316436,,,,,,
OCNT-2316438,,,,True,5.85,4.969
OCNT-2316441,,,,,,
OCNT-2316444,False,4.626,4.701,,,
OCNT-2316445,,,,False,2.52,2.409
OCNT-2316451,,,,False,2.684,2.602
OCNT-2316452,,,,,,
OCNT-2316459,False,4.241,2.55,True,6.381,5.747
OCNT-2316462,,,,False,4.099,4.269
OCNT-2316464,,,,False,4.834,4.786
OCNT-2316472,,,,False,2.44,1.956
OCNT-2316474,,,,False,5.205,5.017
OCNT-2316475,,,,,,
OCNT-2316476,,,,,,
OCNT-2316482,,,,,,
OCNT-2316486,,,,False,4.704,4.626
OCNT-2316490,,,,False,4.686,4.727
OCNT-2316493,False,5.547,5.705,,,
OCNT-2316494,,,,,,
OCNT-2316497,True,4.995,4.445,,,
OCNT-2316507,False,4.445,4.49,True,5.099,4.708
OCNT-2316512,,,,False,5.249,4.979
OCNT-2316515,,,,,,
OCNT-2316516,,,,,,
OCNT-2316527,False,5.393,5.2,,,
OCNT-2316531,,,,True,7.001,6.029
OCNT-2316534,,,,,,
OCNT-2316535,False,5.863,5.876,,,
OCNT-2316543,True,4.411,3.536,,,
OCNT-2316547,,,,,,
OCNT-2316548,,,,,,
OCNT-2316551,,,,False,2.652,2.039
OCNT-2316553,True,7.905,7.535,,,
OCNT-2316554,,,,True,5.141,4.812
OCNT-2316555,False,5.325,5.399,,,
OCNT-2316557,,,,False,5.819,5.536
OCNT-2316559,,,,,,
OCNT-2316560,,,,,,
OCNT-2316563,,,,True,4.592,4.277
OCNT-2316564,,,,False,4.266,4.104
OCNT-2316565,,,,False,3.811,3.435
OCNT-2316566,,,,True,5.827,5.097
OCNT-2316568,False,6.727,6.663,,,
OCNT-2316569,False,4.654,4.565,,,
OCNT-2316570,False,5.028,5.112,,,
OCNT-2316573,False,6.11,5.957,,,
OCNT-2316582,,,,False,5.86,5.588
OCNT-2316583,,,,False,5.884,5.658
OCNT-2316585,,,,,,
OCNT-2316587,False,5.902,5.815,,,
OCNT-2316589,,,,False,3.766,3.568
OCNT-2316591,,,,,,
OCNT-2316592,,,,,,
OCNT-2316594,False,4.69,4.48,,,
OCNT-2316595,,,,,,
OCNT-2316600,,,,False,4.658,4.531
OCNT-2316604,,,,,,
OCNT-2316606,,,,,,
OCNT-2316608,,,,False,2.437,2.059
OCNT-2316612,False,5.669,5.673,,,
OCNT-2316617,False,5.642,5.661,,,
OCNT-2316619,False,5.262,5.311,,,
OCNT-2316624,,,,,,
OCNT-2316626,,,,,,
OCNT-2316628,,,,,,
OCNT-2316630,True,4.941,4.205,,,
OCNT-2316633,,,,False,5.219,5.095
OCNT-2316635,,,,,,
OCNT-2316636,,,,False,6.135,5.933
OCNT-2316641,,,,,,
OCNT-2316644,False,4.689,4.628,,,
OCNT-2316650,,,,,,
OCNT-2316654,False,4.272,3.854,False,6.093,6.116
OCNT-2316656,True,4.915,3.318,False,3.113,3.185
OCNT-2316657,False,5.083,4.841,,,
OCNT-2316658,,,,,,
OCNT-2316662,,,,True,5.4,4.266
OCNT-2316664,False,4.505,4.422,False,5.075,4.967
OCNT-2316666,,,,False,4.038,3.788
OCNT-2316669,,,,,,
OCNT-2316671,,,,False,5.599,5.377
OCNT-2316676,False,5.735,5.531,,,
OCNT-2316679,,,,,,
OCNT-2316682,True,4.581,3.834,,,
OCNT-2316683,,,,,,
OCNT-2316684,,,,False,3.23,2.096
OCNT-2316687,,,,False,5.774,6.008
OCNT-2316690,,,,True,5.68,5.317
OCNT-2316691,,,,,,
OCNT-2316693,,,,,,
OCNT-2316694,,,,,,
OCNT-2316696,False,6.015,5.987,,,
OCNT-2316697,,,,False,3.294,3.071
OCNT-2316700,,,,,,
OCNT-2316701,False,2.092,1.996,,,
OCNT-2316702,,,,False,2.204,2.348
OCNT-2316703,,,,,,
OCNT-2316704,,,,,,
OCNT-2316705,,,,,,
OCNT-2316707,,,,False,5.245,5.164
OCNT-2316708,,,,True,4.927,4.494
OCNT-2316709,,,,,,
OCNT-2316711,,,,,,
OCNT-2316720,False,5.596,5.558,False,5.273,5.074
OCNT-2316721,,,,,,
OCNT-2316722,,,,,,
OCNT-2316726,,,,,,
OCNT-2316735,,,,False,5.056,5.006
OCNT-2316737,,,,False,4.866,4.863
OCNT-2316738,,,,True,5.216,4.853
OCNT-2316739,,,,True,5.766,5.04
OCNT-2316742,,,,False,2.73,3.271
OCNT-2316744,,,,True,4.634,3.977
OCNT-2316746,,,,False,4.506,4.448
OCNT-2316747,,,,False,2.255,2.133
OCNT-2316749,,,,False,4.463,4.49
OCNT-2316751,False,4.687,4.506,,,
OCNT-2316754,,,,False,2.133,2.083
OCNT-2316755,False,4.477,4.465,,,
OCNT-2316758,False,4.584,4.481,,,
OCNT-2316761,,,,False,5.608,5.376
OCNT-2316764,,,,False,3.995,3.002
OCNT-2316765,,,,False,2.101,2.764
OCNT-2316766,,,,False,2.735,2.729
OCNT-2316767,,,,True,5.792,4.898
OCNT-2316768,False,5.651,5.607,,,
OCNT-2316769,,,,,,
OCNT-2316770,,,,,,
OCNT-2316771,,,,,,
OCNT-2316772,,,,,,
OCNT-2316774,,,,False,2.419,2.025
OCNT-2316775,,,,,,
OCNT-2316781,False,6.299,6.37,,,
OCNT-2316783,,,,,,
OCNT-2316787,,,,,,
OCNT-2316796,False,5.643,5.649,,,
OCNT-2316803,,,,False,4.493,4.554
OCNT-2316811,,,,,,
OCNT-2316815,,,,False,4.231,3.672
OCNT-2316818,False,2.958,2.072,,,
OCNT-2316819,False,5.165,4.927,,,
OCNT-2316821,,,,False,4.278,4.326
OCNT-2316822,False,4.477,4.309,,,
OCNT-2316823,False,4.498,4.224,,,
OCNT-2316832,,,,False,3.205,3.276
OCNT-2316834,False,4.387,4.313,False,4.233,3.876
OCNT-2316836,,,,,,
OCNT-2316839,False,5.375,5.436,,,
OCNT-2316840,,,,,,
OCNT-2316841,False,4.492,4.414,,,
OCNT-2316845,False,4.895,4.728,,,
OCNT-2316848,,,,,,
OCNT-2316852,False,4.974,4.885,,,
OCNT-2316854,,,,,,
OCNT-2316855,,,,False,3.579,2.278
OCNT-2316859,,,,False,3.991,3.8
OCNT-2316861,False,4.763,4.491,,,
OCNT-2316864,,,,False,3.006,2.676
OCNT-2316867,,,,,,
OCNT-2316870,True,5.683,4.985,False,5.165,4.895
OCNT-2316872,,,,,,
OCNT-2316874,False,6.695,6.668,,,
OCNT-2316876,,,,True,5.037,3.981
OCNT-2316877,,,,,,
OCNT-2316879,,,,True,5.497,5.015
OCNT-2316880,,,,,,
OCNT-2316881,,,,,,
OCNT-2316883,True,4.769,4.46,,,
OCNT-2316884,,,,False,3.3,2.714
OCNT-2316890,,,,,,
OCNT-2316891,,,,False,2.382,2.447
OCNT-2316896,,,,False,2.062,2.141
OCNT-2316904,,,,False,4.852,4.735
OCNT-2316906,,,,,,
OCNT-2316907,,,,,,
OCNT-2316908,False,5.765,5.614,,,
OCNT-2316909,,,,False,3.669,2.852
OCNT-2316911,False,4.932,4.822,,,
OCNT-2316912,,,,,,
OCNT-2316913,,,,,,
OCNT-2316915,,,,False,3.216,2.148
OCNT-2316917,,,,False,3.542,3.109
OCNT-2316921,False,4.423,4.133,True,5.503,4.656
OCNT-2316922,,,,,,
OCNT-2316923,,,,,,
OCNT-2316931,,,,False,5.178,4.982
OCNT-2316933,,,,True,5.096,4.689
OCNT-2316937,,,,False,2.752,2.108
OCNT-2316942,False,4.583,4.309,,,
OCNT-2316947,,,,True,5.712,5.111
OCNT-2316948,,,,True,5.783,5.21
OCNT-2316951,False,5.218,4.974,,,
OCNT-2316954,,,,,,
OCNT-2316959,False,4.585,4.35,False,5.59,5.543
OCNT-2316960,,,,False,3.977,3.751
OCNT-2316961,,,,,,
OCNT-2316962,,,,False,2.096,2.024
OCNT-2316964,,,,,,
OCNT-2316966,,,,,,
OCNT-2316967,,,,,,
OCNT-2316968,False,5.294,5.047,,,
OCNT-2316971,True,5.566,5.128,,,
OCNT-2316975,False,5.717,5.858,False,6.072,6.128
OCNT-2316976,False,5.308,5.281,True,6.162,5.739
OCNT-2316984,,,,False,2.02,1.982
OCNT-2316987,True,5.033,4.414,,,
OCNT-2316989,,,,,,
OCNT-2316997,,,,True,5.41,4.96
OCNT-2316998,,,,,,
OCNT-2317000,,,,,,
OCNT-2317002,,,,False,4.224,3.328
OCNT-2317014,,,,,,
OCNT-2317020,,,,,,
OCNT-2317021,,,,,,
OCNT-2317023,,,,True,5.792,5.239
OCNT-2317024,,,,True,4.857,4.146
OCNT-2317025,,,,,,
OCNT-2317028,False,4.82,4.615,False,3.421,3.347
OCNT-2317039,,,,False,5.2,5.152
OCNT-2317040,False,4.373,4.322,,,
OCNT-2317044,,,,False,2.911,3.19
OCNT-2317059,,,,True,5.466,5.109
OCNT-2317061,,,,False,3.613,3.121
OCNT-2317062,,,,,,
OCNT-2317064,False,5.258,5.322,,,
OCNT-2317065,,,,False,2.786,3.189
OCNT-2317066,,,,False,2.119,2.117
OCNT-2317067,,,,False,4.214,4.11
OCNT-2317068,,,,,,
OCNT-2317070,,,,False,4.647,4.593
OCNT-2317072,,,,False,4.379,4.229
OCNT-2317077,,,,False,3.795,3.466
OCNT-2317078,,,,False,3.503,2.89
OCNT-2317079,,,,False,2.446,1.936
OCNT-2317084,False,5.484,5.256,,,
OCNT-2317086,,,,False,2.046,1.917
OCNT-2317087,,,,,,
OCNT-2317090,True,4.786,4.345,,,
OCNT-2317092,,,,False,4.871,4.767
OCNT-2317097,,,,,,
OCNT-2317099,False,4.934,4.845,,,
OCNT-2317101,,,,False,3.852,3.611
OCNT-2317103,,,,,,
OCNT-2317105,False,4.403,4.361,,,
OCNT-2317107,,,,False,4.233,3.769
OCNT-2317109,False,5.08,4.814,,,
OCNT-2317112,False,5.091,5.171,,,
OCNT-2317114,,,,False,3.669,2.452
OCNT-2317116,,,,True,4.992,4.21
OCNT-2317118,,,,,,
OCNT-2317123,,,,True,5.165,4.856
OCNT-2317126,,,,False,5.512,5.295
OCNT-2317127,,,,True,4.981,4.49
OCNT-2317130,False,5.3,5.245,,,
OCNT-2317132,,,,False,4.903,4.912
OCNT-2317134,,,,True,5.378,5.001
OCNT-2317135,,,,False,5.101,4.804
OCNT-2317136,,,,False,4.232,3.794
OCNT-2317143,,,,False,3.404,2.696
OCNT-2317145,False,4.652,4.811,,,
OCNT-2317148,,,,,,
OCNT-2317154,,,,True,5.262,4.957
OCNT-2317155,,,,False,2.078,2.102
OCNT-2317156,,,,False,2.088,1.976
OCNT-2317157,,,,,,
OCNT-2317158,True,5.94,5.463,,,
OCNT-2317163,False,3.899,2.122,,,
OCNT-2317166,,,,False,2.609,2.543
OCNT-2317169,False,5.607,5.412,False,5.467,5.44
OCNT-2317170,False,4.49,4.452,False,4.997,4.968
OCNT-2317171,,,,,,
OCNT-2317172,False,4.799,4.546,False,4.471,4.239
OCNT-2317174,False,4.629,4.481,True,5.042,4.506
OCNT-2317177,,,,False,2.151,2.971
OCNT-2317179,,,,True,4.44,3.105
OCNT-2317181,True,4.849,4.455,,,
OCNT-2317182,,,,,,
OCNT-2317183,,,,False,4.054,4.073
OCNT-2317186,False,4.776,4.522,,,
OCNT-2317189,,,,False,4.408,4.247
OCNT-2317192,False,5.178,5.16,,,
OCNT-2317195,,,,,,
OCNT-2317197,False,5.035,5.152,,,
OCNT-2317199,False,2.339,2.103,,,
OCNT-2317200,,,,False,3.748,3.401
OCNT-2317204,True,4.56,4.128,,,
OCNT-2317205,,,,,,
OCNT-2317207,,,,False,3.722,3.567
OCNT-2317208,,,,,,
OCNT-2317210,,,,False,5.201,4.979
OCNT-2317215,,,,,,
OCNT-2317216,False,4.631,4.449,,,
OCNT-2317217,,,,False,5.154,5.197
OCNT-2317220,,,,,,
OCNT-2317221,False,6.339,6.24,False,4.761,4.539
OCNT-2317222,,,,False,4.372,4.242
OCNT-2317227,False,5.062,5.044,False,5.509,5.352
OCNT-2317229,False,4.707,4.424,,,
OCNT-2317231,,,,,,
OCNT-2317238,,,,,,
OCNT-2317246,,,,,,
OCNT-2317249,,,,False,3.203,2.731
OCNT-2317252,,,,False,5.237,5.279
OCNT-2317253,,,,True,5.523,4.84
OCNT-2317255,False,5.813,5.757,,,
OCNT-2317261,,,,False,2.459,2.178
OCNT-2317262,False,4.547,4.403,,,
OCNT-2317263,,,,False,3.723,3.149
OCNT-2317265,,,,,,
OCNT-2317269,,,,False,4.54,4.403
OCNT-2317271,False,5.999,6.019,,,
OCNT-2317273,True,4.352,3.324,False,4.204,3.465
OCNT-2317274,False,6.137,6.154,,,
OCNT-2317275,True,6.102,5.451,,,
OCNT-2317276,,,,,,
OCNT-2317279,,,,,,
OCNT-2317280,,,,True,4.807,4.502
OCNT-2317281,,,,,,
OCNT-2317282,,,,,,
OCNT-2317285,False,5.765,5.595,,,
OCNT-2317286,,,,True,5.21,4.267
OCNT-2317287,False,5.65,5.477,,,
OCNT-2317295,,,,False,2.4,2.48
OCNT-2317297,False,4.686,4.508,,,
OCNT-2317298,,,,False,5.439,5.181
OCNT-2317299,False,4.772,4.596,,,
OCNT-2317300,False,4.827,4.722,True,5.542,4.916
OCNT-2317304,False,5.73,5.548,,,
OCNT-2317309,False,4.454,4.307,,,
OCNT-2317310,False,4.88,4.587,,,
OCNT-2317311,False,4.431,4.286,,,
OCNT-2317312,,,,True,4.742,4.133
OCNT-2317314,,,,True,5.091,4.569
OCNT-2317316,,,,,,
OCNT-2317321,,,,False,4.839,4.841
OCNT-2317322,False,5.896,5.986,,,
OCNT-2317323,,,,,,
OCNT-2317326,True,4.47,4.145,True,4.813,4.177
OCNT-2317327,True,5.787,5.254,,,
OCNT-2317331,,,,,,
OCNT-2317332,False,4.627,4.423,,,
OCNT-2317336,False,4.404,4.218,,,
OCNT-2317337,,,,True,4.577,4.148
OCNT-2317338,,,,False,4.826,4.767
OCNT-2317340,,,,False,2.386,2.079
OCNT-2317342,,,,,,
OCNT-2317343,False,4.65,4.536,,,
OCNT-2317344,,,,False,5.125,4.831
OCNT-2317345,False,5.523,5.339,,,
OCNT-2317346,False,6.58,6.408,,,
OCNT-2317347,False,4.013,2.162,,,
OCNT-2317349,True,5.22,4.841,True,4.457,4.132
OCNT-2317350,,,,,,
OCNT-2317353,True,4.879,2.185,,,
OCNT-2317357,,,,,,
OCNT-2317360,,,,,,
OCNT-2317361,False,6.02,5.982,True,5.197,4.723
OCNT-2317363,False,5.252,5.146,,,
OCNT-2317366,,,,,,
OCNT-2317368,,,,False,3.16,2.02
OCNT-2317371,True,5.283,4.564,,,
OCNT-2317373,,,,False,1.958,2.081
OCNT-2317382,,,,False,4.134,4.0
OCNT-2317383,False,5.255,5.195,,,
OCNT-2317384,,,,False,3.986,3.418
OCNT-2317386,,,,,,
OCNT-2317388,,,,False,3.445,3.025
OCNT-2317389,,,,,,
OCNT-2317392,,,,False,4.062,3.844
OCNT-2317394,,,,False,4.128,4.004
OCNT-2317395,,,,False,5.126,5.324
OCNT-2317398,,,,,,
OCNT-2317401,,,,,,
OCNT-2317402,,,,False,2.589,2.776
OCNT-2317403,,,,True,5.824,4.758
OCNT-2317404,True,4.331,2.451,,,
OCNT-2317408,,,,,,
OCNT-2317409,,,,True,5.119,4.806
OCNT-2317413,,,,False,3.145,2.247
OCNT-2317414,True,4.82,4.402,,,
OCNT-2317417,False,2.395,2.095,,,
OCNT-2317418,,,,False,4.134,3.905
OCNT-2317420,,,,,,
OCNT-2317424,,,,False,2.548,2.38
OCNT-2317425,False,4.553,4.386,,,
OCNT-2317432,False,3.807,1.963,,,
OCNT-2317433,True,4.895,4.44,,,
OCNT-2317434,,,,,,
OCNT-2317441,,,,,,
OCNT-2317442,,,,False,4.751,4.722
OCNT-2317444,,,,True,6.089,5.266
OCNT-2317446,False,4.464,4.203,,,
OCNT-2317449,True,4.677,2.499,,,
OCNT-2317450,,,,True,5.272,4.796
OCNT-2317452,,,,True,4.432,3.706
OCNT-2317454,,,,,,
OCNT-2317457,False,5.258,5.13,,,
OCNT-2317458,True,4.939,4.59,,,
OCNT-2317460,,,,True,4.474,3.957
OCNT-2317464,False,4.655,4.441,,,
OCNT-2317465,,,,True,5.569,4.968
OCNT-2317466,False,4.996,4.979,,,
OCNT-2317467,False,4.793,4.526,,,
OCNT-2317469,,,,True,4.704,4.102
OCNT-2317470,False,5.445,5.224,True,4.591,3.973
OCNT-2317471,False,4.714,4.508,,,
OCNT-2317472,,,,,,
OCNT-2317476,,,,,,
OCNT-2317479,False,4.622,4.567,,,
OCNT-2317482,,,,,,
OCNT-2317486,False,4.597,4.525,,,
OCNT-2317489,True,4.789,4.119,,,
OCNT-2317493,False,5.253,5.028,,,
OCNT-2317498,,,,False,3.532,3.163
OCNT-2317503,,,,True,4.857,4.518
OCNT-2317504,,,,,,
OCNT-2317505,False,5.495,5.375,,,
OCNT-2317506,False,5.833,5.758,,,
OCNT-2317510,False,5.304,5.24,,,
OCNT-2317512,,,,True,5.023,4.445
OCNT-2317513,,,,False,4.77,4.721
OCNT-2317519,False,5.727,5.455,,,
OCNT-2317520,False,4.714,4.426,False,5.082,4.843
OCNT-2317521,False,4.817,4.631,,,
OCNT-2317530,,,,True,5.133,3.827
OCNT-2317533,,,,True,5.263,4.758
OCNT-2317535,False,5.097,4.828,,,
OCNT-2317536,False,5.03,4.75,False,5.837,5.845
OCNT-2317538,,,,False,5.246,4.998
OCNT-2317551,False,6.458,6.246,,,
OCNT-2317552,False,4.545,4.41,,,
OCNT-2317569,,,,False,4.277,3.61
OCNT-2317570,False,4.686,4.49,True,5.407,4.762
OCNT-2317571,,,,False,3.444,3.225
OCNT-2317577,,,,,,
OCNT-2317579,True,5.038,4.344,,,
OCNT-2317584,,,,True,5.536,4.678
OCNT-2317589,True,4.84,4.436,,,
OCNT-2317592,True,4.749,2.267,False,2.483,2.153
OCNT-2317594,,,,True,4.311,3.988
OCNT-2317596,,,,False,4.347,4.139
OCNT-2317597,,,,,,
OCNT-2317599,False,6.322,6.116,,,
OCNT-2317600,False,4.309,4.096,True,4.65,4.172
OCNT-2317601,,,,,,
OCNT-2317602,False,4.64,4.527,,,
OCNT-2317604,,,,,,
OCNT-2317607,,,,,,
OCNT-2317609,,,,False,2.301,2.196
OCNT-2317611,False,5.369,5.277,,,
OCNT-2317612,,,,,,
OCNT-2317620,,,,False,2.24,2.396
OCNT-2317624,,,,False,3.216,3.175
OCNT-2317625,,,,True,5.076,4.665
OCNT-2317626,False,4.571,4.374,,,
OCNT-2317628,,,,,,
OCNT-2317632,,,,False,3.748,3.735
OCNT-2317633,,,,False,1.997,2.052
OCNT-2317634,True,5.105,4.753,,,
OCNT-2317635,,,,,,
OCNT-2317641,,,,,,
OCNT-2317646,,,,False,3.037,2.509
OCNT-2317648,True,5.586,4.697,,,
OCNT-2317650,False,5.203,5.189,,,
OCNT-2317652,,,,,,
OCNT-2317654,False,4.768,4.471,,,
OCNT-2317655,,,,True,7.605,6.55
OCNT-2317662,True,5.953,5.28,True,5.991,4.779
OCNT-2317664,,,,False,2.813,2.777
OCNT-2317666,,,,,,
OCNT-2317667,True,4.508,4.085,,,
OCNT-2317668,,,,False,4.88,4.596
OCNT-2317671,,,,,,
OCNT-2317673,False,4.587,4.337,True,5.157,4.724
OCNT-2317680,,,,,,
OCNT-2317681,,,,,,
OCNT-2317682,,,,False,4.561,4.326
OCNT-2317684,,,,True,4.446,4.107
OCNT-2317688,,,,True,5.132,4.724
OCNT-2317689,False,7.163,7.023,,,
OCNT-2317690,,,,True,5.128,4.797
OCNT-2317693,False,4.627,4.451,,,
OCNT-2317694,,,,False,4.352,4.138
OCNT-2317695,False,5.351,5.24,,,
OCNT-2317700,False,4.454,4.272,,,
OCNT-2317705,,,,False,3.94,2.287
OCNT-2317709,True,4.667,4.231,,,
OCNT-2317711,,,,,,
OCNT-2317716,,,,,,
OCNT-2317717,,,,,,
OCNT-2317719,,,,False,4.3,4.195
OCNT-2317724,False,5.12,5.101,,,
OCNT-2317729,True,5.474,5.003,,,
OCNT-2317730,,,,,,
OCNT-2317736,,,,False,2.913,2.035
OCNT-2317738,False,5.839,5.622,,,
OCNT-2317740,False,5.561,5.573,,,
OCNT-2317742,,,,,,
OCNT-2317749,,,,,,
OCNT-2317750,,,,False,2.089,2.068
OCNT-2317753,,,,,,
OCNT-2317758,,,,False,2.36,2.255
OCNT-2317759,,,,False,3.829,3.453
OCNT-2317761,True,4.977,4.268,,,
OCNT-2317762,,,,,,
OCNT-2317763,False,7.494,7.467,,,
OCNT-2317764,,,,False,4.774,4.531
OCNT-2317767,,,,True,5.678,5.073
OCNT-2317779,,,,,,
OCNT-2317783,,,,,,
OCNT-2317789,,,,,,
OCNT-2317790,False,6.978,6.901,,,
OCNT-2317796,,,,,,
OCNT-2317801,,,,False,4.174,3.67
OCNT-2317807,,,,True,5.73,5.322
OCNT-2317809,True,4.497,4.089,,,
OCNT-2317811,False,5.359,5.104,,,
OCNT-2317813,True,6.132,5.06,,,
OCNT-2317815,,,,,,
OCNT-2317816,,,,,,
OCNT-2317817,,,,False,3.947,3.735
OCNT-2317818,False,4.628,4.554,,,
OCNT-2317821,,,,,,
OCNT-2317822,,,,False,5.067,5.07
OCNT-2317824,,,,,,
OCNT-2317825,,,,False,2.052,2.074
OCNT-2317826,,,,False,3.802,3.723
OCNT-2317829,,,,False,4.241,4.128
OCNT-2317832,True,5.416,4.378,True,5.681,5.203
OCNT-2317840,True,4.663,3.517,,,
OCNT-2317841,,,,,,
OCNT-2317842,False,4.92,4.762,,,
OCNT-2317846,False,5.567,5.364,,,
OCNT-2317849,,,,,,
OCNT-2317850,,,,,,
OCNT-2317854,,,,False,4.148,3.28
OCNT-2317857,,,,False,4.952,4.885
OCNT-2317860,,,,False,4.589,4.432
OCNT-2317862,,,,False,3.91,3.799
OCNT-2317864,,,,False,4.547,4.339
OCNT-2317866,,,,False,2.176,2.222
OCNT-2317868,,,,True,5.159,4.727
OCNT-2317870,,,,,,
OCNT-2317872,,,,False,4.254,3.666
OCNT-2317874,False,4.497,4.366,False,2.911,2.517
OCNT-2317875,,,,True,4.443,3.644
OCNT-2317878,,,,True,4.402,3.65
OCNT-2317879,,,,False,3.24,2.091
OCNT-2317881,,,,True,4.834,4.249
OCNT-2317887,,,,,,
OCNT-2317890,True,6.539,6.183,,,
OCNT-2317891,,,,,,
OCNT-2317894,,,,False,2.069,2.316
OCNT-2317895,True,5.872,4.929,,,
OCNT-2317896,True,4.346,2.287,,,
OCNT-2317899,,,,,,
OCNT-2317901,True,5.618,4.989,,,
OCNT-2317904,True,4.821,4.149,,,
OCNT-2317906,,,,False,3.717,3.22
OCNT-2317908,,,,False,2.546,2.242
OCNT-2317909,False,4.533,4.351,,,
OCNT-2317910,,,,,,
OCNT-2317914,,,,,,
OCNT-2317916,,,,,,
OCNT-2317923,False,4.631,4.48,,,
OCNT-2317925,,,,,,
OCNT-2317926,,,,True,5.583,5.273
OCNT-2317931,,,,False,2.047,2.376
OCNT-2317936,,,,False,3.869,3.277
OCNT-2317938,,,,False,4.087,3.763
OCNT-2317940,False,4.421,4.229,,,
OCNT-2317941,,,,True,4.974,4.174
OCNT-2317942,,,,False,5.476,5.198
OCNT-2317943,,,,True,5.741,5.15
OCNT-2317946,,,,,,
OCNT-2317949,,,,False,4.177,3.782
OCNT-2317951,,,,True,5.174,4.826
OCNT-2317952,,,,,,
OCNT-2317954,,,,,,
OCNT-2317957,True,5.189,4.644,,,
OCNT-2317958,,,,False,2.127,2.897
OCNT-2317959,,,,False,2.517,2.147
OCNT-2317961,,,,,,
OCNT-2317962,,,,True,5.027,4.557
OCNT-2317963,,,,,,
OCNT-2317966,,,,True,5.335,4.724
OCNT-2317968,,,,False,3.263,2.535
OCNT-2317970,False,4.609,4.534,,,
OCNT-2317974,,,,False,3.908,3.647
OCNT-2317979,,,,False,3.714,3.016
OCNT-2317981,True,4.661,4.251,,,
OCNT-2317983,,,,,,
OCNT-2317984,,,,,,
OCNT-2317986,,,,,,
OCNT-2317987,,,,False,5.158,4.893
OCNT-2317988,,,,False,2.014,1.969
OCNT-2317990,,,,,,
OCNT-2317996,False,4.887,4.704,,,
OCNT-2317998,,,,,,
OCNT-2317999,,,,False,4.797,4.63
OCNT-2318000,,,,True,4.486,4.071
OCNT-2318002,False,4.037,2.387,,,
OCNT-2318005,,,,,,
OCNT-2318008,,,,,,
OCNT-2318014,,,,False,4.104,3.554
OCNT-2318016,,,,False,2.335,2.127
OCNT-2318019,True,5.342,4.616,,,
OCNT-2318020,False,4.635,4.412,True,5.48,4.888
OCNT-2318022,False,4.585,4.53,,,
OCNT-2318023,,,,True,5.679,5.063
OCNT-2318024,True,5.03,4.514,,,
OCNT-2318026,,,,,,
OCNT-2318030,,,,False,2.243,2.522
OCNT-2318031,,,,False,3.547,3.042
OCNT-2318034,,,,False,3.088,2.307
OCNT-2318036,,,,False,5.106,4.862
OCNT-2318037,,,,,,
OCNT-2318042,False,5.251,5.214,True,5.025,4.71
OCNT-2318046,,,,,,
OCNT-2318048,,,,True,4.988,4.477
OCNT-2318049,,,,,,
OCNT-2318057,False,4.57,4.344,,,
OCNT-2318058,,,,,,
OCNT-2318059,,,,True,6.313,5.875
OCNT-2318060,,,,False,3.663,3.205
OCNT-2318061,,,,,,
OCNT-2318067,False,5.302,5.183,True,4.992,4.438
OCNT-2318073,,,,True,4.468,3.659
OCNT-2318074,,,,False,5.137,4.926
OCNT-2318077,,,,True,5.208,4.125
OCNT-2318080,,,,False,4.207,4.266
OCNT-2318082,False,5.197,5.033,,,
OCNT-2318089,False,6.83,6.787,,,
OCNT-2318090,False,6.147,5.958,False,4.094,3.903
OCNT-2318091,False,4.797,4.642,,,
OCNT-2318092,,,,,,
OCNT-2318097,,,,,,
OCNT-2318098,,,,,,
OCNT-2318099,True,6.215,5.485,,,
OCNT-2318103,True,5.68,5.19,,,
OCNT-2318107,,,,,,
OCNT-2318111,,,,,,
OCNT-2318112,True,5.111,4.492,,,
OCNT-2318114,,,,False,2.717,2.011
OCNT-2318116,False,4.982,4.895,,,
OCNT-2318117,,,,True,6.297,5.684
OCNT-2318118,,,,,,
OCNT-2318120,,,,True,4.311,3.851
OCNT-2318123,True,4.671,4.297,False,3.753,3.818
OCNT-2318130,,,,True,5.35,4.908
OCNT-2318132,False,6.15,5.951,,,
OCNT-2318133,False,5.644,5.552,,,
OCNT-2318135,,,,,,
OCNT-2318141,,,,False,4.914,4.722
OCNT-2318150,False,6.33,6.157,,,
OCNT-2318152,False,4.613,4.65,,,
OCNT-2318153,,,,,,
OCNT-2318155,,,,False,3.509,2.778
OCNT-2318156,False,4.775,4.7,,,
OCNT-2318157,,,,False,3.256,2.642
OCNT-2318165,True,5.616,5.171,False,5.242,5.103
OCNT-2318169,,,,False,4.171,4.099
OCNT-2318171,True,4.923,4.4,,,
OCNT-2318174,,,,False,3.2,3.368
OCNT-2318175,,,,True,5.317,4.715
OCNT-2318176,,,,False,4.224,4.23
OCNT-2318177,,,,,,
OCNT-2318183,,,,,,
OCNT-2318184,False,5.335,5.275,True,6.617,6.285
OCNT-2318185,,,,,,
OCNT-2318186,,,,True,5.791,4.859
OCNT-2318193,False,6.468,6.347,,,
OCNT-2318196,,,,False,2.162,2.077
OCNT-2318197,,,,True,4.57,3.836
OCNT-2318198,,,,False,2.387,1.941
OCNT-2318205,False,4.81,4.534,,,
OCNT-2318207,,,,False,4.67,4.653
OCNT-2318209,,,,True,5.742,4.391
OCNT-2318213,False,4.735,4.476,False,4.944,4.863
OCNT-2318216,True,4.919,4.477,,,
OCNT-2318220,False,3.887,2.419,,,
OCNT-2318223,,,,False,3.013,2.393
OCNT-2318230,True,5.335,4.826,,,
OCNT-2318232,True,4.802,4.344,,,
OCNT-2318236,,,,,,
OCNT-2318240,,,,,,
OCNT-2318241,,,,False,3.549,3.269
OCNT-2318242,,,,,,
OCNT-2318243,,,,False,5.127,5.172
OCNT-2318244,,,,,,
OCNT-2318253,,,,True,5.297,4.848
OCNT-2318254,,,,,,
OCNT-2318257,,,,,,
OCNT-2318259,,,,,,
OCNT-2318260,False,2.33,2.639,,,
OCNT-2318261,,,,,,
OCNT-2318269,,,,,,
OCNT-2318270,,,,,,
OCNT-2318272,False,4.716,4.526,,,
OCNT-2318273,,,,False,4.881,4.689
OCNT-2318275,,,,False,5.378,5.322
OCNT-2318277,False,5.743,5.565,,,
OCNT-2318278,,,,False,5.86,5.744
OCNT-2318281,False,5.7,5.654,,,
OCNT-2318286,False,4.938,4.853,,,
OCNT-2318287,False,5.835,5.797,,,
OCNT-2318290,False,4.545,4.38,,,
OCNT-2318294,,,,False,5.019,5.101
OCNT-2318299,False,4.613,4.394,,,
OCNT-2318300,,,,False,4.586,4.287
OCNT-2318305,,,,,,
OCNT-2318306,False,5.081,5.064,,,
OCNT-2318307,,,,,,
OCNT-2318308,,,,True,5.397,4.936
OCNT-2318311,,,,False,4.951,4.996
OCNT-2318312,True,5.586,5.189,,,
OCNT-2318316,,,,,,
OCNT-2318322,,,,False,3.252,2.237
OCNT-2318324,,,,,,
OCNT-2318326,False,4.276,2.764,,,
OCNT-2318328,False,4.637,4.619,,,
OCNT-2318329,True,5.309,4.648,,,
OCNT-2318330,True,5.069,4.075,True,6.527,5.928
OCNT-2318340,False,5.09,5.032,,,
OCNT-2318341,,,,,,
OCNT-2318342,False,6.301,6.23,,,
OCNT-2318344,,,,,,
OCNT-2318346,,,,,,
OCNT-2318347,,,,True,5.548,4.401
OCNT-2318348,False,5.625,5.444,,,
OCNT-2318350,,,,,,
OCNT-2318351,,,,,,
OCNT-2318352,,,,,,
OCNT-2318356,,,,,,
OCNT-2318359,False,5.338,5.373,,,
OCNT-2318363,False,6.065,5.802,,,
OCNT-2318364,,,,,,
OCNT-2318366,,,,True,4.921,4.597
OCNT-2318369,False,5.499,5.321,True,5.43,5.114
OCNT-2318371,,,,False,4.676,4.658
OCNT-2318376,,,,True,5.194,4.824
OCNT-2318379,,,,False,2.077,1.991
OCNT-2318388,,,,False,4.539,4.362
OCNT-2318390,False,4.791,4.625,,,
OCNT-2318391,False,5.518,5.496,,,
OCNT-2318392,,,,False,5.196,5.171
OCNT-2318394,,,,,,
OCNT-2318395,,,,False,5.305,5.192
OCNT-2318397,False,4.573,4.433,,,
OCNT-2318399,False,4.884,4.617,,,
OCNT-2318401,False,4.543,4.457,,,
OCNT-2318404,False,5.465,5.268,,,
OCNT-2318405,False,6.811,6.64,False,5.07,4.962
OCNT-2318411,,,,,,
OCNT-2318416,,,,False,2.2,2.797
OCNT-2318420,,,,False,4.007,3.286
OCNT-2318423,,,,,,
OCNT-2318428,True,5.303,4.248,,,
OCNT-2318429,False,5.204,4.994,,,
OCNT-2318434,,,,False,4.346,4.256
OCNT-2318439,,,,,,
OCNT-2318445,True,5.408,5.071,False,3.005,2.133
OCNT-2318446,False,5.108,4.93,,,
OCNT-2318448,,,,,,
OCNT-2318449,,,,False,2.652,2.63
OCNT-2318451,,,,False,2.048,2.228
OCNT-2318453,False,3.59,2.085,,,
OCNT-2318456,,,,,,
OCNT-2318460,,,,False,3.649,2.191
OCNT-2318462,,,,False,3.685,3.292
OCNT-2318463,,,,False,3.543,2.705
OCNT-2318467,,,,True,4.568,4.192
OCNT-2318468,,,,True,5.366,4.657
OCNT-2318474,,,,False,3.56,3.7
OCNT-2318479,False,4.58,4.35,,,
OCNT-2318483,,,,,,
OCNT-2318484,,,,True,5.83,5.175
OCNT-2318486,False,3.836,2.122,,,
OCNT-2318487,,,,,,
OCNT-2318494,False,5.459,5.488,,,
OCNT-2318495,False,5.506,5.435,,,
OCNT-2318499,False,5.36,5.248,,,
OCNT-2318503,,,,True,4.706,3.496
OCNT-2318507,True,5.125,4.678,,,
OCNT-2318512,,,,,,
OCNT-2318516,False,5.31,5.222,,,
OCNT-2318522,,,,False,2.794,2.726
OCNT-2318523,False,4.761,4.556,,,
OCNT-2318524,,,,False,4.162,3.507
OCNT-2318529,,,,False,3.834,4.004
OCNT-2318530,,,,True,4.541,3.949
OCNT-2318531,False,4.837,4.882,,,
OCNT-2318535,,,,True,5.498,4.83
OCNT-2318536,False,4.706,4.554,,,
OCNT-2318539,,,,,,
OCNT-2318540,,,,,,
OCNT-2318541,False,3.997,2.297,,,
OCNT-2318542,,,,True,5.376,4.587
OCNT-2318543,True,4.879,4.577,,,
OCNT-2318545,,,,False,3.952,3.103
OCNT-2318546,,,,,,
OCNT-2318547,,,,False,4.712,4.633
OCNT-2318549,,,,,,
OCNT-2318552,,,,True,5.096,4.488
OCNT-2318553,,,,True,6.388,5.727
OCNT-2318555,True,4.621,4.297,False,4.955,4.928
OCNT-2318557,,,,,,
OCNT-2318558,,,,True,4.432,3.698
OCNT-2318561,,,,False,5.508,5.445
OCNT-2318566,False,4.657,4.358,False,4.887,4.852
OCNT-2318568,,,,False,5.752,5.493
OCNT-2318569,False,5.09,4.919,,,
OCNT-2318570,False,4.698,4.445,,,
OCNT-2318572,,,,,,
OCNT-2318573,,,,True,5.679,4.522
OCNT-2318576,False,5.46,5.173,,,
OCNT-2318577,,,,,,
OCNT-2318583,,,,,,
OCNT-2318584,False,5.638,5.531,,,
OCNT-2318585,False,6.918,6.873,,,
OCNT-2318586,,,,False,2.407,2.262
OCNT-2318590,,,,,,
OCNT-2318595,,,,False,3.418,3.71
OCNT-2318599,,,,False,3.732,2.726
OCNT-2318602,,,,True,4.785,4.009
OCNT-2318603,,,,,,
OCNT-2318609,,,,False,4.138,2.916
OCNT-2318612,,,,,,
OCNT-2318616,,,,False,5.289,5.07
OCNT-2318618,False,4.615,4.455,,,
OCNT-2318622,,,,False,5.436,5.194
OCNT-2318623,False,4.842,4.703,,,
OCNT-2318628,,,,,,
OCNT-2318633,,,,,,
OCNT-2318634,True,5.613,5.144,,,
OCNT-2318635,,,,False,4.22,4.13
OCNT-2318636,True,4.664,4.25,,,
OCNT-2318637,,,,False,2.907,2.778
OCNT-2318638,,,,False,4.111,4.047
OCNT-2318639,,,,,,
OCNT-2318643,,,,,,
OCNT-2318647,,,,,,
OCNT-2318651,False,4.542,4.334,,,
OCNT-2318657,,,,True,5.817,4.849
OCNT-2318658,False,4.793,4.567,,,
OCNT-2318659,,,,,,
OCNT-2318668,,,,,,
OCNT-2318670,,,,False,4.544,4.447
OCNT-2318671,False,7.167,6.897,,,
OCNT-2318673,False,4.58,4.293,,,
OCNT-2318675,False,4.471,4.362,,,
OCNT-2318678,True,4.733,4.288,,,
OCNT-2318680,,,,,,
OCNT-2318684,False,6.133,6.159,,,
OCNT-2318685,,,,,,
OCNT-2318691,,,,,,
OCNT-2328316,,,,,,
OCNT-2328317,,,,,,
OCNT-2328318,False,4.687,4.439,,,
OCNT-2328321,,,,,,
OCNT-2328323,False,6.975,6.761,False,4.063,3.789
OCNT-2328326,,,,,,
OCNT-2328327,,,,,,
OCNT-2328329,False,4.669,4.658,,,
OCNT-2328330,,,,,,
OCNT-2328331,True,4.863,4.364,,,
OCNT-2328332,,,,False,2.666,2.626
OCNT-2328333,False,5.246,5.246,False,4.023,3.311
OCNT-2328337,False,4.67,4.631,,,
OCNT-2328339,,,,,,
OCNT-2328341,,,,,,
OCNT-2328344,False,5.078,4.784,,,
OCNT-2328345,False,5.232,5.175,,,
OCNT-2328348,,,,True,5.283,4.545
OCNT-2328352,,,,True,4.475,3.926
OCNT-2328359,,,,True,5.425,4.503
OCNT-2328360,,,,,,
OCNT-2328366,,,,False,5.005,4.718
OCNT-2328368,False,5.591,5.615,,,
OCNT-2328369,False,4.259,4.113,,,
OCNT-2328370,,,,,,
OCNT-2328371,,,,False,3.971,3.652
OCNT-2328376,False,4.614,4.523,,,
OCNT-2328378,True,5.114,4.674,,,
OCNT-2328380,,,,False,4.033,3.83
OCNT-2328381,False,4.978,4.892,,,
OCNT-2328382,False,7.205,7.107,,,
OCNT-2328385,False,5.15,4.999,,,
OCNT-2328395,True,5.014,4.59,,,
OCNT-2328398,False,4.721,4.463,False,2.977,2.251
OCNT-2328400,,,,,,
OCNT-2328401,,,,,,
OCNT-2328402,,,,True,5.965,5.497
OCNT-2328410,,,,False,2.105,2.215
OCNT-2328411,False,4.541,4.356,,,
OCNT-2328416,,,,True,4.698,4.364
OCNT-2328418,False,5.196,4.969,,,
OCNT-2328420,False,5.72,5.67,,,
OCNT-2328421,False,4.486,4.407,,,
OCNT-2328426,True,6.547,6.081,,,
OCNT-2328429,False,4.999,4.803,False,4.276,3.898
OCNT-2328430,,,,False,2.027,2.277
OCNT-2328441,True,5.187,4.725,,,
OCNT-2328446,False,5.521,5.448,False,4.673,4.675
OCNT-2328447,False,5.868,5.867,,,
OCNT-2328449,,,,,,
OCNT-2328450,False,4.836,4.634,,,
OCNT-2328455,,,,True,5.769,5.143
OCNT-2328456,False,4.691,4.618,,,
OCNT-2328469,True,5.454,5.004,,,
OCNT-2328471,,,,,,
OCNT-2328472,False,5.049,5.048,,,
OCNT-2328475,False,4.641,4.461,,,
OCNT-2328483,,,,False,1.942,2.034
OCNT-2328485,False,5.046,5.008,False,3.172,2.963
OCNT-2328488,False,5.582,5.384,,,
OCNT-2328496,,,,,,
OCNT-2328499,False,4.496,4.343,,,
OCNT-2328503,,,,False,4.686,4.592
OCNT-2328509,False,5.947,5.79,,,
OCNT-2328510,,,,,,
OCNT-2328518,False,5.024,5.033,,,
OCNT-2328519,,,,,,
OCNT-2328525,,,,False,4.11,3.717
OCNT-2328527,False,4.894,4.669,,,
OCNT-2328533,True,5.092,4.783,,,
OCNT-2328534,False,4.742,4.662,,,
OCNT-2328540,False,5.314,5.252,False,4.132,3.526
OCNT-2328544,True,5.51,5.19,,,
OCNT-2328546,False,5.58,5.606,,,
OCNT-2328549,,,,False,3.836,3.626
OCNT-2328552,False,7.158,7.062,,,
OCNT-2328553,,,,,,
OCNT-2328555,,,,,,
OCNT-2328558,False,5.034,4.923,,,
OCNT-2328559,False,7.279,7.242,,,
OCNT-2328562,,,,False,2.053,2.088
OCNT-2328565,,,,,,
OCNT-2328568,False,5.783,5.482,,,
OCNT-2328579,,,,True,4.534,4.078
OCNT-2328583,,,,,,
OCNT-2328585,,,,False,1.968,2.245
OCNT-2328587,False,5.185,4.977,,,
OCNT-2328589,,,,,,
OCNT-2328597,False,5.301,5.055,,,
OCNT-2328599,False,4.958,4.748,False,4.06,3.605
OCNT-2328601,,,,,,
OCNT-2328604,,,,,,
OCNT-2328613,,,,False,2.157,2.452
OCNT-2328617,False,5.549,5.428,,,
OCNT-2328619,,,,,,
OCNT-2328630,False,5.968,5.696,False,4.728,4.775
OCNT-2328631,,,,,,
OCNT-2328635,False,4.873,4.753,,,
OCNT-2328638,,,,,,
OCNT-2328648,,,,,,
OCNT-2328651,False,5.234,4.986,,,
OCNT-2328652,False,4.567,4.378,,,
OCNT-2328659,False,5.196,4.98,,,
OCNT-2328663,False,4.852,4.681,,,
OCNT-2328666,False,5.312,5.184,,,
OCNT-2328670,False,5.518,5.457,,,
OCNT-2328671,False,4.611,4.552,,,
OCNT-2328673,,,,,,
OCNT-2328675,,,,False,3.719,2.617
OCNT-2328676,False,4.663,4.482,,,
OCNT-2328681,,,,True,5.277,4.906
OCNT-2328688,True,5.214,4.708,,,
OCNT-2328691,False,5.007,4.924,,,
OCNT-2328702,,,,,,
OCNT-2328703,False,5.707,5.676,,,
OCNT-2328704,False,5.554,5.506,,,
OCNT-2328714,True,4.765,4.285,,,
OCNT-2328725,,,,False,2.547,2.114
OCNT-2328726,,,,,,
OCNT-2328727,False,6.216,5.965,,,
OCNT-2328729,True,4.968,4.431,,,
OCNT-2328731,False,5.263,5.111,,,
OCNT-2328732,True,4.818,4.393,,,
OCNT-2328733,,,,,,
OCNT-2328745,False,4.599,4.465,,,
OCNT-2328748,,,,False,2.459,2.628
OCNT-2328750,False,4.555,4.359,,,
OCNT-2328752,,,,False,2.095,2.357
OCNT-2328753,,,,False,2.866,2.485
OCNT-2328759,,,,,,
OCNT-2328763,False,6.555,6.464,,,
OCNT-2328764,False,2.786,1.975,,,
OCNT-2328767,,,,,,
OCNT-2328771,,,,True,5.002,4.698
OCNT-2328774,,,,,,
OCNT-2328777,,,,,,
OCNT-2328781,False,5.577,5.456,,,
OCNT-2328784,,,,False,3.538,3.317
OCNT-2328787,True,6.471,5.882,,,
OCNT-2328788,False,4.992,4.982,,,
OCNT-2328789,,,,False,3.269,2.288
OCNT-2328791,False,5.375,5.162,,,
OCNT-2328794,,,,,,
OCNT-2328797,,,,,,
OCNT-2328798,,,,,,
OCNT-2328803,False,5.348,5.13,,,
OCNT-2328805,False,4.868,4.58,,,
OCNT-2328813,,,,False,4.608,4.485
OCNT-2328814,False,4.722,4.619,,,
OCNT-2328816,False,5.628,5.453,,,
OCNT-2328820,,,,True,5.024,4.592
OCNT-2328822,,,,True,4.403,3.87
OCNT-2328824,False,5.229,5.595,,,
OCNT-2328827,,,,,,
OCNT-2328829,False,4.681,4.7,False,2.735,2.393
OCNT-2328835,False,5.838,5.58,,,
OCNT-2328838,,,,,,
OCNT-2328839,True,4.806,4.373,,,
OCNT-2328840,,,,False,2.026,2.393
OCNT-2328848,,,,False,2.157,2.393
OCNT-2328849,,,,,,
OCNT-2328854,,,,False,4.78,5.002
OCNT-2328857,,,,False,2.353,2.104
OCNT-2328864,True,5.963,5.287,,,
OCNT-2328868,True,4.954,4.611,,,
OCNT-2328869,,,,False,3.739,2.897
OCNT-2328870,False,4.732,4.528,False,3.243,3.14
OCNT-2328873,,,,,,
OCNT-2328886,,,,,,
OCNT-2328889,,,,,,
OCNT-2328890,False,5.458,5.171,True,5.119,4.719
OCNT-2328892,,,,False,5.219,5.059
OCNT-2328898,False,4.641,4.502,,,
OCNT-2328911,False,5.307,5.231,,,
OCNT-2328914,True,5.025,4.617,,,
OCNT-2328916,False,6.479,6.204,,,
OCNT-2328919,False,4.899,4.776,,,
OCNT-2328931,,,,,,
OCNT-2328935,,,,True,5.632,4.823
OCNT-2328936,,,,False,6.165,6.241
OCNT-2328938,,,,False,5.83,5.745
OCNT-2328941,,,,False,3.832,3.467
OCNT-2328942,False,4.037,2.527,,,
OCNT-2328943,True,6.093,5.544,,,
OCNT-2328946,,,,,,
OCNT-2328948,,,,True,4.958,4.568
OCNT-2328949,False,5.25,5.101,,,
OCNT-2328950,False,3.979,4.182,,,
OCNT-2328952,,,,False,4.284,4.24
OCNT-2328955,,,,,,
OCNT-2328958,False,4.537,4.567,,,
OCNT-2328961,,,,,,
OCNT-2328962,,,,,,
OCNT-2328964,,,,False,2.054,2.053
OCNT-2328965,,,,,,
OCNT-2328969,,,,,,
OCNT-2328970,,,,False,2.135,1.977
OCNT-2328974,,,,,,
OCNT-2328975,False,5.146,5.001,,,
OCNT-2328980,,,,,,
OCNT-2328985,,,,,,
OCNT-2328989,False,4.638,4.482,,,
OCNT-2328990,True,5.327,5.018,,,
OCNT-2328993,,,,False,2.124,2.046
OCNT-2328994,False,4.921,4.694,False,4.169,4.347
OCNT-2328999,,,,False,4.298,4.324
OCNT-2395272,,,,False,4.016,3.834
OCNT-2395273,,,,True,4.599,3.94
OCNT-2395274,,,,True,7.724,6.797
OCNT-2395275,,,,True,5.965,5.331
OCNT-2395276,,,,False,4.347,4.305
OCNT-2395277,,,,False,5.209,5.064
OCNT-2395278,,,,False,2.115,2.678
OCNT-2395279,,,,True,6.883,6.15
OCNT-2395280,,,,False,4.16,4.013
OCNT-2395281,,,,False,3.915,3.925
OCNT-2395282,,,,False,4.304,4.025
OCNT-2395283,,,,False,5.239,4.985
OCNT-2395284,,,,False,3.875,3.587
OCNT-2395285,,,,True,6.088,5.732
OCNT-2395286,,,,False,4.579,4.385
OCNT-2395287,,,,True,6.588,5.967
OCNT-2395288,,,,False,4.941,4.919
OCNT-2395289,,,,False,2.567,2.656
OCNT-2395290,,,,False,2.263,3.485
OCNT-2395291,,,,False,5.256,5.172
OCNT-2395292,,,,False,4.0,3.187
OCNT-2395293,,,,False,4.744,4.648
OCNT-2395294,,,,False,4.558,4.312
OCNT-2395295,,,,False,4.297,3.779
OCNT-2395296,,,,False,4.713,4.437
OCNT-2395297,,,,True,4.664,4.037
OCNT-2395298,,,,False,3.874,3.409
OCNT-2395299,,,,False,4.352,4.329
OCNT-2395300,,,,False,5.386,5.159
OCNT-2395301,,,,False,2.857,2.458
OCNT-2395302,,,,True,5.17,4.744
OCNT-2395303,,,,True,6.146,5.81
OCNT-2395304,,,,False,4.431,4.168
OCNT-2395305,,,,False,4.959,4.832
OCNT-2395306,,,,False,5.038,4.759
OCNT-2395307,,,,True,5.495,5.106
OCNT-2395308,,,,False,5.028,4.751
OCNT-2395309,,,,False,2.699,1.965
OCNT-2395310,,,,True,5.281,4.877
OCNT-2395311,,,,True,5.714,5.319
OCNT-2395312,,,,False,5.607,5.345
OCNT-2395313,,,,False,4.227,4.089
OCNT-2395314,,,,False,4.63,4.569
OCNT-2395315,,,,True,4.923,4.594
OCNT-2395316,,,,False,5.126,4.931
OCNT-2395317,,,,True,5.696,5.133
OCNT-2395318,,,,False,3.517,3.095
OCNT-2395319,,,,True,6.224,5.885
OCNT-2395320,,,,False,3.753,3.645
OCNT-2395321,,,,True,5.662,5.312
OCNT-2395322,,,,False,4.272,4.246
OCNT-2395323,,,,False,5.412,5.134
OCNT-2395324,,,,False,4.314,4.135
OCNT-2395325,,,,True,5.516,4.889
OCNT-2395326,,,,True,4.667,3.772
OCNT-2395327,,,,True,6.247,5.52
OCNT-2395328,,,,True,6.067,5.527
OCNT-2395329,,,,False,4.177,3.769
OCNT-2395330,,,,False,5.437,5.292
OCNT-2395331,,,,False,3.782,3.224
OCNT-2395332,,,,False,4.014,3.574
OCNT-2395333,,,,True,4.963,4.52
OCNT-2395334,,,,False,5.2,4.997
OCNT-2395335,,,,False,4.644,4.408
OCNT-2395336,,,,False,4.064,3.77
OCNT-2395337,,,,True,4.535,4.166
OCNT-2395338,,,,False,3.837,3.191
OCNT-2395339,,,,True,5.88,5.568
OCNT-2395340,,,,False,5.012,5.03
OCNT-2395341,,,,False,2.148,2.016
OCNT-2395342,,,,True,6.079,5.342
OCNT-2395343,,,,False,2.697,2.245
OCNT-2395344,,,,False,3.907,3.641
OCNT-2395345,,,,True,5.172,4.572
OCNT-2395346,,,,False,5.53,5.578
OCNT-2395347,,,,False,3.86,3.936
OCNT-2395348,,,,True,5.162,4.691
OCNT-2395349,,,,False,5.232,5.07
OCNT-2395350,,,,True,4.813,4.399
OCNT-2395351,,,,True,5.128,4.622
OCNT-2395352,,,,True,4.468,4.06
OCNT-2395353,,,,False,5.031,4.886
OCNT-2395354,,,,True,4.814,3.816
OCNT-2395355,,,,False,4.762,4.463
OCNT-2395356,,,,False,4.382,4.177
OCNT-2395357,,,,False,4.135,3.817
OCNT-2395358,,,,False,4.202,3.841
OCNT-2395359,,,,False,2.867,2.349
OCNT-2395360,,,,True,4.979,4.619
OCNT-2395361,,,,False,3.915,3.526
OCNT-2395362,,,,True,5.244,4.883
OCNT-2395363,,,,True,5.513,4.868
OCNT-2395364,,,,True,6.388,5.53
OCNT-2395365,,,,False,3.845,2.846
OCNT-2395366,,,,False,5.662,5.606
OCNT-2395367,,,,False,5.298,5.105
OCNT-2395368,,,,False,5.468,5.586
OCNT-2395369,,,,False,4.645,4.434
OCNT-2395370,,,,False,3.817,2.358
OCNT-2395371,,,,False,4.639,4.459
OCNT-2395372,,,,False,5.9,5.978
OCNT-2395373,,,,False,3.683,2.732
OCNT-2395374,,,,False,3.946,3.504
OCNT-2395375,,,,False,4.391,4.145
OCNT-2395376,,,,False,5.254,5.242
OCNT-2395377,,,,False,5.565,5.406
OCNT-2395378,,,,False,2.201,2.734
OCNT-2395379,,,,False,4.692,4.835
OCNT-2395380,,,,False,4.175,3.916
OCNT-2395381,,,,True,5.098,4.448
OCNT-2395382,,,,False,4.671,4.532
OCNT-2395383,,,,False,5.318,5.233
OCNT-2395384,,,,True,6.104,5.648
OCNT-2395385,,,,False,4.011,3.779
OCNT-2395386,,,,True,4.932,4.32
OCNT-2395387,,,,False,4.645,4.641
OCNT-2395388,,,,False,4.446,4.451
OCNT-2395389,,,,False,5.668,5.416
OCNT-2395390,,,,True,5.482,5.05
OCNT-2395391,,,,False,4.741,4.79
OCNT-2395392,,,,False,4.381,4.539
OCNT-2395393,,,,False,3.874,3.805
OCNT-2395394,,,,True,4.753,4.261
OCNT-2395395,,,,False,4.966,5.034
OCNT-2395396,,,,False,2.471,2.14
OCNT-2395397,,,,False,4.811,4.589
OCNT-2395398,,,,False,4.032,3.937
OCNT-2395399,,,,False,3.512,2.758
OCNT-2395400,,,,False,3.563,3.394
OCNT-2395401,,,,False,4.039,3.516
OCNT-2395402,,,,False,4.218,4.003
OCNT-2395403,,,,False,4.852,4.747
OCNT-2395404,,,,False,2.997,2.398
OCNT-2395405,,,,False,5.852,5.798
OCNT-2395406,,,,False,4.885,4.818
OCNT-2395407,,,,False,4.288,3.986
OCNT-2395408,,,,False,5.938,5.854
OCNT-2395409,,,,True,5.564,5.232
OCNT-2395410,,,,False,3.981,3.417
OCNT-2395411,,,,True,4.545,4.171
OCNT-2395412,,,,False,2.753,2.066
OCNT-2395413,,,,True,5.127,4.266
OCNT-2395414,,,,False,4.943,4.881
OCNT-2395415,,,,False,5.16,4.964
OCNT-2395416,,,,False,4.708,4.424
OCNT-2395417,,,,True,6.092,4.885
OCNT-2395418,,,,True,4.965,4.572
OCNT-2395419,,,,False,5.173,4.924
OCNT-2395420,,,,False,3.732,2.698
OCNT-2395421,,,,True,6.143,5.551
OCNT-2395422,,,,False,1.991,1.942
OCNT-2395423,,,,True,5.693,5.136
OCNT-2395424,,,,False,6.268,6.376
OCNT-2395425,,,,False,5.251,5.121
OCNT-2395426,,,,False,2.007,2.072
OCNT-2395427,,,,False,6.793,6.577
OCNT-2395428,,,,True,5.29,4.881
OCNT-2395429,,,,False,4.683,4.541
OCNT-2395430,,,,False,5.224,5.119
OCNT-2395431,,,,False,3.331,3.455
OCNT-2395432,,,,False,2.072,2.181
OCNT-2395433,,,,True,5.43,4.966
OCNT-2395434,,,,False,2.798,2.618
OCNT-2395435,,,,False,2.11,2.18
OCNT-2395436,,,,False,5.965,5.964
OCNT-2395437,,,,False,4.794,4.68
OCNT-2395438,,,,False,3.308,3.095
OCNT-2395439,,,,False,2.136,2.331
OCNT-2395440,,,,False,5.091,4.953
OCNT-2395441,,,,False,4.987,5.138
OCNT-2395442,,,,False,3.104,2.174
OCNT-2395443,,,,False,5.286,5.36
OCNT-2395444,,,,True,6.011,5.384
OCNT-2395445,,,,False,3.676,3.533
OCNT-2395446,,,,False,3.849,3.509
OCNT-2395447,,,,True,6.066,5.66
OCNT-2395448,,,,False,2.225,2.071
OCNT-2395449,,,,False,5.28,5.11
OCNT-2395450,,,,True,5.958,5.055
OCNT-2395451,,,,False,4.083,3.579
OCNT-2395452,,,,False,2.823,2.131
OCNT-2395453,,,,False,5.374,5.471
OCNT-2395454,,,,False,4.206,4.118
OCNT-2395455,,,,True,4.936,4.542
OCNT-2395456,,,,False,3.796,3.394
OCNT-2395457,,,,False,5.796,5.856
OCNT-2395458,,,,False,3.943,3.34
OCNT-2395459,,,,False,2.113,2.02
OCNT-2395460,,,,True,6.531,5.3
OCNT-2395461,,,,False,4.399,4.229
OCNT-2395462,,,,True,5.255,4.9
OCNT-2395463,,,,True,4.661,4.092
OCNT-2395464,,,,False,5.454,5.451
OCNT-2395465,,,,True,5.163,4.341
OCNT-2395466,,,,True,5.506,4.932
OCNT-2395467,,,,False,2.19,2.149
OCNT-2395468,,,,True,4.451,4.13
OCNT-2395469,,,,False,4.77,4.617
OCNT-2395470,,,,False,5.216,4.952
OCNT-2395471,,,,False,2.027,2.206
OCNT-2395472,,,,False,2.48,2.968
OCNT-2395473,,,,False,4.199,3.693
OCNT-2395474,,,,False,5.245,4.958
OCNT-2395475,,,,True,4.776,4.266
OCNT-2395476,,,,False,4.648,4.988
OCNT-2395477,,,,False,4.285,3.887
OCNT-2395478,,,,True,5.334,5.024
OCNT-2395479,,,,False,4.459,4.177
OCNT-2395480,,,,False,4.231,3.903
OCNT-2395481,,,,False,3.856,3.276
OCNT-2395482,,,,False,3.135,2.1
OCNT-2395483,,,,True,4.798,4.32
OCNT-2395484,,,,False,3.99,3.602
OCNT-2395485,,,,False,5.234,5.041
OCNT-2395486,,,,False,3.845,3.177
OCNT-2395487,,,,False,4.029,3.808
OCNT-2395488,,,,True,4.919,4.615
OCNT-2395489,,,,False,2.007,2.221
OCNT-2395490,,,,False,4.225,4.186
OCNT-2395491,,,,False,4.89,4.594
OCNT-2395492,,,,True,5.51,5.149
OCNT-2395493,,,,False,4.303,4.057
OCNT-2395494,,,,True,5.402,5.05
OCNT-2395495,,,,False,4.629,4.788
OCNT-2395496,,,,False,4.919,4.793
OCNT-2395497,,,,False,4.199,4.017
OCNT-2395498,,,,False,4.719,4.71
OCNT-2395499,,,,False,5.254,5.005
OCNT-2395500,,,,True,5.515,5.141
OCNT-2395501,,,,False,5.124,5.14
OCNT-2395502,,,,False,3.887,3.702
OCNT-2395503,,,,False,5.147,5.185
OCNT-2395504,,,,True,5.765,5.25
OCNT-2395505,,,,False,5.152,5.024
OCNT-2395506,,,,False,4.288,3.853
OCNT-2395507,,,,False,5.017,4.76
OCNT-2395508,,,,False,4.168,3.852
OCNT-2395509,,,,False,5.367,
OCNT-2395510,,,,True,6.217,5.29
OCNT-2395511,,,,True,6.281,5.783
OCNT-2395512,,,,False,4.283,4.022
OCNT-2395513,,,,False,3.346,3.086
OCNT-2395514,,,,True,4.652,4.002
OCNT-2395515,,,,False,4.596,4.425
OCNT-2395516,,,,False,4.009,3.954
OCNT-2395517,,,,True,4.525,4.032
OCNT-2395518,,,,False,3.163,2.579
OCNT-2395519,,,,False,4.817,4.769
OCNT-2395520,,,,False,4.277,4.023
OCNT-2395521,,,,False,2.505,2.993
OCNT-2395522,,,,True,5.029,4.519
OCNT-2395523,,,,True,4.978,4.615
OCNT-2395524,,,,True,4.675,4.283
OCNT-2395525,,,,True,4.665,4.351
OCNT-2395526,,,,False,4.727,4.738
OCNT-2395527,,,,False,4.129,4.064
OCNT-2395528,,,,False,4.859,4.642
OCNT-2395529,,,,True,5.46,4.954
OCNT-2395530,,,,False,4.296,3.815
OCNT-2395531,,,,True,5.687,5.156
OCNT-2395532,,,,True,5.316,4.939
OCNT-2395533,,,,False,4.157,3.815
OCNT-2395534,,,,False,4.764,4.529
OCNT-2395535,,,,False,2.134,2.064
OCNT-2395536,,,,False,4.612,4.412
OCNT-2395537,,,,False,4.134,3.822
OCNT-2395538,,,,True,4.444,4.125
OCNT-2395539,,,,True,5.558,4.972
OCNT-2395540,,,,False,5.337,5.066
OCNT-2395541,,,,True,6.248,5.689
OCNT-2395542,,,,False,4.93,4.669
OCNT-2395543,,,,False,5.409,5.334
OCNT-2395544,,,,False,5.22,4.953
OCNT-2395545,,,,False,4.247,4.165
OCNT-2395546,,,,True,5.385,5.039
OCNT-2395547,,,,False,4.3,4.292
OCNT-2395548,,,,False,5.387,5.304
OCNT-2395549,,,,True,4.842,4.472
OCNT-2395550,,,,False,5.454,5.941
OCNT-2395551,,,,False,3.142,1.947
OCNT-2395552,,,,False,4.189,3.865
OCNT-2395553,,,,False,4.764,4.625
OCNT-2395554,,,,True,5.443,5.114
OCNT-2395555,,,,False,4.015,3.427
OCNT-2395556,,,,False,3.952,3.826
OCNT-2395557,,,,False,3.504,3.351
OCNT-2395558,,,,False,1.998,2.045
OCNT-2395559,,,,True,6.491,6.172
OCNT-2395560,,,,False,3.898,4.066
OCNT-2395561,,,,False,3.237,3.055
OCNT-2395562,,,,True,4.608,3.847
OCNT-2395563,,,,False,2.262,2.077
OCNT-2395564,,,,True,5.469,4.864
OCNT-2395565,,,,False,4.969,4.816
OCNT-2395566,,,,True,4.957,4.44
OCNT-2395567,,,,True,5.593,5.213
OCNT-2395568,,,,True,5.338,4.954
OCNT-2395569,,,,False,2.219,2.188
OCNT-2395570,,,,False,4.731,4.594
OCNT-2395571,,,,True,5.656,5.303
OCNT-2395572,,,,False,5.424,5.283
OCNT-2395573,,,,True,4.52,4.205
OCNT-2395574,,,,False,4.966,4.675
OCNT-2395575,,,,False,4.273,4.084
OCNT-2395576,,,,True,4.93,4.396
OCNT-2395577,,,,False,4.194,4.015
OCNT-2395578,,,,False,4.494,4.358
OCNT-2395579,,,,False,4.946,4.746
OCNT-2395580,,,,True,4.621,4.152
OCNT-2395581,,,,False,4.92,4.669
OCNT-2395582,,,,False,4.663,4.517
OCNT-2395583,,,,False,4.15,4.066
OCNT-2395584,,,,False,4.179,3.794
OCNT-2395585,,,,True,5.318,4.609
OCNT-2395586,,,,False,4.907,4.925
OCNT-2395587,,,,False,4.466,4.274
OCNT-2395588,,,,True,4.92,4.586
OCNT-2395589,,,,True,4.411,4.109
OCNT-2395590,,,,True,7.312,6.777
OCNT-2395591,,,,False,4.806,4.726
OCNT-2395592,,,,True,4.418,4.111
OCNT-2395593,,,,True,5.632,5.009
OCNT-2395594,,,,False,5.548,5.436
OCNT-2395595,,,,False,4.958,4.885
OCNT-2395596,,,,False,4.483,4.311
OCNT-2395597,,,,True,6.315,5.809
OCNT-2395598,,,,True,6.18,5.482
OCNT-2395599,,,,False,4.892,4.809
OCNT-2395600,,,,False,3.505,3.036
OCNT-2395601,,,,False,4.008,3.632
OCNT-2395602,,,,True,5.972,5.46
OCNT-2395603,,,,False,5.092,4.882
OCNT-2395604,,,,True,4.772,4.339
OCNT-2395605,,,,True,5.998,5.605
OCNT-2395606,,,,False,4.957,4.87
OCNT-2395607,,,,True,5.074,4.32
OCNT-2395608,,,,False,4.681,4.617
OCNT-2395609,,,,False,1.954,2.496
OCNT-2395610,,,,False,4.263,3.329
OCNT-2395611,,,,False,5.086,4.861
OCNT-2395612,,,,False,4.52,4.508
OCNT-2395613,,,,False,3.833,3.48
OCNT-2395614,,,,False,2.076,2.778
OCNT-2395615,,,,False,5.25,5.301
OCNT-2395616,,,,False,5.142,4.923
OCNT-2395617,,,,True,4.913,4.474
OCNT-2395618,,,,False,4.56,4.289
OCNT-2395619,,,,True,4.68,4.267
OCNT-2395620,,,,False,5.245,5.068
OCNT-2395621,,,,True,5.427,5.043
OCNT-2395622,,,,False,3.873,3.909
OCNT-2395623,,,,False,4.041,3.934
OCNT-2395624,,,,False,3.803,3.194
OCNT-2395625,,,,False,3.366,2.869
OCNT-2395626,,,,False,5.176,5.187
OCNT-2395627,,,,False,4.941,4.812
OCNT-2395628,,,,False,4.075,3.533
OCNT-2395629,,,,True,4.961,4.475
OCNT-2395630,,,,True,4.805,4.223
OCNT-2395631,,,,False,4.05,4.031
OCNT-2395632,,,,False,4.158,3.682
OCNT-2395633,,,,True,6.036,4.786
OCNT-2395634,,,,False,2.441,2.191
OCNT-2395635,,,,True,5.378,4.769
OCNT-2395636,,,,False,4.217,3.663
OCNT-2395637,,,,False,5.046,4.903
OCNT-2395638,,,,False,4.708,4.572
OCNT-2395639,,,,True,4.542,4.211
OCNT-2395640,,,,False,4.297,4.013
OCNT-2395641,,,,False,5.175,5.134
OCNT-2395642,,,,False,1.967,2.205
OCNT-2395643,,,,False,4.095,4.195
OCNT-2395644,,,,False,5.519,5.347
OCNT-2395645,,,,True,6.272,5.913
OCNT-2395646,,,,False,2.018,2.261
OCNT-2395647,,,,True,5.219,4.211
OCNT-2395648,,,,True,6.742,6.072
OCNT-2395649,,,,True,4.71,4.217
OCNT-2395650,,,,False,2.797,3.268
OCNT-2395651,,,,False,2.0,2.262
OCNT-2395652,,,,False,5.18,4.944
OCNT-2395653,,,,True,5.315,4.88
OCNT-2395654,,,,False,5.83,5.919
OCNT-2395655,,,,False,3.637,2.55
OCNT-2395656,,,,False,3.573,3.347
OCNT-2395657,,,,False,5.281,5.296
OCNT-2395658,,,,False,2.14,2.102
OCNT-2395659,,,,False,4.887,4.726
OCNT-2395660,,,,True,5.274,4.852
OCNT-2395661,,,,False,3.716,3.803
OCNT-2395662,,,,False,2.228,2.404
OCNT-2395663,,,,True,6.179,5.184
OCNT-2395664,,,,False,5.677,5.455
OCNT-2395665,,,,True,5.755,5.192
OCNT-2395666,,,,False,4.332,4.21
OCNT-2395667,,,,True,5.387,4.379
OCNT-2395668,,,,True,4.825,4.521
OCNT-2395669,,,,True,4.986,4.571
OCNT-2395670,,,,False,4.445,4.504
OCNT-2395671,,,,True,5.476,4.425
OCNT-2395672,,,,True,4.842,4.233
OCNT-2395673,,,,True,6.839,6.123
OCNT-2395674,,,,True,6.731,6.163
OCNT-2395675,,,,True,6.845,5.905
OCNT-2395676,,,,False,3.925,3.512
OCNT-2395677,,,,False,4.277,4.103
OCNT-2395678,,,,True,5.57,5.168
OCNT-2395679,,,,True,4.698,3.417
OCNT-2395680,,,,False,3.897,3.68
OCNT-2395681,,,,False,3.562,2.795
OCNT-2395682,,,,False,3.737,3.821
OCNT-2395683,,,,False,3.375,2.924
OCNT-2395684,,,,False,5.157,5.259
OCNT-2395685,,,,True,5.439,5.101
OCNT-2395686,,,,False,4.845,4.815
OCNT-2395687,,,,False,3.547,2.985
OCNT-2395688,,,,False,5.446,5.466
OCNT-2395689,,,,False,3.911,3.565
OCNT-2395690,,,,True,6.242,5.75
OCNT-2395691,,,,False,2.151,2.305
OCNT-2395692,,,,False,4.341,4.149
OCNT-2395693,,,,False,3.762,3.509
OCNT-2395694,,,,False,3.771,3.712
OCNT-2395695,,,,False,3.623,3.473
OCNT-2395696,,,,False,3.482,3.476
OCNT-2395697,,,,True,4.605,4.07
OCNT-2395698,,,,True,5.034,4.71
OCNT-2395699,,,,False,3.449,2.875
OCNT-2395700,,,,True,5.699,5.211
OCNT-2395701,,,,False,4.356,4.349
OCNT-2395702,,,,False,4.229,4.004
OCNT-2395703,,,,False,2.113,2.333
OCNT-2395704,,,,False,6.015,5.873
OCNT-2395705,,,,False,4.896,4.716
OCNT-2395706,,,,False,4.134,3.546
OCNT-2395707,,,,False,4.161,3.823
OCNT-2395708,,,,False,2.589,2.077
OCNT-2395709,,,,False,2.189,1.96
OCNT-2395710,,,,False,3.477,2.449
OCNT-2395711,,,,False,4.442,4.165
OCNT-2395712,,,,True,6.185,5.292
OCNT-2395713,,,,True,4.911,4.56
OCNT-2395714,,,,False,4.355,4.181
OCNT-2395715,,,,False,3.998,3.719
OCNT-2395716,,,,False,4.456,4.184
OCNT-2395717,,,,False,5.365,5.231
OCNT-2395718,,,,False,4.039,4.018
OCNT-2395719,,,,False,3.985,3.754
OCNT-2395720,,,,False,3.01,3.22
OCNT-2395721,,,,False,4.786,4.751
OCNT-2395722,,,,False,5.555,5.418
OCNT-2395723,,,,False,4.478,4.306
OCNT-2395724,,,,False,5.157,4.987
OCNT-2395725,,,,True,5.601,5.244
OCNT-2395726,,,,False,4.96,4.893
OCNT-2395727,,,,False,6.351,6.422
OCNT-2395728,,,,False,5.681,5.687
OCNT-2395729,,,,False,4.673,4.525
OCNT-2395730,,,,False,4.01,4.057
OCNT-2395731,,,,True,6.13,5.745
OCNT-2395732,,,,True,5.017,4.708
OCNT-2395733,,,,True,5.134,4.478
OCNT-2395734,,,,False,4.922,4.859
OCNT-2395735,,,,False,5.254,4.962
OCNT-2395736,,,,False,5.048,4.883
OCNT-2395737,,,,False,5.006,4.848
OCNT-2395738,,,,False,3.754,3.459
OCNT-2395739,,,,False,4.779,4.537
OCNT-2395740,,,,False,5.534,5.388
OCNT-2395741,,,,False,4.102,3.786
OCNT-2395742,,,,False,2.22,2.004
OCNT-2395743,,,,False,5.135,4.894
OCNT-2395744,,,,True,5.385,5.052
OCNT-2395745,,,,False,5.089,5.045
OCNT-2395746,,,,False,4.577,4.335
OCNT-2395747,,,,False,3.567,3.171
OCNT-2395748,,,,False,4.572,4.372
OCNT-2395749,,,,False,4.184,3.847
OCNT-2395750,,,,True,4.379,3.991
OCNT-2395751,,,,False,2.218,2.779
OCNT-2395752,,,,False,5.023,4.843
OCNT-2395753,,,,False,2.222,2.073
OCNT-2395754,,,,False,3.493,2.618
OCNT-2395755,,,,True,5.21,4.304
OCNT-2395756,,,,False,5.235,5.112
OCNT-2395757,,,,False,4.859,4.687
OCNT-2395758,,,,True,6.481,5.923
OCNT-2395759,,,,True,5.121,4.551
OCNT-2395760,,,,False,4.465,4.289
OCNT-2395761,,,,False,5.39,5.172
OCNT-2395762,,,,True,5.262,4.691
OCNT-2395763,,,,False,4.846,4.645
OCNT-2395764,,,,False,4.347,4.119
OCNT-2395765,,,,True,5.096,4.582
OCNT-2395766,,,,True,4.631,4.193
OCNT-2395767,,,,False,2.02,1.975
OCNT-2395768,,,,False,3.961,3.619
OCNT-2395769,,,,False,3.95,3.667
OCNT-2395770,,,,False,4.866,4.781
OCNT-2395771,,,,False,3.177,2.226
OCNT-2395772,,,,False,5.074,5.127
OCNT-2395773,,,,True,5.773,5.363
OCNT-2395774,,,,True,4.883,4.122
OCNT-2395775,,,,False,4.492,4.238
OCNT-2395776,,,,False,5.112,5.092
OCNT-2395777,,,,False,4.437,4.174
OCNT-2395778,,,,True,5.101,4.674
OCNT-2395779,,,,True,5.394,5.05
OCNT-2395780,,,,False,4.93,4.64
OCNT-2395781,,,,False,4.557,4.594
OCNT-2395782,,,,False,2.095,3.093
OCNT-2395783,,,,False,4.672,4.376
OCNT-2395784,,,,False,5.198,5.152
OCNT-2395785,,,,False,2.726,2.175
OCNT-2395786,,,,False,4.756,4.618
OCNT-2395787,,,,True,4.788,4.331
OCNT-2395788,,,,True,5.973,5.575
OCNT-2395789,,,,False,5.549,5.537
OCNT-2395790,,,,False,4.357,4.135
OCNT-2395791,,,,False,5.37,5.457
OCNT-2395792,,,,False,4.735,4.703
OCNT-2395793,,,,False,2.03,2.19
OCNT-2395794,,,,False,4.739,4.654
OCNT-2395795,,,,False,3.331,3.009
OCNT-2395796,,,,False,6.149,5.851
OCNT-2395797,,,,True,5.173,4.457
OCNT-2395798,,,,False,4.649,4.384
OCNT-2395799,,,,False,4.384,4.173
