drug_id,inchikey,inchikey_block,match_type,source_file,source_id,enzyme,endpoint,value,stereo_note
abiraterone,GZOSMCIZMLWJML-VJLLXTKPSA-N,GZOSMCIZMLWJML,full,cyp-challenge-TRAIN_TDI.csv,OCNT-0498125,CYP1A2,pIC50_TDI_condition,5.471991443,
abiraterone,GZOSMCIZMLWJML-VJLLXTKPSA-N,GZOSMCIZMLWJML,full,cyp-challenge-TRAIN_inhibition.csv,OCNT-0498125,CYP1A2,pIC50_direct,5.464861375,
abiraterone,GZOSMCIZMLWJML-VJLLXTKPSA-N,GZOSMCIZMLWJML,full,cyp-challenge-single-concentration-TRAIN.csv,OCNT-0498125,CYP1A2,screen_log2fc,-1.611248632,
abiraterone,GZOSMCIZMLWJML-VJLLXTKPSA-N,GZOSMCIZMLWJML,full,cyp-challenge-single-concentration-TRAIN.csv,OCNT-0498125,CYP2C9,screen_log2fc,-0.6174024595,
abiraterone,GZOSMCIZMLWJML-VJLLXTKPSA-N,GZOSMCIZMLWJML,full,cyp-challenge-single-concentration-TRAIN.csv,OCNT-0498125,CYP2D6,screen_log2fc,-0.4420826558,
abiraterone,GZOSMCIZMLWJML-VJLLXTKPSA-N,GZOSMCIZMLWJML,full,cyp-challenge-single-concentration-TRAIN.csv,OCNT-0498125,CYP3A4,screen_log2fc,-1.535012784,
adefovir,SUPKOOSCJHTBAH-UHFFFAOYSA-N,SUPKOOSCJHTBAH,full,pxr-challenge_TRAIN.csv,OADMET-0003692,PXR,pEC50_PXR,1.86,
adefovir,SUPKOOSCJHTBAH-UHFFFAOYSA-N,SUPKOOSCJHTBAH,full,pxr-challenge_counter-assay_TRAIN.csv,OADMET-0003692,PXR,pEC50_PXR_counter,2.67,
adefovir_dipivoxil,WOZSCQDILHKSGG-UHFFFAOYSA-N,WOZSCQDILHKSGG,full,cyp-challenge-TRAIN_TDI.csv,OCNT-2328935,CYP3A4,is_TDI,1.0,
adefovir_dipivoxil,WOZSCQDILHKSGG-UHFFFAOYSA-N,WOZSCQDILHKSGG,full,cyp-challenge-TRAIN_TDI.csv,OCNT-2328935,CYP3A4,pIC50_TDI_condition,5.63151615,
adefovir_dipivoxil,WOZSCQDILHKSGG-UHFFFAOYSA-N,WOZSCQDILHKSGG,full,cyp-challenge-TRAIN_inhibition.csv,OCNT-2328935,CYP3A4,pIC50_direct,4.822987888,
adefovir_dipivoxil,WOZSCQDILHKSGG-UHFFFAOYSA-N,WOZSCQDILHKSGG,full,cyp-challenge-single-concentration-TRAIN.csv,OCNT-2328935,CYP1A2,screen_log2fc,-0.00198069981,
adefovir_dipivoxil,WOZSCQDILHKSGG-UHFFFAOYSA-N,WOZSCQDILHKSGG,full,cyp-challenge-single-concentration-TRAIN.csv,OCNT-2328935,CYP2C9,screen_log2fc,-0.07728867217,
adefovir_dipivoxil,WOZSCQDILHKSGG-UHFFFAOYSA-N,WOZSCQDILHKSGG,full,cyp-challenge-single-concentration-TRAIN.csv,OCNT-2328935,CYP2D6,screen_log2fc,0.374886737,
adefovir_dipivoxil,WOZSCQDILHKSGG-UHFFFAOYSA-N,WOZSCQDILHKSGG,full,cyp-challenge-single-concentration-TRAIN.csv,OCNT-2328935,CYP3A4,screen_log2fc,-2.98471068,
adefovir_dipivoxil,WOZSCQDILHKSGG-UHFFFAOYSA-N,WOZSCQDILHKSGG,full,pxr-challenge_TRAIN.csv,OADMET-0003790,PXR,pEC50_PXR,3.27,
adefovir_dipivoxil,WOZSCQDILHKSGG-UHFFFAOYSA-N,WOZSCQDILHKSGG,full,pxr-challenge_counter-assay_TRAIN.csv,OADMET-0003790,PXR,pEC50_PXR_counter,3.16,
amiodarone,IYIKLHRQXLHMJQ-UHFFFAOYSA-N,IYIKLHRQXLHMJQ,full,cyp-challenge-TRAIN_TDI.csv,OCNT-2328496,CYP1A2,pIC50_TDI_condition,4.383059432,
amiodarone,IYIKLHRQXLHMJQ-UHFFFAOYSA-N,IYIKLHRQXLHMJQ,full,cyp-challenge-TRAIN_inhibition.csv,OCNT-2328496,CYP1A2,pIC50_direct,3.997762027,
amiodarone,IYIKLHRQXLHMJQ-UHFFFAOYSA-N,IYIKLHRQXLHMJQ,full,cyp-challenge-single-concentration-TRAIN.csv,OCNT-2328496,CYP1A2,screen_log2fc,-0.3692801865,
amiodarone,IYIKLHRQXLHMJQ-UHFFFAOYSA-N,IYIKLHRQXLHMJQ,full,cyp-challenge-single-concentration-TRAIN.csv,OCNT-2328496,CYP2C9,screen_log2fc,-0.7492959192,
amiodarone,IYIKLHRQXLHMJQ-UHFFFAOYSA-N,IYIKLHRQXLHMJQ,full,cyp-challenge-single-concentration-TRAIN.csv,OCNT-2328496,CYP2D6,screen_log2fc,-0.1480473965,
amiodarone,IYIKLHRQXLHMJQ-UHFFFAOYSA-N,IYIKLHRQXLHMJQ,full,cyp-challenge-single-concentration-TRAIN.csv,OCNT-2328496,CYP3A4,screen_log2fc,-2.223372561,
amiodarone,IYIKLHRQXLHMJQ-UHFFFAOYSA-N,IYIKLHRQXLHMJQ,full,pxr-challenge_TRAIN.csv,OADMET-0003693,PXR,pEC50_PXR,3.92,
amiodarone,IYIKLHRQXLHMJQ-UHFFFAOYSA-N,IYIKLHRQXLHMJQ,full,pxr-challenge_counter-assay_TRAIN.csv,OADMET-0003693,PXR,pEC50_PXR_counter,2.02,
apalutamide,HJBWBFZLDZWPHF-UHFFFAOYSA-N,HJBWBFZLDZWPHF,full,pxr-challenge_TRAIN.csv,OADMET-0003797,PXR,pEC50_PXR,4.26,
apalutamide,HJBWBFZLDZWPHF-UHFFFAOYSA-N,HJBWBFZLDZWPHF,full,pxr-challenge_counter-assay_TRAIN.csv,OADMET-0003797,PXR,pEC50_PXR_counter,4.08,
aripiprazole,CEUORZQYGODEFX-UHFFFAOYSA-N,CEUORZQYGODEFX,full,cyp-challenge-TRAIN_TDI.csv,OCNT-0022128,CYP2C9,pIC50_TDI_condition,4.63388467,
aripiprazole,CEUORZQYGODEFX-UHFFFAOYSA-N,CEUORZQYGODEFX,full,cyp-challenge-TRAIN_TDI.csv,OCNT-0022128,CYP2D6,is_TDI,0.0,
aripiprazole,CEUORZQYGODEFX-UHFFFAOYSA-N,CEUORZQYGODEFX,full,cyp-challenge-TRAIN_TDI.csv,OCNT-0022128,CYP2D6,pIC50_TDI_condition,4.42621836,
aripiprazole,CEUORZQYGODEFX-UHFFFAOYSA-N,CEUORZQYGODEFX,full,cyp-challenge-TRAIN_TDI.csv,OCNT-0022128,CYP3A4,is_TDI,0.0,
aripiprazole,CEUORZQYGODEFX-UHFFFAOYSA-N,CEUORZQYGODEFX,full,cyp-challenge-TRAIN_TDI.csv,OCNT-0022128,CYP3A4,pIC50_TDI_condition,4.77476599,
aripiprazole,CEUORZQYGODEFX-UHFFFAOYSA-N,CEUORZQYGODEFX,full,cyp-challenge-TRAIN_inhibition.csv,OCNT-0022128,CYP2C9,pIC50_direct,4.683597905,
aripiprazole,CEUORZQYGODEFX-UHFFFAOYSA-N,CEUORZQYGODEFX,full,cyp-challenge-TRAIN_inhibition.csv,OCNT-0022128,CYP2D6,pIC50_direct,4.314528733,
aripiprazole,CEUORZQYGODEFX-UHFFFAOYSA-N,CEUORZQYGODEFX,full,cyp-challenge-single-concentration-TRAIN.csv,OCNT-0022128,CYP1A2,screen_log2fc,0.04235724777,
aripiprazole,CEUORZQYGODEFX-UHFFFAOYSA-N,CEUORZQYGODEFX,full,cyp-challenge-single-concentration-TRAIN.csv,OCNT-0022128,CYP2C9,screen_log2fc,-1.29666039,
aripiprazole,CEUORZQYGODEFX-UHFFFAOYSA-N,CEUORZQYGODEFX,full,cyp-challenge-single-concentration-TRAIN.csv,OCNT-0022128,CYP2D6,screen_log2fc,-1.17589403,
aripiprazole,CEUORZQYGODEFX-UHFFFAOYSA-N,CEUORZQYGODEFX,full,cyp-challenge-single-concentration-TRAIN.csv,OCNT-0022128,CYP3A4,screen_log2fc,-2.498484216,
aripiprazole,CEUORZQYGODEFX-UHFFFAOYSA-N,CEUORZQYGODEFX,full,inhibition.tsv,OCNT-0022128-AA-003,CYP3A4,pIC50_direct,4.8578709225,
aspirin,BSYNRYMUTXBXSQ-UHFFFAOYSA-N,BSYNRYMUTXBXSQ,full,pxr-challenge_TRAIN.csv,OADMET-0002173,PXR,pEC50_PXR,2.61,
atazanavir,AXRYRYVKAWYZBR-GASGPIRDSA-N,AXRYRYVKAWYZBR,full,pxr-challenge_TRAIN.csv,OADMET-0003700,PXR,pEC50_PXR,5.52,
atazanavir,AXRYRYVKAWYZBR-GASGPIRDSA-N,AXRYRYVKAWYZBR,full,pxr-challenge_counter-assay_TRAIN.csv,OADMET-0003700,PXR,pEC50_PXR_counter,2.8,
atorvastatin,XUKUURHRXDUEBC-KAYWLYCHSA-N,XUKUURHRXDUEBC,full,pxr-challenge_TRAIN.csv,OADMET-0003810,PXR,pEC50_PXR,4.86,
atorvastatin,XUKUURHRXDUEBC-KAYWLYCHSA-N,XUKUURHRXDUEBC,full,pxr-challenge_counter-assay_TRAIN.csv,OADMET-0003810,PXR,pEC50_PXR_counter,3.02,
azithromycin,MQTOSJVFKKJCRP-BICOPXKESA-N,MQTOSJVFKKJCRP,full,cyp-challenge-TRAIN_TDI.csv,OCNT-0493988,CYP3A4,is_TDI,0.0,
azithromycin,MQTOSJVFKKJCRP-BICOPXKESA-N,MQTOSJVFKKJCRP,full,cyp-challenge-TRAIN_TDI.csv,OCNT-0493988,CYP3A4,pIC50_TDI_condition,3.171460507,
azithromycin,MQTOSJVFKKJCRP-BICOPXKESA-N,MQTOSJVFKKJCRP,full,inhibition.tsv,OCNT-0493988-AA-001,CYP3A4,pIC50_direct,2.2539458575,
bosentan,GJPICJJJRGTNOD-UHFFFAOYSA-N,GJPICJJJRGTNOD,full,pxr-challenge_TRAIN.csv,OADMET-0003550,PXR,pEC50_PXR,5.25,
bosentan,GJPICJJJRGTNOD-UHFFFAOYSA-N,GJPICJJJRGTNOD,full,pxr-challenge_counter-assay_TRAIN.csv,OADMET-0003550,PXR,pEC50_PXR_counter,1.91,
brigatinib,AILRADAXUVEEIR-UHFFFAOYSA-N,AILRADAXUVEEIR,full,pxr-challenge_TRAIN.csv,OADMET-0003767,PXR,pEC50_PXR,2.03,
brigatinib,AILRADAXUVEEIR-UHFFFAOYSA-N,AILRADAXUVEEIR,full,pxr-challenge_counter-assay_TRAIN.csv,OADMET-0003767,PXR,pEC50_PXR_counter,2.1,
bromhexine,OJGDCBLYJGHCIH-UHFFFAOYSA-N,OJGDCBLYJGHCIH,full,cyp-challenge-TRAIN_TDI.csv,OCNT-2328382,CYP2D6,is_TDI,0.0,
bromhexine,OJGDCBLYJGHCIH-UHFFFAOYSA-N,OJGDCBLYJGHCIH,full,cyp-challenge-TRAIN_TDI.csv,OCNT-2328382,CYP2D6,pIC50_TDI_condition,7.205340625,
bromhexine,OJGDCBLYJGHCIH-UHFFFAOYSA-N,OJGDCBLYJGHCIH,full,cyp-challenge-TRAIN_inhibition.csv,OCNT-2328382,CYP2D6,pIC50_direct,7.10658219,
bromhexine,OJGDCBLYJGHCIH-UHFFFAOYSA-N,OJGDCBLYJGHCIH,full,cyp-challenge-single-concentration-TRAIN.csv,OCNT-2328382,CYP1A2,screen_log2fc,-0.6386454992,
bromhexine,OJGDCBLYJGHCIH-UHFFFAOYSA-N,OJGDCBLYJGHCIH,full,cyp-challenge-single-concentration-TRAIN.csv,OCNT-2328382,CYP2C9,screen_log2fc,-0.5476756449,
bromhexine,OJGDCBLYJGHCIH-UHFFFAOYSA-N,OJGDCBLYJGHCIH,full,cyp-challenge-single-concentration-TRAIN.csv,OCNT-2328382,CYP2D6,screen_log2fc,-2.820967815,
bromhexine,OJGDCBLYJGHCIH-UHFFFAOYSA-N,OJGDCBLYJGHCIH,full,cyp-challenge-single-concentration-TRAIN.csv,OCNT-2328382,CYP3A4,screen_log2fc,-1.389241946,
candesartan_cilexetil,GHOSNRCGJFBJIB-UHFFFAOYSA-N,GHOSNRCGJFBJIB,full,cyp-challenge-TRAIN_TDI.csv,OCNT-2328455,CYP1A2,pIC50_TDI_condition,4.832216508,
candesartan_cilexetil,GHOSNRCGJFBJIB-UHFFFAOYSA-N,GHOSNRCGJFBJIB,full,cyp-challenge-TRAIN_TDI.csv,OCNT-2328455,CYP2C9,pIC50_TDI_condition,5.760570868,
candesartan_cilexetil,GHOSNRCGJFBJIB-UHFFFAOYSA-N,GHOSNRCGJFBJIB,full,cyp-challenge-TRAIN_TDI.csv,OCNT-2328455,CYP3A4,is_TDI,1.0,
candesartan_cilexetil,GHOSNRCGJFBJIB-UHFFFAOYSA-N,GHOSNRCGJFBJIB,full,cyp-challenge-TRAIN_TDI.csv,OCNT-2328455,CYP3A4,pIC50_TDI_condition,5.768972683,
candesartan_cilexetil,GHOSNRCGJFBJIB-UHFFFAOYSA-N,GHOSNRCGJFBJIB,full,cyp-challenge-TRAIN_inhibition.csv,OCNT-2328455,CYP1A2,pIC50_direct,4.718853295,
candesartan_cilexetil,GHOSNRCGJFBJIB-UHFFFAOYSA-N,GHOSNRCGJFBJIB,full,cyp-challenge-TRAIN_inhibition.csv,OCNT-2328455,CYP2C9,pIC50_direct,5.753006065,
candesartan_cilexetil,GHOSNRCGJFBJIB-UHFFFAOYSA-N,GHOSNRCGJFBJIB,full,cyp-challenge-TRAIN_inhibition.csv,OCNT-2328455,CYP3A4,pIC50_direct,5.142915203,
candesartan_cilexetil,GHOSNRCGJFBJIB-UHFFFAOYSA-N,GHOSNRCGJFBJIB,full,cyp-challenge-single-concentration-TRAIN.csv,OCNT-2328455,CYP1A2,screen_log2fc,-2.02143043,
candesartan_cilexetil,GHOSNRCGJFBJIB-UHFFFAOYSA-N,GHOSNRCGJFBJIB,full,cyp-challenge-single-concentration-TRAIN.csv,OCNT-2328455,CYP2C9,screen_log2fc,-1.369635902,
candesartan_cilexetil,GHOSNRCGJFBJIB-UHFFFAOYSA-N,GHOSNRCGJFBJIB,full,cyp-challenge-single-concentration-TRAIN.csv,OCNT-2328455,CYP2D6,screen_log2fc,-0.3753131459,
candesartan_cilexetil,GHOSNRCGJFBJIB-UHFFFAOYSA-N,GHOSNRCGJFBJIB,full,cyp-challenge-single-concentration-TRAIN.csv,OCNT-2328455,CYP3A4,screen_log2fc,-3.728666984,
celecoxib,RZEKVGVHFLEQIL-UHFFFAOYSA-N,RZEKVGVHFLEQIL,full,cyp-challenge-TRAIN_TDI.csv,OCNT-0494139,CYP2D6,is_TDI,1.0,
celecoxib,RZEKVGVHFLEQIL-UHFFFAOYSA-N,RZEKVGVHFLEQIL,full,cyp-challenge-TRAIN_TDI.csv,OCNT-0494139,CYP2D6,pIC50_TDI_condition,5.16257717,
celecoxib,RZEKVGVHFLEQIL-UHFFFAOYSA-N,RZEKVGVHFLEQIL,full,cyp-challenge-TRAIN_inhibition.csv,OCNT-0494139,CYP2D6,pIC50_direct,4.412231055,
celecoxib,RZEKVGVHFLEQIL-UHFFFAOYSA-N,RZEKVGVHFLEQIL,full,cyp-challenge-single-concentration-TRAIN.csv,OCNT-0494139,CYP1A2,screen_log2fc,-0.3740998665,
celecoxib,RZEKVGVHFLEQIL-UHFFFAOYSA-N,RZEKVGVHFLEQIL,full,cyp-challenge-single-concentration-TRAIN.csv,OCNT-0494139,CYP2C9,screen_log2fc,-1.369637764,
celecoxib,RZEKVGVHFLEQIL-UHFFFAOYSA-N,RZEKVGVHFLEQIL,full,cyp-challenge-single-concentration-TRAIN.csv,OCNT-0494139,CYP2D6,screen_log2fc,-0.8748286832,
celecoxib,RZEKVGVHFLEQIL-UHFFFAOYSA-N,RZEKVGVHFLEQIL,full,cyp-challenge-single-concentration-TRAIN.csv,OCNT-0494139,CYP3A4,screen_log2fc,-4.18270133,
ceritinib,VERWOWGGCGHDQE-UHFFFAOYSA-N,VERWOWGGCGHDQE,full,cyp-challenge-TRAIN_TDI.csv,OCNT-2328369,CYP2D6,is_TDI,0.0,
ceritinib,VERWOWGGCGHDQE-UHFFFAOYSA-N,VERWOWGGCGHDQE,full,cyp-challenge-TRAIN_TDI.csv,OCNT-2328369,CYP2D6,pIC50_TDI_condition,4.258616622,
ceritinib,VERWOWGGCGHDQE-UHFFFAOYSA-N,VERWOWGGCGHDQE,full,cyp-challenge-TRAIN_inhibition.csv,OCNT-2328369,CYP2D6,pIC50_direct,4.112767365,
ceritinib,VERWOWGGCGHDQE-UHFFFAOYSA-N,VERWOWGGCGHDQE,full,cyp-challenge-single-concentration-TRAIN.csv,OCNT-2328369,CYP1A2,screen_log2fc,-0.4648107385,
ceritinib,VERWOWGGCGHDQE-UHFFFAOYSA-N,VERWOWGGCGHDQE,full,cyp-challenge-single-concentration-TRAIN.csv,OCNT-2328369,CYP2C9,screen_log2fc,-1.323914958,
ceritinib,VERWOWGGCGHDQE-UHFFFAOYSA-N,VERWOWGGCGHDQE,full,cyp-challenge-single-concentration-TRAIN.csv,OCNT-2328369,CYP2D6,screen_log2fc,-1.069165291,
ceritinib,VERWOWGGCGHDQE-UHFFFAOYSA-N,VERWOWGGCGHDQE,full,cyp-challenge-single-concentration-TRAIN.csv,OCNT-2328369,CYP3A4,screen_log2fc,-4.020360921,
cetirizine,ZKLPARSLTMPFCP-UHFFFAOYSA-N,ZKLPARSLTMPFCP,full,cyp-challenge-TRAIN_TDI.csv,OCNT-0495189,CYP2C9,pIC50_TDI_condition,2.89405063,
cetirizine,ZKLPARSLTMPFCP-UHFFFAOYSA-N,ZKLPARSLTMPFCP,full,cyp-challenge-TRAIN_TDI.csv,OCNT-0495189,CYP3A4,is_TDI,0.0,
cetirizine,ZKLPARSLTMPFCP-UHFFFAOYSA-N,ZKLPARSLTMPFCP,full,cyp-challenge-TRAIN_TDI.csv,OCNT-0495189,CYP3A4,pIC50_TDI_condition,2.274677647,
cetirizine,ZKLPARSLTMPFCP-UHFFFAOYSA-N,ZKLPARSLTMPFCP,full,cyp-challenge-TRAIN_inhibition.csv,OCNT-0495189,CYP2C9,pIC50_direct,2.102832312,
cetirizine,ZKLPARSLTMPFCP-UHFFFAOYSA-N,ZKLPARSLTMPFCP,full,cyp-challenge-TRAIN_inhibition.csv,OCNT-0495189,CYP3A4,pIC50_direct,2.114282752,
cetirizine,ZKLPARSLTMPFCP-UHFFFAOYSA-N,ZKLPARSLTMPFCP,full,cyp-challenge-single-concentration-TRAIN.csv,OCNT-0495189,CYP1A2,screen_log2fc,-0.1636903592,
cetirizine,ZKLPARSLTMPFCP-UHFFFAOYSA-N,ZKLPARSLTMPFCP,full,cyp-challenge-single-concentration-TRAIN.csv,OCNT-0495189,CYP2C9,screen_log2fc,-0.2234726724,
cetirizine,ZKLPARSLTMPFCP-UHFFFAOYSA-N,ZKLPARSLTMPFCP,full,cyp-challenge-single-concentration-TRAIN.csv,OCNT-0495189,CYP2D6,screen_log2fc,0.3099578718,
cetirizine,ZKLPARSLTMPFCP-UHFFFAOYSA-N,ZKLPARSLTMPFCP,full,cyp-challenge-single-concentration-TRAIN.csv,OCNT-0495189,CYP3A4,screen_log2fc,-0.2569393263,
chlorzoxazone,TZFWDZFKRBELIQ-UHFFFAOYSA-N,TZFWDZFKRBELIQ,full,cyp-challenge-TRAIN_TDI.csv,OCNT-0498126,CYP1A2,pIC50_TDI_condition,5.583525733,
chlorzoxazone,TZFWDZFKRBELIQ-UHFFFAOYSA-N,TZFWDZFKRBELIQ,full,cyp-challenge-TRAIN_inhibition.csv,OCNT-0498126,CYP1A2,pIC50_direct,5.587237593,
chlorzoxazone,TZFWDZFKRBELIQ-UHFFFAOYSA-N,TZFWDZFKRBELIQ,full,cyp-challenge-single-concentration-TRAIN.csv,OCNT-0498126,CYP1A2,screen_log2fc,-1.730620671,
chlorzoxazone,TZFWDZFKRBELIQ-UHFFFAOYSA-N,TZFWDZFKRBELIQ,full,cyp-challenge-single-concentration-TRAIN.csv,OCNT-0498126,CYP2C9,screen_log2fc,-0.1354640612,
chlorzoxazone,TZFWDZFKRBELIQ-UHFFFAOYSA-N,TZFWDZFKRBELIQ,full,cyp-challenge-single-concentration-TRAIN.csv,OCNT-0498126,CYP2D6,screen_log2fc,0.4316316258,
chlorzoxazone,TZFWDZFKRBELIQ-UHFFFAOYSA-N,TZFWDZFKRBELIQ,full,cyp-challenge-single-concentration-TRAIN.csv,OCNT-0498126,CYP3A4,screen_log2fc,-0.5415213947,
cilostazol,RRGUKTPIGVIEKM-UHFFFAOYSA-N,RRGUKTPIGVIEKM,full,cyp-challenge-TRAIN_TDI.csv,OCNT-2328339,CYP2C9,pIC50_TDI_condition,4.213276,
cilostazol,RRGUKTPIGVIEKM-UHFFFAOYSA-N,RRGUKTPIGVIEKM,full,cyp-challenge-TRAIN_inhibition.csv,OCNT-2328339,CYP2C9,pIC50_direct,4.37345684,
cilostazol,RRGUKTPIGVIEKM-UHFFFAOYSA-N,RRGUKTPIGVIEKM,full,cyp-challenge-single-concentration-TRAIN.csv,OCNT-2328339,CYP1A2,screen_log2fc,-0.06886564923,
cilostazol,RRGUKTPIGVIEKM-UHFFFAOYSA-N,RRGUKTPIGVIEKM,full,cyp-challenge-single-concentration-TRAIN.csv,OCNT-2328339,CYP2C9,screen_log2fc,-0.561973376,
cilostazol,RRGUKTPIGVIEKM-UHFFFAOYSA-N,RRGUKTPIGVIEKM,full,cyp-challenge-single-concentration-TRAIN.csv,OCNT-2328339,CYP2D6,screen_log2fc,0.5660385336,
cilostazol,RRGUKTPIGVIEKM-UHFFFAOYSA-N,RRGUKTPIGVIEKM,full,cyp-challenge-single-concentration-TRAIN.csv,OCNT-2328339,CYP3A4,screen_log2fc,-2.297988636,
cinacalcet,VDHAWDNDOKGFTD-MRXNPFEDSA-N,VDHAWDNDOKGFTD,full,cyp-challenge-TRAIN_TDI.csv,OCNT-2328559,CYP1A2,pIC50_TDI_condition,4.902281805,
cinacalcet,VDHAWDNDOKGFTD-MRXNPFEDSA-N,VDHAWDNDOKGFTD,full,cyp-challenge-TRAIN_TDI.csv,OCNT-2328559,CYP2D6,is_TDI,0.0,
cinacalcet,VDHAWDNDOKGFTD-MRXNPFEDSA-N,VDHAWDNDOKGFTD,full,cyp-challenge-TRAIN_TDI.csv,OCNT-2328559,CYP2D6,pIC50_TDI_condition,7.27928223,
cinacalcet,VDHAWDNDOKGFTD-MRXNPFEDSA-N,VDHAWDNDOKGFTD,full,cyp-challenge-TRAIN_inhibition.csv,OCNT-2328559,CYP1A2,pIC50_direct,4.853442213,
cinacalcet,VDHAWDNDOKGFTD-MRXNPFEDSA-N,VDHAWDNDOKGFTD,full,cyp-challenge-TRAIN_inhibition.csv,OCNT-2328559,CYP2D6,pIC50_direct,7.242264825,
cinacalcet,VDHAWDNDOKGFTD-MRXNPFEDSA-N,VDHAWDNDOKGFTD,full,cyp-challenge-single-concentration-TRAIN.csv,OCNT-2328559,CYP1A2,screen_log2fc,-1.438740056,
cinacalcet,VDHAWDNDOKGFTD-MRXNPFEDSA-N,VDHAWDNDOKGFTD,full,cyp-challenge-single-concentration-TRAIN.csv,OCNT-2328559,CYP2C9,screen_log2fc,-1.074258781,
cinacalcet,VDHAWDNDOKGFTD-MRXNPFEDSA-N,VDHAWDNDOKGFTD,full,cyp-challenge-single-concentration-TRAIN.csv,OCNT-2328559,CYP2D6,screen_log2fc,-3.251199896,
cinacalcet,VDHAWDNDOKGFTD-MRXNPFEDSA-N,VDHAWDNDOKGFTD,full,cyp-challenge-single-concentration-TRAIN.csv,OCNT-2328559,CYP3A4,screen_log2fc,-2.977703756,
cisapride,DCSUBABJRXZOMT-RBBKRZOGSA-N,DCSUBABJRXZOMT,connectivity,cyp-challenge-TRAIN_TDI.csv,OCNT-0494076,CYP3A4,is_TDI,0.0,the published structure states a different arrangement at the same centres
cisapride,DCSUBABJRXZOMT-RBBKRZOGSA-N,DCSUBABJRXZOMT,connectivity,cyp-challenge-TRAIN_TDI.csv,OCNT-0494076,CYP3A4,pIC50_TDI_condition,6.227850702,the published structure states a different arrangement at the same centres
cisapride,DCSUBABJRXZOMT-RBBKRZOGSA-N,DCSUBABJRXZOMT,connectivity,inhibition.tsv,OCNT-0494076-AA-001,CYP3A4,pIC50_direct,6.0888371075,the published structure states a different arrangement at the same centres
clioquinol,QCDFBFJGMNKBDO-UHFFFAOYSA-N,QCDFBFJGMNKBDO,full,cyp-challenge-TRAIN_TDI.csv,OCNT-2328789,CYP1A2,pIC50_TDI_condition,6.623788657,
clioquinol,QCDFBFJGMNKBDO-UHFFFAOYSA-N,QCDFBFJGMNKBDO,full,cyp-challenge-TRAIN_TDI.csv,OCNT-2328789,CYP3A4,is_TDI,0.0,
clioquinol,QCDFBFJGMNKBDO-UHFFFAOYSA-N,QCDFBFJGMNKBDO,full,cyp-challenge-TRAIN_TDI.csv,OCNT-2328789,CYP3A4,pIC50_TDI_condition,3.26864956,
clioquinol,QCDFBFJGMNKBDO-UHFFFAOYSA-N,QCDFBFJGMNKBDO,full,cyp-challenge-TRAIN_inhibition.csv,OCNT-2328789,CYP1A2,pIC50_direct,6.62409317,
clioquinol,QCDFBFJGMNKBDO-UHFFFAOYSA-N,QCDFBFJGMNKBDO,full,cyp-challenge-TRAIN_inhibition.csv,OCNT-2328789,CYP3A4,pIC50_direct,2.28847508,
clioquinol,QCDFBFJGMNKBDO-UHFFFAOYSA-N,QCDFBFJGMNKBDO,full,cyp-challenge-single-concentration-TRAIN.csv,OCNT-2328789,CYP1A2,screen_log2fc,-1.95440108,
clioquinol,QCDFBFJGMNKBDO-UHFFFAOYSA-N,QCDFBFJGMNKBDO,full,cyp-challenge-single-concentration-TRAIN.csv,OCNT-2328789,CYP2C9,screen_log2fc,-0.3961482991,
clioquinol,QCDFBFJGMNKBDO-UHFFFAOYSA-N,QCDFBFJGMNKBDO,full,cyp-challenge-single-concentration-TRAIN.csv,OCNT-2328789,CYP2D6,screen_log2fc,0.312271056,
clioquinol,QCDFBFJGMNKBDO-UHFFFAOYSA-N,QCDFBFJGMNKBDO,full,cyp-challenge-single-concentration-TRAIN.csv,OCNT-2328789,CYP3A4,screen_log2fc,-0.4634433297,
clioquinol,QCDFBFJGMNKBDO-UHFFFAOYSA-N,QCDFBFJGMNKBDO,full,pxr-challenge_TRAIN.csv,OADMET-0003759,PXR,pEC50_PXR,1.76,
clioquinol,QCDFBFJGMNKBDO-UHFFFAOYSA-N,QCDFBFJGMNKBDO,full,pxr-challenge_counter-assay_TRAIN.csv,OADMET-0003759,PXR,pEC50_PXR_counter,1.81,
clopidogrel,GKTWGGQPFAXNFI-UHFFFAOYSA-N,GKTWGGQPFAXNFI,connectivity,cyp-challenge-TRAIN_TDI.csv,OCNT-0498178,CYP3A4,is_TDI,0.0,the published structure states less stereochemistry than the drug has
clopidogrel,GKTWGGQPFAXNFI-UHFFFAOYSA-N,GKTWGGQPFAXNFI,connectivity,cyp-challenge-TRAIN_TDI.csv,OCNT-0498178,CYP3A4,pIC50_TDI_condition,4.902324225,the published structure states less stereochemistry than the drug has
clopidogrel,GKTWGGQPFAXNFI-UHFFFAOYSA-N,GKTWGGQPFAXNFI,connectivity,inhibition.tsv,OCNT-0498178-AA-001,CYP3A4,pIC50_direct,5.1154282025,the published structure states less stereochemistry than the drug has
clopidogrel,GKTWGGQPFAXNFI-HNNXBMFYSA-N,GKTWGGQPFAXNFI,full,pxr-challenge_TRAIN.csv,OADMET-0003714,PXR,pEC50_PXR,4.54,
clopidogrel,GKTWGGQPFAXNFI-HNNXBMFYSA-N,GKTWGGQPFAXNFI,full,pxr-challenge_counter-assay_TRAIN.csv,OADMET-0003714,PXR,pEC50_PXR_counter,2.26,
colchicine,IAKHMKGGTNLKSZ-UHFFFAOYSA-N,IAKHMKGGTNLKSZ,connectivity,cyp-challenge-TRAIN_TDI.csv,OCNT-0498150,CYP3A4,is_TDI,0.0,the published structure states less stereochemistry than the drug has
colchicine,IAKHMKGGTNLKSZ-UHFFFAOYSA-N,IAKHMKGGTNLKSZ,connectivity,cyp-challenge-TRAIN_TDI.csv,OCNT-0498150,CYP3A4,pIC50_TDI_condition,2.964843352,the published structure states less stereochemistry than the drug has
colchicine,IAKHMKGGTNLKSZ-UHFFFAOYSA-N,IAKHMKGGTNLKSZ,connectivity,inhibition.tsv,OCNT-0498150-AA-001,CYP3A4,pIC50_direct,4.10993336,the published structure states less stereochemistry than the drug has
conivaptan,IKENVDNFQMCRTR-UHFFFAOYSA-N,IKENVDNFQMCRTR,full,pxr-challenge_TRAIN.csv,OADMET-0003542,PXR,pEC50_PXR,5.69,
conivaptan,IKENVDNFQMCRTR-UHFFFAOYSA-N,IKENVDNFQMCRTR,full,pxr-challenge_counter-assay_TRAIN.csv,OADMET-0003542,PXR,pEC50_PXR_counter,3.09,
crizotinib,KTEIFNKAUNYNJU-GFCCVEGCSA-N,KTEIFNKAUNYNJU,full,pxr-challenge_TRAIN.csv,OADMET-0003726,PXR,pEC50_PXR,1.98,
crizotinib,KTEIFNKAUNYNJU-GFCCVEGCSA-N,KTEIFNKAUNYNJU,full,pxr-challenge_counter-assay_TRAIN.csv,OADMET-0003726,PXR,pEC50_PXR_counter,2.13,
curcumin,VFLDPWHFBUODDF-UHFFFAOYSA-N,VFLDPWHFBUODDF,connectivity,cyp-challenge-TRAIN_TDI.csv,OCNT-0497724,CYP2C9,pIC50_TDI_condition,5.728887265,the published structure states less stereochemistry than the drug has
curcumin,VFLDPWHFBUODDF-UHFFFAOYSA-N,VFLDPWHFBUODDF,connectivity,cyp-challenge-TRAIN_TDI.csv,OCNT-0497724,CYP3A4,is_TDI,0.0,the published structure states less stereochemistry than the drug has
curcumin,VFLDPWHFBUODDF-UHFFFAOYSA-N,VFLDPWHFBUODDF,connectivity,cyp-challenge-TRAIN_TDI.csv,OCNT-0497724,CYP3A4,pIC50_TDI_condition,5.441912213,the published structure states less stereochemistry than the drug has
curcumin,VFLDPWHFBUODDF-UHFFFAOYSA-N,VFLDPWHFBUODDF,connectivity,cyp-challenge-TRAIN_inhibition.csv,OCNT-0497724,CYP2C9,pIC50_direct,5.644330747,the published structure states less stereochemistry than the drug has
curcumin,VFLDPWHFBUODDF-UHFFFAOYSA-N,VFLDPWHFBUODDF,connectivity,cyp-challenge-TRAIN_inhibition.csv,OCNT-0497724,CYP3A4,pIC50_direct,5.27977971,the published structure states less stereochemistry than the drug has
curcumin,VFLDPWHFBUODDF-UHFFFAOYSA-N,VFLDPWHFBUODDF,connectivity,cyp-challenge-single-concentration-TRAIN.csv,OCNT-0497724,CYP1A2,screen_log2fc,-0.4951484348,the published structure states less stereochemistry than the drug has
curcumin,VFLDPWHFBUODDF-UHFFFAOYSA-N,VFLDPWHFBUODDF,connectivity,cyp-challenge-single-concentration-TRAIN.csv,OCNT-0497724,CYP2C9,screen_log2fc,-1.346254565,the published structure states less stereochemistry than the drug has
curcumin,VFLDPWHFBUODDF-UHFFFAOYSA-N,VFLDPWHFBUODDF,connectivity,cyp-challenge-single-concentration-TRAIN.csv,OCNT-0497724,CYP2D6,screen_log2fc,-0.0008324746243,the published structure states less stereochemistry than the drug has
curcumin,VFLDPWHFBUODDF-UHFFFAOYSA-N,VFLDPWHFBUODDF,connectivity,cyp-challenge-single-concentration-TRAIN.csv,OCNT-0497724,CYP3A4,screen_log2fc,-4.10275799,the published structure states less stereochemistry than the drug has
curcumin,VFLDPWHFBUODDF-UHFFFAOYSA-N,VFLDPWHFBUODDF,connectivity,pxr-challenge_TRAIN.csv,OADMET-0003614,PXR,pEC50_PXR,4.56,the published structure states less stereochemistry than the drug has
curcumin,VFLDPWHFBUODDF-UHFFFAOYSA-N,VFLDPWHFBUODDF,connectivity,pxr-challenge_counter-assay_TRAIN.csv,OADMET-0003614,PXR,pEC50_PXR_counter,4.42,the published structure states less stereochemistry than the drug has
cyclosporine,PMATZTZNYRCHOR-CGLBZJNRSA-N,PMATZTZNYRCHOR,full,pxr-challenge_TRAIN.csv,OADMET-0003803,PXR,pEC50_PXR,3.27,
cyclosporine,PMATZTZNYRCHOR-CGLBZJNRSA-N,PMATZTZNYRCHOR,full,pxr-challenge_counter-assay_TRAIN.csv,OADMET-0003803,PXR,pEC50_PXR_counter,1.81,
dabigatran_etexilate,KSGXQBZTULBEEQ-UHFFFAOYSA-N,KSGXQBZTULBEEQ,full,cyp-challenge-TRAIN_TDI.csv,OCNT-2328402,CYP2C9,pIC50_TDI_condition,5.886043733,
dabigatran_etexilate,KSGXQBZTULBEEQ-UHFFFAOYSA-N,KSGXQBZTULBEEQ,full,cyp-challenge-TRAIN_TDI.csv,OCNT-2328402,CYP3A4,is_TDI,1.0,
dabigatran_etexilate,KSGXQBZTULBEEQ-UHFFFAOYSA-N,KSGXQBZTULBEEQ,full,cyp-challenge-TRAIN_TDI.csv,OCNT-2328402,CYP3A4,pIC50_TDI_condition,5.964939465,
dabigatran_etexilate,KSGXQBZTULBEEQ-UHFFFAOYSA-N,KSGXQBZTULBEEQ,full,cyp-challenge-TRAIN_inhibition.csv,OCNT-2328402,CYP2C9,pIC50_direct,5.928811482,
dabigatran_etexilate,KSGXQBZTULBEEQ-UHFFFAOYSA-N,KSGXQBZTULBEEQ,full,cyp-challenge-TRAIN_inhibition.csv,OCNT-2328402,CYP3A4,pIC50_direct,5.497406215,
dabigatran_etexilate,KSGXQBZTULBEEQ-UHFFFAOYSA-N,KSGXQBZTULBEEQ,full,cyp-challenge-single-concentration-TRAIN.csv,OCNT-2328402,CYP1A2,screen_log2fc,-1.184306306,
dabigatran_etexilate,KSGXQBZTULBEEQ-UHFFFAOYSA-N,KSGXQBZTULBEEQ,full,cyp-challenge-single-concentration-TRAIN.csv,OCNT-2328402,CYP2C9,screen_log2fc,-1.388182526,
dabigatran_etexilate,KSGXQBZTULBEEQ-UHFFFAOYSA-N,KSGXQBZTULBEEQ,full,cyp-challenge-single-concentration-TRAIN.csv,OCNT-2328402,CYP2D6,screen_log2fc,-0.3561414002,
dabigatran_etexilate,KSGXQBZTULBEEQ-UHFFFAOYSA-N,KSGXQBZTULBEEQ,full,cyp-challenge-single-concentration-TRAIN.csv,OCNT-2328402,CYP3A4,screen_log2fc,-4.056562363,
darifenacin,HXGBXQDTNZMWGS-RUZDIDTESA-N,HXGBXQDTNZMWGS,full,cyp-challenge-TRAIN_TDI.csv,OCNT-0022215,CYP2D6,is_TDI,0.0,
darifenacin,HXGBXQDTNZMWGS-RUZDIDTESA-N,HXGBXQDTNZMWGS,full,cyp-challenge-TRAIN_TDI.csv,OCNT-0022215,CYP2D6,pIC50_TDI_condition,6.61243324,
darifenacin,HXGBXQDTNZMWGS-RUZDIDTESA-N,HXGBXQDTNZMWGS,full,cyp-challenge-TRAIN_TDI.csv,OCNT-0022215,CYP3A4,is_TDI,1.0,
darifenacin,HXGBXQDTNZMWGS-RUZDIDTESA-N,HXGBXQDTNZMWGS,full,cyp-challenge-TRAIN_TDI.csv,OCNT-0022215,CYP3A4,pIC50_TDI_condition,5.508197615,
darifenacin,HXGBXQDTNZMWGS-RUZDIDTESA-N,HXGBXQDTNZMWGS,full,cyp-challenge-TRAIN_inhibition.csv,OCNT-0022215,CYP2D6,pIC50_direct,6.673307633,
darifenacin,HXGBXQDTNZMWGS-RUZDIDTESA-N,HXGBXQDTNZMWGS,full,cyp-challenge-TRAIN_inhibition.csv,OCNT-0022215,CYP3A4,pIC50_direct,4.980639392,
darifenacin,HXGBXQDTNZMWGS-RUZDIDTESA-N,HXGBXQDTNZMWGS,full,cyp-challenge-single-concentration-TRAIN.csv,OCNT-0022215,CYP1A2,screen_log2fc,-0.3645279168,
darifenacin,HXGBXQDTNZMWGS-RUZDIDTESA-N,HXGBXQDTNZMWGS,full,cyp-challenge-single-concentration-TRAIN.csv,OCNT-0022215,CYP2C9,screen_log2fc,-0.6184223241,
darifenacin,HXGBXQDTNZMWGS-RUZDIDTESA-N,HXGBXQDTNZMWGS,full,cyp-challenge-single-concentration-TRAIN.csv,OCNT-0022215,CYP2D6,screen_log2fc,-3.122036591,
darifenacin,HXGBXQDTNZMWGS-RUZDIDTESA-N,HXGBXQDTNZMWGS,full,cyp-challenge-single-concentration-TRAIN.csv,OCNT-0022215,CYP3A4,screen_log2fc,-2.721880835,
darifenacin,HXGBXQDTNZMWGS-RUZDIDTESA-N,HXGBXQDTNZMWGS,full,pxr-challenge_TRAIN.csv,OADMET-0003551,PXR,pEC50_PXR,4.94,
darifenacin,HXGBXQDTNZMWGS-RUZDIDTESA-N,HXGBXQDTNZMWGS,full,pxr-challenge_counter-assay_TRAIN.csv,OADMET-0003551,PXR,pEC50_PXR_counter,1.89,
darolutamide,BLIJXOOIHRSQRB-PXYINDEMSA-N,BLIJXOOIHRSQRB,full,pxr-challenge_TRAIN.csv,OADMET-0003725,PXR,pEC50_PXR,4.09,
darolutamide,BLIJXOOIHRSQRB-PXYINDEMSA-N,BLIJXOOIHRSQRB,full,pxr-challenge_counter-assay_TRAIN.csv,OADMET-0003725,PXR,pEC50_PXR_counter,2.85,
darunavir,CJBJHOAVZSMMDJ-HEXNFIEUSA-N,CJBJHOAVZSMMDJ,full,pxr-challenge_TRAIN.csv,OADMET-0003703,PXR,pEC50_PXR,4.49,
darunavir,CJBJHOAVZSMMDJ-HEXNFIEUSA-N,CJBJHOAVZSMMDJ,full,pxr-challenge_counter-assay_TRAIN.csv,OADMET-0003703,PXR,pEC50_PXR_counter,3.1,
dasatinib,ZBNZXTGUTAYRHI-UHFFFAOYSA-N,ZBNZXTGUTAYRHI,full,pxr-challenge_TRAIN.csv,OADMET-0003622,PXR,pEC50_PXR,1.74,
dasatinib,ZBNZXTGUTAYRHI-UHFFFAOYSA-N,ZBNZXTGUTAYRHI,full,pxr-challenge_counter-assay_TRAIN.csv,OADMET-0003622,PXR,pEC50_PXR_counter,2.67,
desipramine,HCYAFALTSJYZDH-UHFFFAOYSA-N,HCYAFALTSJYZDH,full,cyp-challenge-TRAIN_TDI.csv,OCNT-0478484,CYP2D6,is_TDI,0.0,
desipramine,HCYAFALTSJYZDH-UHFFFAOYSA-N,HCYAFALTSJYZDH,full,cyp-challenge-TRAIN_TDI.csv,OCNT-0478484,CYP2D6,pIC50_TDI_condition,4.960880985,
desipramine,HCYAFALTSJYZDH-UHFFFAOYSA-N,HCYAFALTSJYZDH,full,cyp-challenge-TRAIN_inhibition.csv,OCNT-0478484,CYP2D6,pIC50_direct,4.793473192,
desipramine,HCYAFALTSJYZDH-UHFFFAOYSA-N,HCYAFALTSJYZDH,full,cyp-challenge-single-concentration-TRAIN.csv,OCNT-0478484,CYP1A2,screen_log2fc,-0.5095604552,
desipramine,HCYAFALTSJYZDH-UHFFFAOYSA-N,HCYAFALTSJYZDH,full,cyp-challenge-single-concentration-TRAIN.csv,OCNT-0478484,CYP2C9,screen_log2fc,-0.4540358725,
desipramine,HCYAFALTSJYZDH-UHFFFAOYSA-N,HCYAFALTSJYZDH,full,cyp-challenge-single-concentration-TRAIN.csv,OCNT-0478484,CYP2D6,screen_log2fc,-1.879117417,
desipramine,HCYAFALTSJYZDH-UHFFFAOYSA-N,HCYAFALTSJYZDH,full,cyp-challenge-single-concentration-TRAIN.csv,OCNT-0478484,CYP3A4,screen_log2fc,-1.18191769,
desloratadine,JAUOIFJMECXRGI-UHFFFAOYSA-N,JAUOIFJMECXRGI,full,cyp-challenge-TRAIN_TDI.csv,OCNT-2328648,CYP2C9,pIC50_TDI_condition,4.088321945,
desloratadine,JAUOIFJMECXRGI-UHFFFAOYSA-N,JAUOIFJMECXRGI,full,cyp-challenge-TRAIN_inhibition.csv,OCNT-2328648,CYP2C9,pIC50_direct,4.094839015,
desloratadine,JAUOIFJMECXRGI-UHFFFAOYSA-N,JAUOIFJMECXRGI,full,cyp-challenge-single-concentration-TRAIN.csv,OCNT-2328648,CYP1A2,screen_log2fc,0.04839336132,
desloratadine,JAUOIFJMECXRGI-UHFFFAOYSA-N,JAUOIFJMECXRGI,full,cyp-challenge-single-concentration-TRAIN.csv,OCNT-2328648,CYP2C9,screen_log2fc,-0.35072351,
desloratadine,JAUOIFJMECXRGI-UHFFFAOYSA-N,JAUOIFJMECXRGI,full,cyp-challenge-single-concentration-TRAIN.csv,OCNT-2328648,CYP2D6,screen_log2fc,-0.7646919545,
desloratadine,JAUOIFJMECXRGI-UHFFFAOYSA-N,JAUOIFJMECXRGI,full,cyp-challenge-single-concentration-TRAIN.csv,OCNT-2328648,CYP3A4,screen_log2fc,-1.401047603,
diethylstilbestrol,RGLYKWWBQGJZGM-ISLYRVAYSA-N,RGLYKWWBQGJZGM,full,cyp-challenge-TRAIN_TDI.csv,OCNT-0494110,CYP2C9,pIC50_TDI_condition,5.812030413,
diethylstilbestrol,RGLYKWWBQGJZGM-ISLYRVAYSA-N,RGLYKWWBQGJZGM,full,cyp-challenge-TRAIN_TDI.csv,OCNT-0494110,CYP3A4,is_TDI,0.0,
diethylstilbestrol,RGLYKWWBQGJZGM-ISLYRVAYSA-N,RGLYKWWBQGJZGM,full,cyp-challenge-TRAIN_TDI.csv,OCNT-0494110,CYP3A4,pIC50_TDI_condition,5.349328082,
diethylstilbestrol,RGLYKWWBQGJZGM-ISLYRVAYSA-N,RGLYKWWBQGJZGM,full,cyp-challenge-TRAIN_inhibition.csv,OCNT-0494110,CYP2C9,pIC50_direct,5.884783357,
diethylstilbestrol,RGLYKWWBQGJZGM-ISLYRVAYSA-N,RGLYKWWBQGJZGM,full,cyp-challenge-TRAIN_inhibition.csv,OCNT-0494110,CYP3A4,pIC50_direct,5.380121762,
diethylstilbestrol,RGLYKWWBQGJZGM-ISLYRVAYSA-N,RGLYKWWBQGJZGM,full,cyp-challenge-single-concentration-TRAIN.csv,OCNT-0494110,CYP1A2,screen_log2fc,-0.9998382796,
diethylstilbestrol,RGLYKWWBQGJZGM-ISLYRVAYSA-N,RGLYKWWBQGJZGM,full,cyp-challenge-single-concentration-TRAIN.csv,OCNT-0494110,CYP2C9,screen_log2fc,-1.360740076,
diethylstilbestrol,RGLYKWWBQGJZGM-ISLYRVAYSA-N,RGLYKWWBQGJZGM,full,cyp-challenge-single-concentration-TRAIN.csv,OCNT-0494110,CYP2D6,screen_log2fc,0.1269499042,
diethylstilbestrol,RGLYKWWBQGJZGM-ISLYRVAYSA-N,RGLYKWWBQGJZGM,full,cyp-challenge-single-concentration-TRAIN.csv,OCNT-0494110,CYP3A4,screen_log2fc,-4.701704735,
diethylstilbestrol,RGLYKWWBQGJZGM-ISLYRVAYSA-N,RGLYKWWBQGJZGM,full,pxr-challenge_TRAIN.csv,OADMET-0003584,PXR,pEC50_PXR,4.43,
diethylstilbestrol,RGLYKWWBQGJZGM-ISLYRVAYSA-N,RGLYKWWBQGJZGM,full,pxr-challenge_counter-assay_TRAIN.csv,OADMET-0003584,PXR,pEC50_PXR_counter,2.37,
diltiazem,HSUGRBWQSSZJOP-RTWAWAEBSA-N,HSUGRBWQSSZJOP,full,pxr-challenge_TRAIN.csv,OADMET-0003648,PXR,pEC50_PXR,4.45,
diltiazem,HSUGRBWQSSZJOP-RTWAWAEBSA-N,HSUGRBWQSSZJOP,full,pxr-challenge_counter-assay_TRAIN.csv,OADMET-0003648,PXR,pEC50_PXR_counter,2.37,
diphenhydramine,ZZVUWRFHKOJYTH-UHFFFAOYSA-N,ZZVUWRFHKOJYTH,full,cyp-challenge-TRAIN_TDI.csv,OCNT-2127780,CYP2D6,is_TDI,0.0,
diphenhydramine,ZZVUWRFHKOJYTH-UHFFFAOYSA-N,ZZVUWRFHKOJYTH,full,cyp-challenge-TRAIN_TDI.csv,OCNT-2127780,CYP2D6,pIC50_TDI_condition,4.953749147,
diphenhydramine,ZZVUWRFHKOJYTH-UHFFFAOYSA-N,ZZVUWRFHKOJYTH,full,cyp-challenge-TRAIN_inhibition.csv,OCNT-2127780,CYP2D6,pIC50_direct,4.790040613,
diphenhydramine,ZZVUWRFHKOJYTH-UHFFFAOYSA-N,ZZVUWRFHKOJYTH,full,cyp-challenge-single-concentration-TRAIN.csv,OCNT-2127780,CYP1A2,screen_log2fc,-0.470855529,
diphenhydramine,ZZVUWRFHKOJYTH-UHFFFAOYSA-N,ZZVUWRFHKOJYTH,full,cyp-challenge-single-concentration-TRAIN.csv,OCNT-2127780,CYP2C9,screen_log2fc,-0.03144749262,
diphenhydramine,ZZVUWRFHKOJYTH-UHFFFAOYSA-N,ZZVUWRFHKOJYTH,full,cyp-challenge-single-concentration-TRAIN.csv,OCNT-2127780,CYP2D6,screen_log2fc,-2.73517849,
diphenhydramine,ZZVUWRFHKOJYTH-UHFFFAOYSA-N,ZZVUWRFHKOJYTH,full,cyp-challenge-single-concentration-TRAIN.csv,OCNT-2127780,CYP3A4,screen_log2fc,-0.2225959296,
dipyridamole,IZEKFCXSFNUWAM-UHFFFAOYSA-N,IZEKFCXSFNUWAM,full,cyp-challenge-TRAIN_TDI.csv,OCNT-0498182,CYP3A4,is_TDI,0.0,
dipyridamole,IZEKFCXSFNUWAM-UHFFFAOYSA-N,IZEKFCXSFNUWAM,full,cyp-challenge-TRAIN_TDI.csv,OCNT-0498182,CYP3A4,pIC50_TDI_condition,5.027127875,
dipyridamole,IZEKFCXSFNUWAM-UHFFFAOYSA-N,IZEKFCXSFNUWAM,full,inhibition.tsv,OCNT-0498182-AA-001,CYP3A4,pIC50_direct,4.9758439,
dipyridamole,IZEKFCXSFNUWAM-UHFFFAOYSA-N,IZEKFCXSFNUWAM,full,pxr-challenge_TRAIN.csv,OADMET-0003638,PXR,pEC50_PXR,5.33,
dipyridamole,IZEKFCXSFNUWAM-UHFFFAOYSA-N,IZEKFCXSFNUWAM,full,pxr-challenge_counter-assay_TRAIN.csv,OADMET-0003638,PXR,pEC50_PXR_counter,1.8,
disulfiram,AUZONCFQVSMFAP-UHFFFAOYSA-N,AUZONCFQVSMFAP,full,pxr-challenge_TRAIN.csv,OADMET-0003753,PXR,pEC50_PXR,1.76,
disulfiram,AUZONCFQVSMFAP-UHFFFAOYSA-N,AUZONCFQVSMFAP,full,pxr-challenge_counter-assay_TRAIN.csv,OADMET-0003753,PXR,pEC50_PXR_counter,2.04,
docetaxel,ZDZOTLJHXYCWBA-VCVYQWHSSA-N,ZDZOTLJHXYCWBA,full,pxr-challenge_TRAIN.csv,OADMET-0003579,PXR,pEC50_PXR,2.45,
docetaxel,ZDZOTLJHXYCWBA-VCVYQWHSSA-N,ZDZOTLJHXYCWBA,full,pxr-challenge_counter-assay_TRAIN.csv,OADMET-0003579,PXR,pEC50_PXR_counter,3.09,
dolutegravir,RHWKPHLQXYSBKR-BMIGLBTASA-N,RHWKPHLQXYSBKR,full,pxr-challenge_TRAIN.csv,OADMET-0003709,PXR,pEC50_PXR,1.82,
dolutegravir,RHWKPHLQXYSBKR-BMIGLBTASA-N,RHWKPHLQXYSBKR,full,pxr-challenge_counter-assay_TRAIN.csv,OADMET-0003709,PXR,pEC50_PXR_counter,2.63,
doxorubicin,AOJJSUZBOXZQNB-TZSSRYMLSA-N,AOJJSUZBOXZQNB,full,pxr-challenge_TRAIN.csv,OADMET-0003707,PXR,pEC50_PXR,6.08,
doxorubicin,AOJJSUZBOXZQNB-TZSSRYMLSA-N,AOJJSUZBOXZQNB,full,pxr-challenge_counter-assay_TRAIN.csv,OADMET-0003707,PXR,pEC50_PXR_counter,4.56,
dronedarone,ZQTNQVWKHCQYLQ-UHFFFAOYSA-N,ZQTNQVWKHCQYLQ,full,cyp-challenge-TRAIN_TDI.csv,OCNT-2328472,CYP2D6,is_TDI,0.0,
dronedarone,ZQTNQVWKHCQYLQ-UHFFFAOYSA-N,ZQTNQVWKHCQYLQ,full,cyp-challenge-TRAIN_TDI.csv,OCNT-2328472,CYP2D6,pIC50_TDI_condition,5.048551243,
dronedarone,ZQTNQVWKHCQYLQ-UHFFFAOYSA-N,ZQTNQVWKHCQYLQ,full,cyp-challenge-TRAIN_inhibition.csv,OCNT-2328472,CYP2D6,pIC50_direct,5.047745925,
dronedarone,ZQTNQVWKHCQYLQ-UHFFFAOYSA-N,ZQTNQVWKHCQYLQ,full,cyp-challenge-single-concentration-TRAIN.csv,OCNT-2328472,CYP1A2,screen_log2fc,-0.04254114886,
dronedarone,ZQTNQVWKHCQYLQ-UHFFFAOYSA-N,ZQTNQVWKHCQYLQ,full,cyp-challenge-single-concentration-TRAIN.csv,OCNT-2328472,CYP2C9,screen_log2fc,-1.19062989,
dronedarone,ZQTNQVWKHCQYLQ-UHFFFAOYSA-N,ZQTNQVWKHCQYLQ,full,cyp-challenge-single-concentration-TRAIN.csv,OCNT-2328472,CYP2D6,screen_log2fc,-2.882530024,
dronedarone,ZQTNQVWKHCQYLQ-UHFFFAOYSA-N,ZQTNQVWKHCQYLQ,full,cyp-challenge-single-concentration-TRAIN.csv,OCNT-2328472,CYP3A4,screen_log2fc,-3.621838351,
duloxetine,ZEUITGRIYCTCEM-KRWDZBQOSA-N,ZEUITGRIYCTCEM,full,cyp-challenge-TRAIN_TDI.csv,OCNT-2328864,CYP1A2,pIC50_TDI_condition,5.564103027,
duloxetine,ZEUITGRIYCTCEM-KRWDZBQOSA-N,ZEUITGRIYCTCEM,full,cyp-challenge-TRAIN_TDI.csv,OCNT-2328864,CYP2D6,is_TDI,1.0,
duloxetine,ZEUITGRIYCTCEM-KRWDZBQOSA-N,ZEUITGRIYCTCEM,full,cyp-challenge-TRAIN_TDI.csv,OCNT-2328864,CYP2D6,pIC50_TDI_condition,5.962758815,
duloxetine,ZEUITGRIYCTCEM-KRWDZBQOSA-N,ZEUITGRIYCTCEM,full,cyp-challenge-TRAIN_inhibition.csv,OCNT-2328864,CYP1A2,pIC50_direct,5.436967443,
duloxetine,ZEUITGRIYCTCEM-KRWDZBQOSA-N,ZEUITGRIYCTCEM,full,cyp-challenge-TRAIN_inhibition.csv,OCNT-2328864,CYP2D6,pIC50_direct,5.287161118,
duloxetine,ZEUITGRIYCTCEM-KRWDZBQOSA-N,ZEUITGRIYCTCEM,full,cyp-challenge-single-concentration-TRAIN.csv,OCNT-2328864,CYP1A2,screen_log2fc,-1.791546124,
duloxetine,ZEUITGRIYCTCEM-KRWDZBQOSA-N,ZEUITGRIYCTCEM,full,cyp-challenge-single-concentration-TRAIN.csv,OCNT-2328864,CYP2C9,screen_log2fc,-0.5892424014,
duloxetine,ZEUITGRIYCTCEM-KRWDZBQOSA-N,ZEUITGRIYCTCEM,full,cyp-challenge-single-concentration-TRAIN.csv,OCNT-2328864,CYP2D6,screen_log2fc,-2.916760872,
duloxetine,ZEUITGRIYCTCEM-KRWDZBQOSA-N,ZEUITGRIYCTCEM,full,cyp-challenge-single-concentration-TRAIN.csv,OCNT-2328864,CYP3A4,screen_log2fc,-1.820020421,
efavirenz,XPOQHMRABVBWPR-ZDUSSCGKSA-N,XPOQHMRABVBWPR,full,cyp-challenge-TRAIN_TDI.csv,OCNT-0493927,CYP1A2,pIC50_TDI_condition,4.926613377,
efavirenz,XPOQHMRABVBWPR-ZDUSSCGKSA-N,XPOQHMRABVBWPR,full,cyp-challenge-TRAIN_TDI.csv,OCNT-0493927,CYP2D6,is_TDI,0.0,
efavirenz,XPOQHMRABVBWPR-ZDUSSCGKSA-N,XPOQHMRABVBWPR,full,cyp-challenge-TRAIN_TDI.csv,OCNT-0493927,CYP2D6,pIC50_TDI_condition,2.876538505,
efavirenz,XPOQHMRABVBWPR-ZDUSSCGKSA-N,XPOQHMRABVBWPR,full,cyp-challenge-TRAIN_inhibition.csv,OCNT-0493927,CYP1A2,pIC50_direct,4.865116112,
efavirenz,XPOQHMRABVBWPR-ZDUSSCGKSA-N,XPOQHMRABVBWPR,full,cyp-challenge-TRAIN_inhibition.csv,OCNT-0493927,CYP2D6,pIC50_direct,2.132256025,
efavirenz,XPOQHMRABVBWPR-ZDUSSCGKSA-N,XPOQHMRABVBWPR,full,cyp-challenge-single-concentration-TRAIN.csv,OCNT-0493927,CYP1A2,screen_log2fc,-1.888175647,
efavirenz,XPOQHMRABVBWPR-ZDUSSCGKSA-N,XPOQHMRABVBWPR,full,cyp-challenge-single-concentration-TRAIN.csv,OCNT-0493927,CYP2C9,screen_log2fc,-1.362956846,
efavirenz,XPOQHMRABVBWPR-ZDUSSCGKSA-N,XPOQHMRABVBWPR,full,cyp-challenge-single-concentration-TRAIN.csv,OCNT-0493927,CYP2D6,screen_log2fc,-1.488439533,
efavirenz,XPOQHMRABVBWPR-ZDUSSCGKSA-N,XPOQHMRABVBWPR,full,cyp-challenge-single-concentration-TRAIN.csv,OCNT-0493927,CYP3A4,screen_log2fc,-4.284093047,
efavirenz,XPOQHMRABVBWPR-ZDUSSCGKSA-N,XPOQHMRABVBWPR,full,pxr-challenge_TRAIN.csv,OADMET-0003576,PXR,pEC50_PXR,5.18,
efavirenz,XPOQHMRABVBWPR-ZDUSSCGKSA-N,XPOQHMRABVBWPR,full,pxr-challenge_counter-assay_TRAIN.csv,OADMET-0003576,PXR,pEC50_PXR_counter,3.31,
escitalopram,WSEQXVZVJXJVFP-FQEVSTJZSA-N,WSEQXVZVJXJVFP,full,cyp-challenge-TRAIN_TDI.csv,OCNT-2328839,CYP2D6,is_TDI,1.0,
escitalopram,WSEQXVZVJXJVFP-FQEVSTJZSA-N,WSEQXVZVJXJVFP,full,cyp-challenge-TRAIN_TDI.csv,OCNT-2328839,CYP2D6,pIC50_TDI_condition,4.806429243,
escitalopram,WSEQXVZVJXJVFP-FQEVSTJZSA-N,WSEQXVZVJXJVFP,full,cyp-challenge-TRAIN_inhibition.csv,OCNT-2328839,CYP2D6,pIC50_direct,4.372751283,
escitalopram,WSEQXVZVJXJVFP-FQEVSTJZSA-N,WSEQXVZVJXJVFP,full,cyp-challenge-single-concentration-TRAIN.csv,OCNT-2328839,CYP1A2,screen_log2fc,0.08564391238,
escitalopram,WSEQXVZVJXJVFP-FQEVSTJZSA-N,WSEQXVZVJXJVFP,full,cyp-challenge-single-concentration-TRAIN.csv,OCNT-2328839,CYP2C9,screen_log2fc,-0.115062122,
escitalopram,WSEQXVZVJXJVFP-FQEVSTJZSA-N,WSEQXVZVJXJVFP,full,cyp-challenge-single-concentration-TRAIN.csv,OCNT-2328839,CYP2D6,screen_log2fc,-1.144144512,
escitalopram,WSEQXVZVJXJVFP-FQEVSTJZSA-N,WSEQXVZVJXJVFP,full,cyp-challenge-single-concentration-TRAIN.csv,OCNT-2328839,CYP3A4,screen_log2fc,-0.2229671213,
everolimus,HKVAMNSJSFKALM-DHGBBOBXSA-N,HKVAMNSJSFKALM,connectivity,pxr-challenge_TRAIN.csv,OADMET-0003581,PXR,pEC50_PXR,2.04,the published structure states less stereochemistry than the drug has
everolimus,HKVAMNSJSFKALM-DHGBBOBXSA-N,HKVAMNSJSFKALM,connectivity,pxr-challenge_counter-assay_TRAIN.csv,OADMET-0003581,PXR,pEC50_PXR_counter,3.25,the published structure states less stereochemistry than the drug has
felodipine,RZTAMFZIAATZDJ-UHFFFAOYSA-N,RZTAMFZIAATZDJ,full,cyp-challenge-TRAIN_TDI.csv,OCNT-0497994,CYP1A2,pIC50_TDI_condition,2.062700487,
felodipine,RZTAMFZIAATZDJ-UHFFFAOYSA-N,RZTAMFZIAATZDJ,full,cyp-challenge-TRAIN_TDI.csv,OCNT-0497994,CYP2D6,is_TDI,0.0,
felodipine,RZTAMFZIAATZDJ-UHFFFAOYSA-N,RZTAMFZIAATZDJ,full,cyp-challenge-TRAIN_TDI.csv,OCNT-0497994,CYP2D6,pIC50_TDI_condition,3.780177473,
felodipine,RZTAMFZIAATZDJ-UHFFFAOYSA-N,RZTAMFZIAATZDJ,full,cyp-challenge-TRAIN_TDI.csv,OCNT-0497994,CYP3A4,is_TDI,0.0,
felodipine,RZTAMFZIAATZDJ-UHFFFAOYSA-N,RZTAMFZIAATZDJ,full,cyp-challenge-TRAIN_TDI.csv,OCNT-0497994,CYP3A4,pIC50_TDI_condition,5.931774677,
felodipine,RZTAMFZIAATZDJ-UHFFFAOYSA-N,RZTAMFZIAATZDJ,full,cyp-challenge-TRAIN_inhibition.csv,OCNT-0497994,CYP1A2,pIC50_direct,1.96732382,
felodipine,RZTAMFZIAATZDJ-UHFFFAOYSA-N,RZTAMFZIAATZDJ,full,cyp-challenge-TRAIN_inhibition.csv,OCNT-0497994,CYP2D6,pIC50_direct,2.584787373,
felodipine,RZTAMFZIAATZDJ-UHFFFAOYSA-N,RZTAMFZIAATZDJ,full,cyp-challenge-TRAIN_inhibition.csv,OCNT-0497994,CYP3A4,pIC50_direct,5.756632872,
felodipine,RZTAMFZIAATZDJ-UHFFFAOYSA-N,RZTAMFZIAATZDJ,full,cyp-challenge-single-concentration-TRAIN.csv,OCNT-0497994,CYP1A2,screen_log2fc,0.4688099667,
felodipine,RZTAMFZIAATZDJ-UHFFFAOYSA-N,RZTAMFZIAATZDJ,full,cyp-challenge-single-concentration-TRAIN.csv,OCNT-0497994,CYP2C9,screen_log2fc,-1.3029742,
felodipine,RZTAMFZIAATZDJ-UHFFFAOYSA-N,RZTAMFZIAATZDJ,full,cyp-challenge-single-concentration-TRAIN.csv,OCNT-0497994,CYP2D6,screen_log2fc,-1.444310236,
felodipine,RZTAMFZIAATZDJ-UHFFFAOYSA-N,RZTAMFZIAATZDJ,full,cyp-challenge-single-concentration-TRAIN.csv,OCNT-0497994,CYP3A4,screen_log2fc,-5.131337214,
felodipine,RZTAMFZIAATZDJ-UHFFFAOYSA-N,RZTAMFZIAATZDJ,full,pxr-challenge_TRAIN.csv,OADMET-0003626,PXR,pEC50_PXR,5.88,
felodipine,RZTAMFZIAATZDJ-UHFFFAOYSA-N,RZTAMFZIAATZDJ,full,pxr-challenge_counter-assay_TRAIN.csv,OADMET-0003626,PXR,pEC50_PXR_counter,5.99,
finasteride,DBEPLOCGEIEOCV-WSBQPABSSA-N,DBEPLOCGEIEOCV,full,cyp-challenge-TRAIN_TDI.csv,OCNT-2328767,CYP2C9,pIC50_TDI_condition,5.104630238,
finasteride,DBEPLOCGEIEOCV-WSBQPABSSA-N,DBEPLOCGEIEOCV,full,cyp-challenge-TRAIN_inhibition.csv,OCNT-2328767,CYP2C9,pIC50_direct,4.703912005,
finasteride,DBEPLOCGEIEOCV-WSBQPABSSA-N,DBEPLOCGEIEOCV,full,cyp-challenge-single-concentration-TRAIN.csv,OCNT-2328767,CYP1A2,screen_log2fc,-0.1107095055,
finasteride,DBEPLOCGEIEOCV-WSBQPABSSA-N,DBEPLOCGEIEOCV,full,cyp-challenge-single-concentration-TRAIN.csv,OCNT-2328767,CYP2C9,screen_log2fc,-0.9650246678,
finasteride,DBEPLOCGEIEOCV-WSBQPABSSA-N,DBEPLOCGEIEOCV,full,cyp-challenge-single-concentration-TRAIN.csv,OCNT-2328767,CYP2D6,screen_log2fc,0.4826690622,
finasteride,DBEPLOCGEIEOCV-WSBQPABSSA-N,DBEPLOCGEIEOCV,full,cyp-challenge-single-concentration-TRAIN.csv,OCNT-2328767,CYP3A4,screen_log2fc,-1.442543792,
fluvastatin,FJLGEFLZQAZZCD-MCBHFWOFSA-N,FJLGEFLZQAZZCD,connectivity,pxr-challenge_TRAIN.csv,OADMET-0003694,PXR,pEC50_PXR,4.79,the published structure states a different arrangement at the same centres
fluvastatin,FJLGEFLZQAZZCD-MCBHFWOFSA-N,FJLGEFLZQAZZCD,connectivity,pxr-challenge_counter-assay_TRAIN.csv,OADMET-0003694,PXR,pEC50_PXR_counter,3.0,the published structure states a different arrangement at the same centres
fluvoxamine,CJOFXWAVKWHTFT-XSFVSMFZSA-N,CJOFXWAVKWHTFT,full,cyp-challenge-TRAIN_TDI.csv,OCNT-2077048,CYP2D6,is_TDI,1.0,
fluvoxamine,CJOFXWAVKWHTFT-XSFVSMFZSA-N,CJOFXWAVKWHTFT,full,cyp-challenge-TRAIN_TDI.csv,OCNT-2077048,CYP2D6,pIC50_TDI_condition,5.480119777,
fluvoxamine,CJOFXWAVKWHTFT-XSFVSMFZSA-N,CJOFXWAVKWHTFT,full,cyp-challenge-TRAIN_inhibition.csv,OCNT-2077048,CYP2D6,pIC50_direct,5.005570732,
fluvoxamine,CJOFXWAVKWHTFT-XSFVSMFZSA-N,CJOFXWAVKWHTFT,full,cyp-challenge-single-concentration-TRAIN.csv,OCNT-2077048,CYP1A2,screen_log2fc,-1.777275139,
fluvoxamine,CJOFXWAVKWHTFT-XSFVSMFZSA-N,CJOFXWAVKWHTFT,full,cyp-challenge-single-concentration-TRAIN.csv,OCNT-2077048,CYP2C9,screen_log2fc,-0.9031483948,
fluvoxamine,CJOFXWAVKWHTFT-XSFVSMFZSA-N,CJOFXWAVKWHTFT,full,cyp-challenge-single-concentration-TRAIN.csv,OCNT-2077048,CYP2D6,screen_log2fc,-2.044503215,
fluvoxamine,CJOFXWAVKWHTFT-XSFVSMFZSA-N,CJOFXWAVKWHTFT,full,cyp-challenge-single-concentration-TRAIN.csv,OCNT-2077048,CYP3A4,screen_log2fc,-1.086590304,
fostamatinib,GKDRMWXFWHEQQT-UHFFFAOYSA-N,GKDRMWXFWHEQQT,full,pxr-challenge_TRAIN.csv,OADMET-0003752,PXR,pEC50_PXR,4.27,
fostamatinib,GKDRMWXFWHEQQT-UHFFFAOYSA-N,GKDRMWXFWHEQQT,full,pxr-challenge_counter-assay_TRAIN.csv,OADMET-0003752,PXR,pEC50_PXR_counter,1.92,
glimepiride,WIGIZIANZCJQQY-RUCARUNLSA-N,WIGIZIANZCJQQY,connectivity,cyp-challenge-TRAIN_TDI.csv,OCNT-2328321,CYP2C9,pIC50_TDI_condition,5.503888437,the published structure states more stereochemistry than the reference
glimepiride,WIGIZIANZCJQQY-RUCARUNLSA-N,WIGIZIANZCJQQY,connectivity,cyp-challenge-TRAIN_inhibition.csv,OCNT-2328321,CYP2C9,pIC50_direct,5.431467965,the published structure states more stereochemistry than the reference
glimepiride,WIGIZIANZCJQQY-RUCARUNLSA-N,WIGIZIANZCJQQY,connectivity,cyp-challenge-single-concentration-TRAIN.csv,OCNT-2328321,CYP1A2,screen_log2fc,-0.0158995385,the published structure states more stereochemistry than the reference
glimepiride,WIGIZIANZCJQQY-RUCARUNLSA-N,WIGIZIANZCJQQY,connectivity,cyp-challenge-single-concentration-TRAIN.csv,OCNT-2328321,CYP2C9,screen_log2fc,-1.246210072,the published structure states more stereochemistry than the reference
glimepiride,WIGIZIANZCJQQY-RUCARUNLSA-N,WIGIZIANZCJQQY,connectivity,cyp-challenge-single-concentration-TRAIN.csv,OCNT-2328321,CYP2D6,screen_log2fc,0.3248040745,the published structure states more stereochemistry than the reference
glimepiride,WIGIZIANZCJQQY-RUCARUNLSA-N,WIGIZIANZCJQQY,connectivity,cyp-challenge-single-concentration-TRAIN.csv,OCNT-2328321,CYP3A4,screen_log2fc,-0.505675462,the published structure states more stereochemistry than the reference
glyburide,ZNNLBTZKUZBEKO-UHFFFAOYSA-N,ZNNLBTZKUZBEKO,full,cyp-challenge-TRAIN_TDI.csv,OCNT-0494698,CYP2C9,pIC50_TDI_condition,5.493996153,
glyburide,ZNNLBTZKUZBEKO-UHFFFAOYSA-N,ZNNLBTZKUZBEKO,full,cyp-challenge-TRAIN_inhibition.csv,OCNT-0494698,CYP2C9,pIC50_direct,5.424638007,
glyburide,ZNNLBTZKUZBEKO-UHFFFAOYSA-N,ZNNLBTZKUZBEKO,full,cyp-challenge-single-concentration-TRAIN.csv,OCNT-0494698,CYP1A2,screen_log2fc,0.02168424894,
glyburide,ZNNLBTZKUZBEKO-UHFFFAOYSA-N,ZNNLBTZKUZBEKO,full,cyp-challenge-single-concentration-TRAIN.csv,OCNT-0494698,CYP2C9,screen_log2fc,-1.204594302,
glyburide,ZNNLBTZKUZBEKO-UHFFFAOYSA-N,ZNNLBTZKUZBEKO,full,cyp-challenge-single-concentration-TRAIN.csv,OCNT-0494698,CYP2D6,screen_log2fc,0.1777982899,
glyburide,ZNNLBTZKUZBEKO-UHFFFAOYSA-N,ZNNLBTZKUZBEKO,full,cyp-challenge-single-concentration-TRAIN.csv,OCNT-0494698,CYP3A4,screen_log2fc,-1.280111941,
glyburide,ZNNLBTZKUZBEKO-UHFFFAOYSA-N,ZNNLBTZKUZBEKO,full,pxr-challenge_TRAIN.csv,OADMET-0003599,PXR,pEC50_PXR,4.75,
glyburide,ZNNLBTZKUZBEKO-UHFFFAOYSA-N,ZNNLBTZKUZBEKO,full,pxr-challenge_counter-assay_TRAIN.csv,OADMET-0003599,PXR,pEC50_PXR_counter,4.68,
ibrutinib,XYFPWWZEPKGCCK-GOSISDBHSA-N,XYFPWWZEPKGCCK,full,cyp-challenge-TRAIN_TDI.csv,OCNT-2328421,CYP2D6,is_TDI,0.0,
ibrutinib,XYFPWWZEPKGCCK-GOSISDBHSA-N,XYFPWWZEPKGCCK,full,cyp-challenge-TRAIN_TDI.csv,OCNT-2328421,CYP2D6,pIC50_TDI_condition,4.48554188,
ibrutinib,XYFPWWZEPKGCCK-GOSISDBHSA-N,XYFPWWZEPKGCCK,full,cyp-challenge-TRAIN_inhibition.csv,OCNT-2328421,CYP2D6,pIC50_direct,4.40668639,
ibrutinib,XYFPWWZEPKGCCK-GOSISDBHSA-N,XYFPWWZEPKGCCK,full,cyp-challenge-single-concentration-TRAIN.csv,OCNT-2328421,CYP1A2,screen_log2fc,0.01935172693,
ibrutinib,XYFPWWZEPKGCCK-GOSISDBHSA-N,XYFPWWZEPKGCCK,full,cyp-challenge-single-concentration-TRAIN.csv,OCNT-2328421,CYP2C9,screen_log2fc,-1.464786442,
ibrutinib,XYFPWWZEPKGCCK-GOSISDBHSA-N,XYFPWWZEPKGCCK,full,cyp-challenge-single-concentration-TRAIN.csv,OCNT-2328421,CYP2D6,screen_log2fc,-1.923104799,
ibrutinib,XYFPWWZEPKGCCK-GOSISDBHSA-N,XYFPWWZEPKGCCK,full,cyp-challenge-single-concentration-TRAIN.csv,OCNT-2328421,CYP3A4,screen_log2fc,-3.892424927,
ibuprofen,HEFNNWSXXWATRW-JTQLQIEISA-N,HEFNNWSXXWATRW,connectivity,cyp-challenge-TRAIN_TDI.csv,OCNT-2328430,CYP3A4,is_TDI,0.0,the published structure states more stereochemistry than the reference
ibuprofen,HEFNNWSXXWATRW-JTQLQIEISA-N,HEFNNWSXXWATRW,connectivity,cyp-challenge-TRAIN_TDI.csv,OCNT-2328430,CYP3A4,pIC50_TDI_condition,2.026788755,the published structure states more stereochemistry than the reference
ibuprofen,HEFNNWSXXWATRW-JTQLQIEISA-N,HEFNNWSXXWATRW,connectivity,cyp-challenge-TRAIN_inhibition.csv,OCNT-2328430,CYP3A4,pIC50_direct,2.277124133,the published structure states more stereochemistry than the reference
ibuprofen,HEFNNWSXXWATRW-JTQLQIEISA-N,HEFNNWSXXWATRW,connectivity,cyp-challenge-single-concentration-TRAIN.csv,OCNT-2328430,CYP1A2,screen_log2fc,-0.1191978766,the published structure states more stereochemistry than the reference
ibuprofen,HEFNNWSXXWATRW-JTQLQIEISA-N,HEFNNWSXXWATRW,connectivity,cyp-challenge-single-concentration-TRAIN.csv,OCNT-2328430,CYP2C9,screen_log2fc,-0.08012275991,the published structure states more stereochemistry than the reference
ibuprofen,HEFNNWSXXWATRW-JTQLQIEISA-N,HEFNNWSXXWATRW,connectivity,cyp-challenge-single-concentration-TRAIN.csv,OCNT-2328430,CYP2D6,screen_log2fc,0.5731045725,the published structure states more stereochemistry than the reference
ibuprofen,HEFNNWSXXWATRW-JTQLQIEISA-N,HEFNNWSXXWATRW,connectivity,cyp-challenge-single-concentration-TRAIN.csv,OCNT-2328430,CYP3A4,screen_log2fc,-0.008129809293,the published structure states more stereochemistry than the reference
imatinib,KTUFNOKKBVMGRW-UHFFFAOYSA-N,KTUFNOKKBVMGRW,full,cyp-challenge-TRAIN_TDI.csv,OCNT-0494025,CYP2C9,pIC50_TDI_condition,4.123710942,
imatinib,KTUFNOKKBVMGRW-UHFFFAOYSA-N,KTUFNOKKBVMGRW,full,cyp-challenge-TRAIN_TDI.csv,OCNT-0494025,CYP3A4,is_TDI,0.0,
imatinib,KTUFNOKKBVMGRW-UHFFFAOYSA-N,KTUFNOKKBVMGRW,full,cyp-challenge-TRAIN_TDI.csv,OCNT-0494025,CYP3A4,pIC50_TDI_condition,5.425476265,
imatinib,KTUFNOKKBVMGRW-UHFFFAOYSA-N,KTUFNOKKBVMGRW,full,cyp-challenge-TRAIN_inhibition.csv,OCNT-0494025,CYP2C9,pIC50_direct,4.159997005,
imatinib,KTUFNOKKBVMGRW-UHFFFAOYSA-N,KTUFNOKKBVMGRW,full,cyp-challenge-single-concentration-TRAIN.csv,OCNT-0494025,CYP1A2,screen_log2fc,-0.1596508606,
imatinib,KTUFNOKKBVMGRW-UHFFFAOYSA-N,KTUFNOKKBVMGRW,full,cyp-challenge-single-concentration-TRAIN.csv,OCNT-0494025,CYP2C9,screen_log2fc,-0.4870290758,
imatinib,KTUFNOKKBVMGRW-UHFFFAOYSA-N,KTUFNOKKBVMGRW,full,cyp-challenge-single-concentration-TRAIN.csv,OCNT-0494025,CYP2D6,screen_log2fc,-0.3266641723,
imatinib,KTUFNOKKBVMGRW-UHFFFAOYSA-N,KTUFNOKKBVMGRW,full,cyp-challenge-single-concentration-TRAIN.csv,OCNT-0494025,CYP3A4,screen_log2fc,-2.837270404,
imatinib,KTUFNOKKBVMGRW-UHFFFAOYSA-N,KTUFNOKKBVMGRW,full,inhibition.tsv,OCNT-0494025-AA-001,CYP3A4,pIC50_direct,5.2716650925,
isavuconazole,DDFOUSQFMYRUQK-RCDICMHDSA-N,DDFOUSQFMYRUQK,full,cyp-challenge-TRAIN_TDI.csv,OCNT-2328936,CYP3A4,is_TDI,0.0,
isavuconazole,DDFOUSQFMYRUQK-RCDICMHDSA-N,DDFOUSQFMYRUQK,full,cyp-challenge-TRAIN_TDI.csv,OCNT-2328936,CYP3A4,pIC50_TDI_condition,6.16451118,
isavuconazole,DDFOUSQFMYRUQK-RCDICMHDSA-N,DDFOUSQFMYRUQK,full,cyp-challenge-TRAIN_inhibition.csv,OCNT-2328936,CYP3A4,pIC50_direct,6.24090818,
isavuconazole,DDFOUSQFMYRUQK-RCDICMHDSA-N,DDFOUSQFMYRUQK,full,cyp-challenge-single-concentration-TRAIN.csv,OCNT-2328936,CYP1A2,screen_log2fc,-0.1898875298,
isavuconazole,DDFOUSQFMYRUQK-RCDICMHDSA-N,DDFOUSQFMYRUQK,full,cyp-challenge-single-concentration-TRAIN.csv,OCNT-2328936,CYP2C9,screen_log2fc,-1.344599415,
isavuconazole,DDFOUSQFMYRUQK-RCDICMHDSA-N,DDFOUSQFMYRUQK,full,cyp-challenge-single-concentration-TRAIN.csv,OCNT-2328936,CYP2D6,screen_log2fc,-0.3805498661,
isavuconazole,DDFOUSQFMYRUQK-RCDICMHDSA-N,DDFOUSQFMYRUQK,full,cyp-challenge-single-concentration-TRAIN.csv,OCNT-2328936,CYP3A4,screen_log2fc,-4.183701584,
isavuconazole,DDFOUSQFMYRUQK-RCDICMHDSA-N,DDFOUSQFMYRUQK,full,pxr-challenge_TRAIN.csv,OADMET-0003791,PXR,pEC50_PXR,5.1,
isavuconazole,DDFOUSQFMYRUQK-RCDICMHDSA-N,DDFOUSQFMYRUQK,full,pxr-challenge_counter-assay_TRAIN.csv,OADMET-0003791,PXR,pEC50_PXR_counter,2.13,
ivacaftor,PURKAOJPTOLRMP-UHFFFAOYSA-N,PURKAOJPTOLRMP,full,cyp-challenge-TRAIN_TDI.csv,OCNT-0713834,CYP2C9,pIC50_TDI_condition,5.43158336,
ivacaftor,PURKAOJPTOLRMP-UHFFFAOYSA-N,PURKAOJPTOLRMP,full,cyp-challenge-TRAIN_TDI.csv,OCNT-0713834,CYP2D6,is_TDI,0.0,
ivacaftor,PURKAOJPTOLRMP-UHFFFAOYSA-N,PURKAOJPTOLRMP,full,cyp-challenge-TRAIN_TDI.csv,OCNT-0713834,CYP2D6,pIC50_TDI_condition,1.992075358,
ivacaftor,PURKAOJPTOLRMP-UHFFFAOYSA-N,PURKAOJPTOLRMP,full,cyp-challenge-TRAIN_TDI.csv,OCNT-0713834,CYP3A4,is_TDI,0.0,
ivacaftor,PURKAOJPTOLRMP-UHFFFAOYSA-N,PURKAOJPTOLRMP,full,cyp-challenge-TRAIN_TDI.csv,OCNT-0713834,CYP3A4,pIC50_TDI_condition,5.61641255,
ivacaftor,PURKAOJPTOLRMP-UHFFFAOYSA-N,PURKAOJPTOLRMP,full,cyp-challenge-TRAIN_inhibition.csv,OCNT-0713834,CYP2C9,pIC50_direct,5.477437085,
ivacaftor,PURKAOJPTOLRMP-UHFFFAOYSA-N,PURKAOJPTOLRMP,full,cyp-challenge-TRAIN_inhibition.csv,OCNT-0713834,CYP2D6,pIC50_direct,2.01608401,
ivacaftor,PURKAOJPTOLRMP-UHFFFAOYSA-N,PURKAOJPTOLRMP,full,cyp-challenge-TRAIN_inhibition.csv,OCNT-0713834,CYP3A4,pIC50_direct,5.416893245,
ivacaftor,PURKAOJPTOLRMP-UHFFFAOYSA-N,PURKAOJPTOLRMP,full,cyp-challenge-single-concentration-TRAIN.csv,OCNT-0713834,CYP1A2,screen_log2fc,-0.4512805149,
ivacaftor,PURKAOJPTOLRMP-UHFFFAOYSA-N,PURKAOJPTOLRMP,full,cyp-challenge-single-concentration-TRAIN.csv,OCNT-0713834,CYP2C9,screen_log2fc,-1.402230774,
ivacaftor,PURKAOJPTOLRMP-UHFFFAOYSA-N,PURKAOJPTOLRMP,full,cyp-challenge-single-concentration-TRAIN.csv,OCNT-0713834,CYP2D6,screen_log2fc,-1.274162848,
ivacaftor,PURKAOJPTOLRMP-UHFFFAOYSA-N,PURKAOJPTOLRMP,full,cyp-challenge-single-concentration-TRAIN.csv,OCNT-0713834,CYP3A4,screen_log2fc,-5.49275686,
lansoprazole,MJIHNNLFOKEZEW-UHFFFAOYSA-N,MJIHNNLFOKEZEW,full,cyp-challenge-TRAIN_TDI.csv,OCNT-2328781,CYP2D6,is_TDI,0.0,
lansoprazole,MJIHNNLFOKEZEW-RUZDIDTESA-N,MJIHNNLFOKEZEW,connectivity,cyp-challenge-TRAIN_TDI.csv,OCNT-2328911,CYP2D6,is_TDI,0.0,the published structure states more stereochemistry than the reference
lansoprazole,MJIHNNLFOKEZEW-UHFFFAOYSA-N,MJIHNNLFOKEZEW,full,cyp-challenge-TRAIN_TDI.csv,OCNT-2328781,CYP2D6,pIC50_TDI_condition,5.576874885,
lansoprazole,MJIHNNLFOKEZEW-RUZDIDTESA-N,MJIHNNLFOKEZEW,connectivity,cyp-challenge-TRAIN_TDI.csv,OCNT-2328911,CYP2D6,pIC50_TDI_condition,5.307268227,the published structure states more stereochemistry than the reference
lansoprazole,MJIHNNLFOKEZEW-UHFFFAOYSA-N,MJIHNNLFOKEZEW,full,cyp-challenge-TRAIN_inhibition.csv,OCNT-2328781,CYP2D6,pIC50_direct,5.45634698,
lansoprazole,MJIHNNLFOKEZEW-RUZDIDTESA-N,MJIHNNLFOKEZEW,connectivity,cyp-challenge-TRAIN_inhibition.csv,OCNT-2328911,CYP2D6,pIC50_direct,5.231456247,the published structure states more stereochemistry than the reference
lansoprazole,MJIHNNLFOKEZEW-UHFFFAOYSA-N,MJIHNNLFOKEZEW,full,cyp-challenge-single-concentration-TRAIN.csv,OCNT-2328781,CYP1A2,screen_log2fc,-1.140237624,
lansoprazole,MJIHNNLFOKEZEW-RUZDIDTESA-N,MJIHNNLFOKEZEW,connectivity,cyp-challenge-single-concentration-TRAIN.csv,OCNT-2328911,CYP1A2,screen_log2fc,-1.041432708,the published structure states more stereochemistry than the reference
lansoprazole,MJIHNNLFOKEZEW-UHFFFAOYSA-N,MJIHNNLFOKEZEW,full,cyp-challenge-single-concentration-TRAIN.csv,OCNT-2328781,CYP2C9,screen_log2fc,-0.9112314166,
lansoprazole,MJIHNNLFOKEZEW-RUZDIDTESA-N,MJIHNNLFOKEZEW,connectivity,cyp-challenge-single-concentration-TRAIN.csv,OCNT-2328911,CYP2C9,screen_log2fc,-0.9379813114,the published structure states more stereochemistry than the reference
lansoprazole,MJIHNNLFOKEZEW-UHFFFAOYSA-N,MJIHNNLFOKEZEW,full,cyp-challenge-single-concentration-TRAIN.csv,OCNT-2328781,CYP2D6,screen_log2fc,-2.967778727,
lansoprazole,MJIHNNLFOKEZEW-RUZDIDTESA-N,MJIHNNLFOKEZEW,connectivity,cyp-challenge-single-concentration-TRAIN.csv,OCNT-2328911,CYP2D6,screen_log2fc,-2.856360395,the published structure states more stereochemistry than the reference
lansoprazole,MJIHNNLFOKEZEW-UHFFFAOYSA-N,MJIHNNLFOKEZEW,full,cyp-challenge-single-concentration-TRAIN.csv,OCNT-2328781,CYP3A4,screen_log2fc,-2.122764734,
lansoprazole,MJIHNNLFOKEZEW-RUZDIDTESA-N,MJIHNNLFOKEZEW,connectivity,cyp-challenge-single-concentration-TRAIN.csv,OCNT-2328911,CYP3A4,screen_log2fc,-3.051056515,the published structure states more stereochemistry than the reference
lansoprazole,MJIHNNLFOKEZEW-RUZDIDTESA-N,MJIHNNLFOKEZEW,connectivity,pxr-challenge_TRAIN.csv,OADMET-0003782,PXR,pEC50_PXR,4.17,the published structure states more stereochemistry than the reference
lansoprazole,MJIHNNLFOKEZEW-UHFFFAOYSA-N,MJIHNNLFOKEZEW,full,pxr-challenge_TRAIN.csv,OADMET-0003758,PXR,pEC50_PXR,5.11,
lansoprazole,MJIHNNLFOKEZEW-RUZDIDTESA-N,MJIHNNLFOKEZEW,connectivity,pxr-challenge_counter-assay_TRAIN.csv,OADMET-0003782,PXR,pEC50_PXR_counter,1.85,the published structure states more stereochemistry than the reference
lansoprazole,MJIHNNLFOKEZEW-UHFFFAOYSA-N,MJIHNNLFOKEZEW,full,pxr-challenge_counter-assay_TRAIN.csv,OADMET-0003758,PXR,pEC50_PXR_counter,1.82,
lapatinib,BCFGMOOMADDAQU-UHFFFAOYSA-N,BCFGMOOMADDAQU,full,pxr-challenge_TRAIN.csv,OADMET-0003602,PXR,pEC50_PXR,5.09,
lapatinib,BCFGMOOMADDAQU-UHFFFAOYSA-N,BCFGMOOMADDAQU,full,pxr-challenge_counter-assay_TRAIN.csv,OADMET-0003602,PXR,pEC50_PXR_counter,5.71,
levothyroxine,XUIIKFGFIJCVMT-LBPRGKRZSA-N,XUIIKFGFIJCVMT,full,cyp-challenge-TRAIN_TDI.csv,OCNT-2328892,CYP1A2,pIC50_TDI_condition,4.83375185,
levothyroxine,XUIIKFGFIJCVMT-LBPRGKRZSA-N,XUIIKFGFIJCVMT,full,cyp-challenge-TRAIN_TDI.csv,OCNT-2328892,CYP2C9,pIC50_TDI_condition,6.431770155,
levothyroxine,XUIIKFGFIJCVMT-LBPRGKRZSA-N,XUIIKFGFIJCVMT,full,cyp-challenge-TRAIN_TDI.csv,OCNT-2328892,CYP3A4,is_TDI,0.0,
levothyroxine,XUIIKFGFIJCVMT-LBPRGKRZSA-N,XUIIKFGFIJCVMT,full,cyp-challenge-TRAIN_TDI.csv,OCNT-2328892,CYP3A4,pIC50_TDI_condition,5.21923289,
levothyroxine,XUIIKFGFIJCVMT-LBPRGKRZSA-N,XUIIKFGFIJCVMT,full,cyp-challenge-TRAIN_inhibition.csv,OCNT-2328892,CYP1A2,pIC50_direct,4.774593187,
levothyroxine,XUIIKFGFIJCVMT-LBPRGKRZSA-N,XUIIKFGFIJCVMT,full,cyp-challenge-TRAIN_inhibition.csv,OCNT-2328892,CYP2C9,pIC50_direct,6.342905652,
levothyroxine,XUIIKFGFIJCVMT-LBPRGKRZSA-N,XUIIKFGFIJCVMT,full,cyp-challenge-TRAIN_inhibition.csv,OCNT-2328892,CYP3A4,pIC50_direct,5.05946557,
levothyroxine,XUIIKFGFIJCVMT-LBPRGKRZSA-N,XUIIKFGFIJCVMT,full,cyp-challenge-single-concentration-TRAIN.csv,OCNT-2328892,CYP1A2,screen_log2fc,-1.9520205,
levothyroxine,XUIIKFGFIJCVMT-LBPRGKRZSA-N,XUIIKFGFIJCVMT,full,cyp-challenge-single-concentration-TRAIN.csv,OCNT-2328892,CYP2C9,screen_log2fc,-1.470465681,
levothyroxine,XUIIKFGFIJCVMT-LBPRGKRZSA-N,XUIIKFGFIJCVMT,full,cyp-challenge-single-concentration-TRAIN.csv,OCNT-2328892,CYP2D6,screen_log2fc,-0.1652882881,
levothyroxine,XUIIKFGFIJCVMT-LBPRGKRZSA-N,XUIIKFGFIJCVMT,full,cyp-challenge-single-concentration-TRAIN.csv,OCNT-2328892,CYP3A4,screen_log2fc,-4.725969446,
lomitapide,MBBCVAKAJPKAKM-UHFFFAOYSA-N,MBBCVAKAJPKAKM,full,cyp-challenge-TRAIN_TDI.csv,OCNT-2328919,CYP2D6,is_TDI,0.0,
lomitapide,MBBCVAKAJPKAKM-UHFFFAOYSA-N,MBBCVAKAJPKAKM,full,cyp-challenge-TRAIN_TDI.csv,OCNT-2328919,CYP2D6,pIC50_TDI_condition,4.89921601,
lomitapide,MBBCVAKAJPKAKM-UHFFFAOYSA-N,MBBCVAKAJPKAKM,full,cyp-challenge-TRAIN_inhibition.csv,OCNT-2328919,CYP2D6,pIC50_direct,4.776236902,
lomitapide,MBBCVAKAJPKAKM-UHFFFAOYSA-N,MBBCVAKAJPKAKM,full,cyp-challenge-single-concentration-TRAIN.csv,OCNT-2328919,CYP1A2,screen_log2fc,0.002597938452,
lomitapide,MBBCVAKAJPKAKM-UHFFFAOYSA-N,MBBCVAKAJPKAKM,full,cyp-challenge-single-concentration-TRAIN.csv,OCNT-2328919,CYP2C9,screen_log2fc,-1.051919502,
lomitapide,MBBCVAKAJPKAKM-UHFFFAOYSA-N,MBBCVAKAJPKAKM,full,cyp-challenge-single-concentration-TRAIN.csv,OCNT-2328919,CYP2D6,screen_log2fc,-2.957185966,
lomitapide,MBBCVAKAJPKAKM-UHFFFAOYSA-N,MBBCVAKAJPKAKM,full,cyp-challenge-single-concentration-TRAIN.csv,OCNT-2328919,CYP3A4,screen_log2fc,-4.098577815,
lomitapide,MBBCVAKAJPKAKM-UHFFFAOYSA-N,MBBCVAKAJPKAKM,full,pxr-challenge_TRAIN.csv,OADMET-0003785,PXR,pEC50_PXR,2.02,
lomitapide,MBBCVAKAJPKAKM-UHFFFAOYSA-N,MBBCVAKAJPKAKM,full,pxr-challenge_counter-assay_TRAIN.csv,OADMET-0003785,PXR,pEC50_PXR_counter,2.08,
loperamide,RDOIQAHITMMDAJ-UHFFFAOYSA-N,RDOIQAHITMMDAJ,full,cyp-challenge-TRAIN_TDI.csv,OCNT-2328558,CYP2D6,is_TDI,0.0,
loperamide,RDOIQAHITMMDAJ-UHFFFAOYSA-N,RDOIQAHITMMDAJ,full,cyp-challenge-TRAIN_TDI.csv,OCNT-2328558,CYP2D6,pIC50_TDI_condition,5.03449192,
loperamide,RDOIQAHITMMDAJ-UHFFFAOYSA-N,RDOIQAHITMMDAJ,full,cyp-challenge-TRAIN_inhibition.csv,OCNT-2328558,CYP2D6,pIC50_direct,4.922547267,
loperamide,RDOIQAHITMMDAJ-UHFFFAOYSA-N,RDOIQAHITMMDAJ,full,cyp-challenge-single-concentration-TRAIN.csv,OCNT-2328558,CYP1A2,screen_log2fc,0.1542092944,
loperamide,RDOIQAHITMMDAJ-UHFFFAOYSA-N,RDOIQAHITMMDAJ,full,cyp-challenge-single-concentration-TRAIN.csv,OCNT-2328558,CYP2C9,screen_log2fc,-0.9986985013,
loperamide,RDOIQAHITMMDAJ-UHFFFAOYSA-N,RDOIQAHITMMDAJ,full,cyp-challenge-single-concentration-TRAIN.csv,OCNT-2328558,CYP2D6,screen_log2fc,-3.068343879,
loperamide,RDOIQAHITMMDAJ-UHFFFAOYSA-N,RDOIQAHITMMDAJ,full,cyp-challenge-single-concentration-TRAIN.csv,OCNT-2328558,CYP3A4,screen_log2fc,-1.817375684,
loperamide,RDOIQAHITMMDAJ-UHFFFAOYSA-N,RDOIQAHITMMDAJ,full,pxr-challenge_TRAIN.csv,OADMET-0003717,PXR,pEC50_PXR,4.3,
loperamide,RDOIQAHITMMDAJ-UHFFFAOYSA-N,RDOIQAHITMMDAJ,full,pxr-challenge_counter-assay_TRAIN.csv,OADMET-0003717,PXR,pEC50_PXR_counter,2.22,
loratadine,JCCNYMKQOSZNPW-UHFFFAOYSA-N,JCCNYMKQOSZNPW,full,cyp-challenge-TRAIN_TDI.csv,OCNT-0493312,CYP2C9,pIC50_TDI_condition,5.823702693,
loratadine,JCCNYMKQOSZNPW-UHFFFAOYSA-N,JCCNYMKQOSZNPW,full,cyp-challenge-TRAIN_TDI.csv,OCNT-0493312,CYP2D6,is_TDI,0.0,
loratadine,JCCNYMKQOSZNPW-UHFFFAOYSA-N,JCCNYMKQOSZNPW,full,cyp-challenge-TRAIN_TDI.csv,OCNT-0493312,CYP2D6,pIC50_TDI_condition,3.75705552,
loratadine,JCCNYMKQOSZNPW-UHFFFAOYSA-N,JCCNYMKQOSZNPW,full,cyp-challenge-TRAIN_inhibition.csv,OCNT-0493312,CYP2C9,pIC50_direct,5.846211473,
loratadine,JCCNYMKQOSZNPW-UHFFFAOYSA-N,JCCNYMKQOSZNPW,full,cyp-challenge-TRAIN_inhibition.csv,OCNT-0493312,CYP2D6,pIC50_direct,2.277052242,
loratadine,JCCNYMKQOSZNPW-UHFFFAOYSA-N,JCCNYMKQOSZNPW,full,cyp-challenge-single-concentration-TRAIN.csv,OCNT-0493312,CYP1A2,screen_log2fc,-0.1024321833,
loratadine,JCCNYMKQOSZNPW-UHFFFAOYSA-N,JCCNYMKQOSZNPW,full,cyp-challenge-single-concentration-TRAIN.csv,OCNT-0493312,CYP2C9,screen_log2fc,-1.46080013,
loratadine,JCCNYMKQOSZNPW-UHFFFAOYSA-N,JCCNYMKQOSZNPW,full,cyp-challenge-single-concentration-TRAIN.csv,OCNT-0493312,CYP2D6,screen_log2fc,-1.105890072,
loratadine,JCCNYMKQOSZNPW-UHFFFAOYSA-N,JCCNYMKQOSZNPW,full,cyp-challenge-single-concentration-TRAIN.csv,OCNT-0493312,CYP3A4,screen_log2fc,-2.271399035,
loratadine,JCCNYMKQOSZNPW-UHFFFAOYSA-N,JCCNYMKQOSZNPW,full,pxr-challenge_TRAIN.csv,OADMET-0003567,PXR,pEC50_PXR,5.24,
loratadine,JCCNYMKQOSZNPW-UHFFFAOYSA-N,JCCNYMKQOSZNPW,full,pxr-challenge_counter-assay_TRAIN.csv,OADMET-0003567,PXR,pEC50_PXR_counter,2.51,
lurasidone,PQXKDMSYBGKCJA-CVTJIBDQSA-N,PQXKDMSYBGKCJA,full,pxr-challenge_TRAIN.csv,OADMET-0003545,PXR,pEC50_PXR,4.6,
lurasidone,PQXKDMSYBGKCJA-CVTJIBDQSA-N,PQXKDMSYBGKCJA,full,pxr-challenge_counter-assay_TRAIN.csv,OADMET-0003545,PXR,pEC50_PXR_counter,1.82,
maraviroc,GSNHKUDZZFZSJB-HLMSNRGBSA-N,GSNHKUDZZFZSJB,full,cyp-challenge-TRAIN_TDI.csv,OCNT-0494197,CYP3A4,is_TDI,0.0,
maraviroc,GSNHKUDZZFZSJB-HLMSNRGBSA-N,GSNHKUDZZFZSJB,full,cyp-challenge-TRAIN_TDI.csv,OCNT-0494197,CYP3A4,pIC50_TDI_condition,3.06735095,
maraviroc,GSNHKUDZZFZSJB-HLMSNRGBSA-N,GSNHKUDZZFZSJB,full,inhibition.tsv,OCNT-0494197-AA-001,CYP3A4,pIC50_direct,3.0344016125,
meclizine,OCJYIGYOJCODJL-UHFFFAOYSA-N,OCJYIGYOJCODJL,full,cyp-challenge-TRAIN_TDI.csv,OCNT-0495153,CYP2D6,is_TDI,0.0,
meclizine,OCJYIGYOJCODJL-UHFFFAOYSA-N,OCJYIGYOJCODJL,full,cyp-challenge-TRAIN_TDI.csv,OCNT-0495153,CYP2D6,pIC50_TDI_condition,5.70512827,
meclizine,OCJYIGYOJCODJL-UHFFFAOYSA-N,OCJYIGYOJCODJL,full,cyp-challenge-TRAIN_TDI.csv,OCNT-0495153,CYP3A4,is_TDI,0.0,
meclizine,OCJYIGYOJCODJL-UHFFFAOYSA-N,OCJYIGYOJCODJL,full,cyp-challenge-TRAIN_TDI.csv,OCNT-0495153,CYP3A4,pIC50_TDI_condition,5.715654475,
meclizine,OCJYIGYOJCODJL-UHFFFAOYSA-N,OCJYIGYOJCODJL,full,cyp-challenge-TRAIN_inhibition.csv,OCNT-0495153,CYP2D6,pIC50_direct,5.68881332,
meclizine,OCJYIGYOJCODJL-UHFFFAOYSA-N,OCJYIGYOJCODJL,full,cyp-challenge-TRAIN_inhibition.csv,OCNT-0495153,CYP3A4,pIC50_direct,5.557870813,
meclizine,OCJYIGYOJCODJL-UHFFFAOYSA-N,OCJYIGYOJCODJL,full,cyp-challenge-single-concentration-TRAIN.csv,OCNT-0495153,CYP1A2,screen_log2fc,0.007393499658,
meclizine,OCJYIGYOJCODJL-UHFFFAOYSA-N,OCJYIGYOJCODJL,full,cyp-challenge-single-concentration-TRAIN.csv,OCNT-0495153,CYP2C9,screen_log2fc,-0.5572797571,
meclizine,OCJYIGYOJCODJL-UHFFFAOYSA-N,OCJYIGYOJCODJL,full,cyp-challenge-single-concentration-TRAIN.csv,OCNT-0495153,CYP2D6,screen_log2fc,-2.412524536,
meclizine,OCJYIGYOJCODJL-UHFFFAOYSA-N,OCJYIGYOJCODJL,full,cyp-challenge-single-concentration-TRAIN.csv,OCNT-0495153,CYP3A4,screen_log2fc,-2.750468498,
melatonin,DRLFMBDRBRZALE-UHFFFAOYSA-N,DRLFMBDRBRZALE,full,cyp-challenge-TRAIN_TDI.csv,OCNT-0478539,CYP2C9,pIC50_TDI_condition,3.807593045,
melatonin,DRLFMBDRBRZALE-UHFFFAOYSA-N,DRLFMBDRBRZALE,full,cyp-challenge-TRAIN_inhibition.csv,OCNT-0478539,CYP2C9,pIC50_direct,3.595793432,
melatonin,DRLFMBDRBRZALE-UHFFFAOYSA-N,DRLFMBDRBRZALE,full,cyp-challenge-single-concentration-TRAIN.csv,OCNT-0478539,CYP1A2,screen_log2fc,-0.7363524359,
melatonin,DRLFMBDRBRZALE-UHFFFAOYSA-N,DRLFMBDRBRZALE,full,cyp-challenge-single-concentration-TRAIN.csv,OCNT-0478539,CYP2C9,screen_log2fc,-0.1748891025,
melatonin,DRLFMBDRBRZALE-UHFFFAOYSA-N,DRLFMBDRBRZALE,full,cyp-challenge-single-concentration-TRAIN.csv,OCNT-0478539,CYP2D6,screen_log2fc,0.07116558019,
melatonin,DRLFMBDRBRZALE-UHFFFAOYSA-N,DRLFMBDRBRZALE,full,cyp-challenge-single-concentration-TRAIN.csv,OCNT-0478539,CYP3A4,screen_log2fc,-0.3055494411,
methotrexate,FBOZXECLQNJBKD-ZDUSSCGKSA-N,FBOZXECLQNJBKD,full,cyp-challenge-TRAIN_TDI.csv,OCNT-0200796,CYP1A2,pIC50_TDI_condition,2.101438155,
methotrexate,FBOZXECLQNJBKD-ZDUSSCGKSA-N,FBOZXECLQNJBKD,full,cyp-challenge-TRAIN_inhibition.csv,OCNT-0200796,CYP1A2,pIC50_direct,2.132871568,
methotrexate,FBOZXECLQNJBKD-ZDUSSCGKSA-N,FBOZXECLQNJBKD,full,cyp-challenge-single-concentration-TRAIN.csv,OCNT-0200796,CYP1A2,screen_log2fc,1.803621858,
methotrexate,FBOZXECLQNJBKD-ZDUSSCGKSA-N,FBOZXECLQNJBKD,full,cyp-challenge-single-concentration-TRAIN.csv,OCNT-0200796,CYP2C9,screen_log2fc,-0.285238787,
methotrexate,FBOZXECLQNJBKD-ZDUSSCGKSA-N,FBOZXECLQNJBKD,full,cyp-challenge-single-concentration-TRAIN.csv,OCNT-0200796,CYP2D6,screen_log2fc,0.1926871761,
methotrexate,FBOZXECLQNJBKD-ZDUSSCGKSA-N,FBOZXECLQNJBKD,full,cyp-challenge-single-concentration-TRAIN.csv,OCNT-0200796,CYP3A4,screen_log2fc,-0.2627896151,
methoxsalen,QXKHYNVANLEOEG-UHFFFAOYSA-N,QXKHYNVANLEOEG,full,cyp-challenge-TRAIN_TDI.csv,OCNT-0483505,CYP1A2,pIC50_TDI_condition,7.351337685,
methoxsalen,QXKHYNVANLEOEG-UHFFFAOYSA-N,QXKHYNVANLEOEG,full,cyp-challenge-TRAIN_TDI.csv,OCNT-0483505,CYP2D6,is_TDI,0.0,
methoxsalen,QXKHYNVANLEOEG-UHFFFAOYSA-N,QXKHYNVANLEOEG,full,cyp-challenge-TRAIN_TDI.csv,OCNT-0483505,CYP2D6,pIC50_TDI_condition,4.71216073,
methoxsalen,QXKHYNVANLEOEG-UHFFFAOYSA-N,QXKHYNVANLEOEG,full,cyp-challenge-TRAIN_inhibition.csv,OCNT-0483505,CYP1A2,pIC50_direct,6.692482703,
methoxsalen,QXKHYNVANLEOEG-UHFFFAOYSA-N,QXKHYNVANLEOEG,full,cyp-challenge-TRAIN_inhibition.csv,OCNT-0483505,CYP2D6,pIC50_direct,4.495205617,
methoxsalen,QXKHYNVANLEOEG-UHFFFAOYSA-N,QXKHYNVANLEOEG,full,cyp-challenge-single-concentration-TRAIN.csv,OCNT-0483505,CYP1A2,screen_log2fc,-1.936491907,
methoxsalen,QXKHYNVANLEOEG-UHFFFAOYSA-N,QXKHYNVANLEOEG,full,cyp-challenge-single-concentration-TRAIN.csv,OCNT-0483505,CYP2C9,screen_log2fc,-1.156701299,
methoxsalen,QXKHYNVANLEOEG-UHFFFAOYSA-N,QXKHYNVANLEOEG,full,cyp-challenge-single-concentration-TRAIN.csv,OCNT-0483505,CYP2D6,screen_log2fc,-1.188944613,
methoxsalen,QXKHYNVANLEOEG-UHFFFAOYSA-N,QXKHYNVANLEOEG,full,cyp-challenge-single-concentration-TRAIN.csv,OCNT-0483505,CYP3A4,screen_log2fc,-3.461916776,
mexiletine,VLPIATFUUWWMKC-UHFFFAOYSA-N,VLPIATFUUWWMKC,full,cyp-challenge-TRAIN_TDI.csv,OCNT-2328583,CYP1A2,pIC50_TDI_condition,5.97186832,
mexiletine,VLPIATFUUWWMKC-UHFFFAOYSA-N,VLPIATFUUWWMKC,full,cyp-challenge-TRAIN_inhibition.csv,OCNT-2328583,CYP1A2,pIC50_direct,5.823946382,
mexiletine,VLPIATFUUWWMKC-UHFFFAOYSA-N,VLPIATFUUWWMKC,full,cyp-challenge-single-concentration-TRAIN.csv,OCNT-2328583,CYP1A2,screen_log2fc,-1.885218104,
mexiletine,VLPIATFUUWWMKC-UHFFFAOYSA-N,VLPIATFUUWWMKC,full,cyp-challenge-single-concentration-TRAIN.csv,OCNT-2328583,CYP2C9,screen_log2fc,-0.1031111727,
mexiletine,VLPIATFUUWWMKC-UHFFFAOYSA-N,VLPIATFUUWWMKC,full,cyp-challenge-single-concentration-TRAIN.csv,OCNT-2328583,CYP2D6,screen_log2fc,0.02018150083,
mexiletine,VLPIATFUUWWMKC-UHFFFAOYSA-N,VLPIATFUUWWMKC,full,cyp-challenge-single-concentration-TRAIN.csv,OCNT-2328583,CYP3A4,screen_log2fc,-0.3630465759,
mifepristone,VKHAHZOOUSRJNA-GCNJZUOMSA-N,VKHAHZOOUSRJNA,full,cyp-challenge-TRAIN_TDI.csv,OCNT-0495275,CYP2C9,pIC50_TDI_condition,5.455363825,
mifepristone,VKHAHZOOUSRJNA-GCNJZUOMSA-N,VKHAHZOOUSRJNA,full,cyp-challenge-TRAIN_TDI.csv,OCNT-0495275,CYP3A4,is_TDI,1.0,
mifepristone,VKHAHZOOUSRJNA-GCNJZUOMSA-N,VKHAHZOOUSRJNA,full,cyp-challenge-TRAIN_TDI.csv,OCNT-0495275,CYP3A4,pIC50_TDI_condition,6.11371474,
mifepristone,VKHAHZOOUSRJNA-GCNJZUOMSA-N,VKHAHZOOUSRJNA,full,cyp-challenge-TRAIN_inhibition.csv,OCNT-0495275,CYP2C9,pIC50_direct,5.37404736,
mifepristone,VKHAHZOOUSRJNA-GCNJZUOMSA-N,VKHAHZOOUSRJNA,full,cyp-challenge-TRAIN_inhibition.csv,OCNT-0495275,CYP3A4,pIC50_direct,5.421847237,
mifepristone,VKHAHZOOUSRJNA-GCNJZUOMSA-N,VKHAHZOOUSRJNA,full,cyp-challenge-single-concentration-TRAIN.csv,OCNT-0495275,CYP1A2,screen_log2fc,-0.1789572014,
mifepristone,VKHAHZOOUSRJNA-GCNJZUOMSA-N,VKHAHZOOUSRJNA,full,cyp-challenge-single-concentration-TRAIN.csv,OCNT-0495275,CYP2C9,screen_log2fc,-1.319757447,
mifepristone,VKHAHZOOUSRJNA-GCNJZUOMSA-N,VKHAHZOOUSRJNA,full,cyp-challenge-single-concentration-TRAIN.csv,OCNT-0495275,CYP2D6,screen_log2fc,-0.6040528986,
mifepristone,VKHAHZOOUSRJNA-GCNJZUOMSA-N,VKHAHZOOUSRJNA,full,cyp-challenge-single-concentration-TRAIN.csv,OCNT-0495275,CYP3A4,screen_log2fc,-4.928688182,
mifepristone,VKHAHZOOUSRJNA-GCNJZUOMSA-N,VKHAHZOOUSRJNA,full,pxr-challenge_TRAIN.csv,OADMET-0003604,PXR,pEC50_PXR,4.88,
mifepristone,VKHAHZOOUSRJNA-GCNJZUOMSA-N,VKHAHZOOUSRJNA,full,pxr-challenge_counter-assay_TRAIN.csv,OADMET-0003604,PXR,pEC50_PXR_counter,2.17,
mirabegron,PBAPPPCECJKMCM-IBGZPJMESA-N,PBAPPPCECJKMCM,full,cyp-challenge-TRAIN_TDI.csv,OCNT-2328914,CYP2D6,is_TDI,1.0,
mirabegron,PBAPPPCECJKMCM-IBGZPJMESA-N,PBAPPPCECJKMCM,full,cyp-challenge-TRAIN_TDI.csv,OCNT-2328914,CYP2D6,pIC50_TDI_condition,5.025075047,
mirabegron,PBAPPPCECJKMCM-IBGZPJMESA-N,PBAPPPCECJKMCM,full,cyp-challenge-TRAIN_inhibition.csv,OCNT-2328914,CYP2D6,pIC50_direct,4.617477477,
mirabegron,PBAPPPCECJKMCM-IBGZPJMESA-N,PBAPPPCECJKMCM,full,cyp-challenge-single-concentration-TRAIN.csv,OCNT-2328914,CYP1A2,screen_log2fc,0.02344237448,
mirabegron,PBAPPPCECJKMCM-IBGZPJMESA-N,PBAPPPCECJKMCM,full,cyp-challenge-single-concentration-TRAIN.csv,OCNT-2328914,CYP2C9,screen_log2fc,-0.8743826472,
mirabegron,PBAPPPCECJKMCM-IBGZPJMESA-N,PBAPPPCECJKMCM,full,cyp-challenge-single-concentration-TRAIN.csv,OCNT-2328914,CYP2D6,screen_log2fc,-1.62334861,
mirabegron,PBAPPPCECJKMCM-IBGZPJMESA-N,PBAPPPCECJKMCM,full,cyp-challenge-single-concentration-TRAIN.csv,OCNT-2328914,CYP3A4,screen_log2fc,-3.130086433,
mitotane,JWBOIMRXGHLCPP-UHFFFAOYSA-N,JWBOIMRXGHLCPP,full,pxr-challenge_TRAIN.csv,OADMET-0003666,PXR,pEC50_PXR,4.43,
mitotane,JWBOIMRXGHLCPP-UHFFFAOYSA-N,JWBOIMRXGHLCPP,full,pxr-challenge_counter-assay_TRAIN.csv,OADMET-0003666,PXR,pEC50_PXR_counter,2.5,
mycophenolate_mofetil,RTGDFNSFWBGLEC-SYZQJQIISA-N,RTGDFNSFWBGLEC,full,cyp-challenge-TRAIN_TDI.csv,OCNT-2328359,CYP3A4,is_TDI,1.0,
mycophenolate_mofetil,RTGDFNSFWBGLEC-SYZQJQIISA-N,RTGDFNSFWBGLEC,full,cyp-challenge-TRAIN_TDI.csv,OCNT-2328359,CYP3A4,pIC50_TDI_condition,5.42469647,
mycophenolate_mofetil,RTGDFNSFWBGLEC-SYZQJQIISA-N,RTGDFNSFWBGLEC,full,cyp-challenge-TRAIN_inhibition.csv,OCNT-2328359,CYP3A4,pIC50_direct,4.502966093,
mycophenolate_mofetil,RTGDFNSFWBGLEC-SYZQJQIISA-N,RTGDFNSFWBGLEC,full,cyp-challenge-single-concentration-TRAIN.csv,OCNT-2328359,CYP1A2,screen_log2fc,0.5615869756,
mycophenolate_mofetil,RTGDFNSFWBGLEC-SYZQJQIISA-N,RTGDFNSFWBGLEC,full,cyp-challenge-single-concentration-TRAIN.csv,OCNT-2328359,CYP2C9,screen_log2fc,-0.5392442308,
mycophenolate_mofetil,RTGDFNSFWBGLEC-SYZQJQIISA-N,RTGDFNSFWBGLEC,full,cyp-challenge-single-concentration-TRAIN.csv,OCNT-2328359,CYP2D6,screen_log2fc,0.2492771097,
mycophenolate_mofetil,RTGDFNSFWBGLEC-SYZQJQIISA-N,RTGDFNSFWBGLEC,full,cyp-challenge-single-concentration-TRAIN.csv,OCNT-2328359,CYP3A4,screen_log2fc,-2.060565036,
mycophenolic_acid,HPNSFSBZBAHARI-RUDMXATFSA-N,HPNSFSBZBAHARI,full,cyp-challenge-TRAIN_TDI.csv,OCNT-2328332,CYP3A4,is_TDI,0.0,
mycophenolic_acid,HPNSFSBZBAHARI-RUDMXATFSA-N,HPNSFSBZBAHARI,full,cyp-challenge-TRAIN_TDI.csv,OCNT-2328332,CYP3A4,pIC50_TDI_condition,2.666150258,
mycophenolic_acid,HPNSFSBZBAHARI-RUDMXATFSA-N,HPNSFSBZBAHARI,full,cyp-challenge-TRAIN_inhibition.csv,OCNT-2328332,CYP3A4,pIC50_direct,2.626332057,
mycophenolic_acid,HPNSFSBZBAHARI-RUDMXATFSA-N,HPNSFSBZBAHARI,full,cyp-challenge-single-concentration-TRAIN.csv,OCNT-2328332,CYP1A2,screen_log2fc,0.3449068955,
mycophenolic_acid,HPNSFSBZBAHARI-RUDMXATFSA-N,HPNSFSBZBAHARI,full,cyp-challenge-single-concentration-TRAIN.csv,OCNT-2328332,CYP2C9,screen_log2fc,-0.0094677982,
mycophenolic_acid,HPNSFSBZBAHARI-RUDMXATFSA-N,HPNSFSBZBAHARI,full,cyp-challenge-single-concentration-TRAIN.csv,OCNT-2328332,CYP2D6,screen_log2fc,0.4341675843,
mycophenolic_acid,HPNSFSBZBAHARI-RUDMXATFSA-N,HPNSFSBZBAHARI,full,cyp-challenge-single-concentration-TRAIN.csv,OCNT-2328332,CYP3A4,screen_log2fc,-0.07908651027,
mycophenolic_acid,HPNSFSBZBAHARI-RUDMXATFSA-N,HPNSFSBZBAHARI,full,pxr-challenge_TRAIN.csv,OADMET-0003652,PXR,pEC50_PXR,6.58,
mycophenolic_acid,HPNSFSBZBAHARI-RUDMXATFSA-N,HPNSFSBZBAHARI,full,pxr-challenge_counter-assay_TRAIN.csv,OADMET-0003652,PXR,pEC50_PXR_counter,2.24,
nefazodone,VRBKIVRKKCLPHA-UHFFFAOYSA-N,VRBKIVRKKCLPHA,full,cyp-challenge-TRAIN_TDI.csv,OCNT-0022107,CYP2C9,pIC50_TDI_condition,4.775147742,
nefazodone,VRBKIVRKKCLPHA-UHFFFAOYSA-N,VRBKIVRKKCLPHA,full,cyp-challenge-TRAIN_TDI.csv,OCNT-0022107,CYP2D6,is_TDI,0.0,
nefazodone,VRBKIVRKKCLPHA-UHFFFAOYSA-N,VRBKIVRKKCLPHA,full,cyp-challenge-TRAIN_TDI.csv,OCNT-0022107,CYP2D6,pIC50_TDI_condition,5.276080122,
nefazodone,VRBKIVRKKCLPHA-UHFFFAOYSA-N,VRBKIVRKKCLPHA,full,cyp-challenge-TRAIN_TDI.csv,OCNT-0022107,CYP3A4,is_TDI,1.0,
nefazodone,VRBKIVRKKCLPHA-UHFFFAOYSA-N,VRBKIVRKKCLPHA,full,cyp-challenge-TRAIN_TDI.csv,OCNT-0022107,CYP3A4,pIC50_TDI_condition,6.168760277,
nefazodone,VRBKIVRKKCLPHA-UHFFFAOYSA-N,VRBKIVRKKCLPHA,full,cyp-challenge-TRAIN_inhibition.csv,OCNT-0022107,CYP2C9,pIC50_direct,4.824902188,
nefazodone,VRBKIVRKKCLPHA-UHFFFAOYSA-N,VRBKIVRKKCLPHA,full,cyp-challenge-TRAIN_inhibition.csv,OCNT-0022107,CYP2D6,pIC50_direct,5.186117497,
nefazodone,VRBKIVRKKCLPHA-UHFFFAOYSA-N,VRBKIVRKKCLPHA,full,cyp-challenge-TRAIN_inhibition.csv,OCNT-0022107,CYP3A4,pIC50_direct,5.49990294,
nefazodone,VRBKIVRKKCLPHA-UHFFFAOYSA-N,VRBKIVRKKCLPHA,full,cyp-challenge-single-concentration-TRAIN.csv,OCNT-0022107,CYP1A2,screen_log2fc,-0.2326609581,
nefazodone,VRBKIVRKKCLPHA-UHFFFAOYSA-N,VRBKIVRKKCLPHA,full,cyp-challenge-single-concentration-TRAIN.csv,OCNT-0022107,CYP2C9,screen_log2fc,-1.314070211,
nefazodone,VRBKIVRKKCLPHA-UHFFFAOYSA-N,VRBKIVRKKCLPHA,full,cyp-challenge-single-concentration-TRAIN.csv,OCNT-0022107,CYP2D6,screen_log2fc,-2.784554912,
nefazodone,VRBKIVRKKCLPHA-UHFFFAOYSA-N,VRBKIVRKKCLPHA,full,cyp-challenge-single-concentration-TRAIN.csv,OCNT-0022107,CYP3A4,screen_log2fc,-3.825650557,
nefazodone,VRBKIVRKKCLPHA-UHFFFAOYSA-N,VRBKIVRKKCLPHA,full,pxr-challenge_TRAIN.csv,OADMET-0003546,PXR,pEC50_PXR,4.34,
nefazodone,VRBKIVRKKCLPHA-UHFFFAOYSA-N,VRBKIVRKKCLPHA,full,pxr-challenge_counter-assay_TRAIN.csv,OADMET-0003546,PXR,pEC50_PXR_counter,2.01,
nifedipine,HYIMSNHJOBLJNT-UHFFFAOYSA-N,HYIMSNHJOBLJNT,full,cyp-challenge-TRAIN_TDI.csv,OCNT-0498014,CYP1A2,pIC50_TDI_condition,7.229800177,
nifedipine,HYIMSNHJOBLJNT-UHFFFAOYSA-N,HYIMSNHJOBLJNT,full,cyp-challenge-TRAIN_inhibition.csv,OCNT-0498014,CYP1A2,pIC50_direct,6.994413592,
nifedipine,HYIMSNHJOBLJNT-UHFFFAOYSA-N,HYIMSNHJOBLJNT,full,cyp-challenge-single-concentration-TRAIN.csv,OCNT-0498014,CYP1A2,screen_log2fc,-1.734944055,
nifedipine,HYIMSNHJOBLJNT-UHFFFAOYSA-N,HYIMSNHJOBLJNT,full,cyp-challenge-single-concentration-TRAIN.csv,OCNT-0498014,CYP2C9,screen_log2fc,-0.1056908333,
nifedipine,HYIMSNHJOBLJNT-UHFFFAOYSA-N,HYIMSNHJOBLJNT,full,cyp-challenge-single-concentration-TRAIN.csv,OCNT-0498014,CYP2D6,screen_log2fc,0.3070791303,
nifedipine,HYIMSNHJOBLJNT-UHFFFAOYSA-N,HYIMSNHJOBLJNT,full,cyp-challenge-single-concentration-TRAIN.csv,OCNT-0498014,CYP3A4,screen_log2fc,-0.9070727113,
nimodipine,UIAGMCDKSXEBJQ-UHFFFAOYSA-N,UIAGMCDKSXEBJQ,full,cyp-challenge-TRAIN_TDI.csv,OCNT-0497989,CYP3A4,is_TDI,0.0,
nimodipine,UIAGMCDKSXEBJQ-UHFFFAOYSA-N,UIAGMCDKSXEBJQ,full,cyp-challenge-TRAIN_TDI.csv,OCNT-0497989,CYP3A4,pIC50_TDI_condition,5.866669973,
nimodipine,UIAGMCDKSXEBJQ-UHFFFAOYSA-N,UIAGMCDKSXEBJQ,full,cyp-challenge-TRAIN_inhibition.csv,OCNT-0497989,CYP3A4,pIC50_direct,5.680652535,
nimodipine,UIAGMCDKSXEBJQ-UHFFFAOYSA-N,UIAGMCDKSXEBJQ,full,cyp-challenge-single-concentration-TRAIN.csv,OCNT-0497989,CYP1A2,screen_log2fc,-0.4892207277,
nimodipine,UIAGMCDKSXEBJQ-UHFFFAOYSA-N,UIAGMCDKSXEBJQ,full,cyp-challenge-single-concentration-TRAIN.csv,OCNT-0497989,CYP2C9,screen_log2fc,-1.28523926,
nimodipine,UIAGMCDKSXEBJQ-UHFFFAOYSA-N,UIAGMCDKSXEBJQ,full,cyp-challenge-single-concentration-TRAIN.csv,OCNT-0497989,CYP2D6,screen_log2fc,-0.1813328289,
nimodipine,UIAGMCDKSXEBJQ-UHFFFAOYSA-N,UIAGMCDKSXEBJQ,full,cyp-challenge-single-concentration-TRAIN.csv,OCNT-0497989,CYP3A4,screen_log2fc,-3.911429377,
nimodipine,UIAGMCDKSXEBJQ-UHFFFAOYSA-N,UIAGMCDKSXEBJQ,full,pxr-challenge_TRAIN.csv,OADMET-0003625,PXR,pEC50_PXR,6.21,
nimodipine,UIAGMCDKSXEBJQ-UHFFFAOYSA-N,UIAGMCDKSXEBJQ,full,pxr-challenge_counter-assay_TRAIN.csv,OADMET-0003625,PXR,pEC50_PXR_counter,5.69,
nisoldipine,VKQFCGNPDRICFG-UHFFFAOYSA-N,VKQFCGNPDRICFG,full,cyp-challenge-TRAIN_TDI.csv,OCNT-0498090,CYP1A2,pIC50_TDI_condition,6.66904095,
nisoldipine,VKQFCGNPDRICFG-UHFFFAOYSA-N,VKQFCGNPDRICFG,full,cyp-challenge-TRAIN_inhibition.csv,OCNT-0498090,CYP1A2,pIC50_direct,6.540418253,
nisoldipine,VKQFCGNPDRICFG-UHFFFAOYSA-N,VKQFCGNPDRICFG,full,cyp-challenge-single-concentration-TRAIN.csv,OCNT-0498090,CYP1A2,screen_log2fc,-1.983406911,
nisoldipine,VKQFCGNPDRICFG-UHFFFAOYSA-N,VKQFCGNPDRICFG,full,cyp-challenge-single-concentration-TRAIN.csv,OCNT-0498090,CYP2C9,screen_log2fc,-1.163304245,
nisoldipine,VKQFCGNPDRICFG-UHFFFAOYSA-N,VKQFCGNPDRICFG,full,cyp-challenge-single-concentration-TRAIN.csv,OCNT-0498090,CYP2D6,screen_log2fc,0.1357406962,
nisoldipine,VKQFCGNPDRICFG-UHFFFAOYSA-N,VKQFCGNPDRICFG,full,cyp-challenge-single-concentration-TRAIN.csv,OCNT-0498090,CYP3A4,screen_log2fc,-2.537990591,
nisoldipine,VKQFCGNPDRICFG-UHFFFAOYSA-N,VKQFCGNPDRICFG,full,pxr-challenge_TRAIN.csv,OADMET-0003630,PXR,pEC50_PXR,5.66,
nisoldipine,VKQFCGNPDRICFG-UHFFFAOYSA-N,VKQFCGNPDRICFG,full,pxr-challenge_counter-assay_TRAIN.csv,OADMET-0003630,PXR,pEC50_PXR_counter,2.03,
omeprazole,SUBDBMMJDZJVOS-UHFFFAOYSA-N,SUBDBMMJDZJVOS,full,pxr-challenge_TRAIN.csv,OADMET-0001906,PXR,pEC50_PXR,4.25,
omeprazole,SUBDBMMJDZJVOS-UHFFFAOYSA-N,SUBDBMMJDZJVOS,full,pxr-challenge_counter-assay_TRAIN.csv,OADMET-0001906,PXR,pEC50_PXR_counter,3.08,
ondansetron,FELGMEQIXOGIFQ-UHFFFAOYSA-N,FELGMEQIXOGIFQ,full,cyp-challenge-TRAIN_TDI.csv,OCNT-0495277,CYP1A2,pIC50_TDI_condition,4.865892557,
ondansetron,FELGMEQIXOGIFQ-UHFFFAOYSA-N,FELGMEQIXOGIFQ,full,cyp-challenge-TRAIN_inhibition.csv,OCNT-0495277,CYP1A2,pIC50_direct,4.98720785,
ondansetron,FELGMEQIXOGIFQ-UHFFFAOYSA-N,FELGMEQIXOGIFQ,full,cyp-challenge-single-concentration-TRAIN.csv,OCNT-0495277,CYP1A2,screen_log2fc,-1.566345363,
ondansetron,FELGMEQIXOGIFQ-UHFFFAOYSA-N,FELGMEQIXOGIFQ,full,cyp-challenge-single-concentration-TRAIN.csv,OCNT-0495277,CYP2C9,screen_log2fc,-0.5116290518,
ondansetron,FELGMEQIXOGIFQ-UHFFFAOYSA-N,FELGMEQIXOGIFQ,full,cyp-challenge-single-concentration-TRAIN.csv,OCNT-0495277,CYP2D6,screen_log2fc,-0.4142022256,
ondansetron,FELGMEQIXOGIFQ-UHFFFAOYSA-N,FELGMEQIXOGIFQ,full,cyp-challenge-single-concentration-TRAIN.csv,OCNT-0495277,CYP3A4,screen_log2fc,-2.277614836,
paroxetine,AHOUBRCZNHFOSL-YOEHRIQHSA-N,AHOUBRCZNHFOSL,full,cyp-challenge-TRAIN_TDI.csv,OCNT-1911800,CYP1A2,pIC50_TDI_condition,5.28480542,
paroxetine,AHOUBRCZNHFOSL-YOEHRIQHSA-N,AHOUBRCZNHFOSL,full,cyp-challenge-TRAIN_TDI.csv,OCNT-1911800,CYP2D6,is_TDI,0.0,
paroxetine,AHOUBRCZNHFOSL-YOEHRIQHSA-N,AHOUBRCZNHFOSL,full,cyp-challenge-TRAIN_TDI.csv,OCNT-1911800,CYP2D6,pIC50_TDI_condition,6.051769245,
paroxetine,AHOUBRCZNHFOSL-YOEHRIQHSA-N,AHOUBRCZNHFOSL,full,cyp-challenge-TRAIN_inhibition.csv,OCNT-1911800,CYP1A2,pIC50_direct,5.14513125,
paroxetine,AHOUBRCZNHFOSL-YOEHRIQHSA-N,AHOUBRCZNHFOSL,full,cyp-challenge-TRAIN_inhibition.csv,OCNT-1911800,CYP2D6,pIC50_direct,5.785331985,
paroxetine,AHOUBRCZNHFOSL-YOEHRIQHSA-N,AHOUBRCZNHFOSL,full,cyp-challenge-single-concentration-TRAIN.csv,OCNT-1911800,CYP1A2,screen_log2fc,-1.599350564,
paroxetine,AHOUBRCZNHFOSL-YOEHRIQHSA-N,AHOUBRCZNHFOSL,full,cyp-challenge-single-concentration-TRAIN.csv,OCNT-1911800,CYP2C9,screen_log2fc,-0.681666547,
paroxetine,AHOUBRCZNHFOSL-YOEHRIQHSA-N,AHOUBRCZNHFOSL,full,cyp-challenge-single-concentration-TRAIN.csv,OCNT-1911800,CYP2D6,screen_log2fc,-2.739325022,
paroxetine,AHOUBRCZNHFOSL-YOEHRIQHSA-N,AHOUBRCZNHFOSL,full,cyp-challenge-single-concentration-TRAIN.csv,OCNT-1911800,CYP3A4,screen_log2fc,-2.656763899,
pazopanib,CUIHSIWYWATEQL-UHFFFAOYSA-N,CUIHSIWYWATEQL,full,cyp-challenge-TRAIN_TDI.csv,OCNT-0494136,CYP3A4,is_TDI,0.0,
pazopanib,CUIHSIWYWATEQL-UHFFFAOYSA-N,CUIHSIWYWATEQL,full,cyp-challenge-TRAIN_TDI.csv,OCNT-0494136,CYP3A4,pIC50_TDI_condition,5.41517297,
pazopanib,CUIHSIWYWATEQL-UHFFFAOYSA-N,CUIHSIWYWATEQL,full,inhibition.tsv,OCNT-0494136-AA-001,CYP3A4,pIC50_direct,5.527779765,
perphenazine,RGCVKNLCSQQDEP-UHFFFAOYSA-N,RGCVKNLCSQQDEP,full,cyp-challenge-TRAIN_TDI.csv,OCNT-0022119,CYP1A2,pIC50_TDI_condition,5.467273315,
perphenazine,RGCVKNLCSQQDEP-UHFFFAOYSA-N,RGCVKNLCSQQDEP,full,cyp-challenge-TRAIN_TDI.csv,OCNT-0022119,CYP2D6,is_TDI,0.0,
perphenazine,RGCVKNLCSQQDEP-UHFFFAOYSA-N,RGCVKNLCSQQDEP,full,cyp-challenge-TRAIN_TDI.csv,OCNT-0022119,CYP2D6,pIC50_TDI_condition,6.393546825,
perphenazine,RGCVKNLCSQQDEP-UHFFFAOYSA-N,RGCVKNLCSQQDEP,full,cyp-challenge-TRAIN_TDI.csv,OCNT-0022119,CYP3A4,is_TDI,0.0,
perphenazine,RGCVKNLCSQQDEP-UHFFFAOYSA-N,RGCVKNLCSQQDEP,full,cyp-challenge-TRAIN_TDI.csv,OCNT-0022119,CYP3A4,pIC50_TDI_condition,4.942967868,
perphenazine,RGCVKNLCSQQDEP-UHFFFAOYSA-N,RGCVKNLCSQQDEP,full,cyp-challenge-TRAIN_inhibition.csv,OCNT-0022119,CYP1A2,pIC50_direct,5.40955026,
perphenazine,RGCVKNLCSQQDEP-UHFFFAOYSA-N,RGCVKNLCSQQDEP,full,cyp-challenge-TRAIN_inhibition.csv,OCNT-0022119,CYP2D6,pIC50_direct,6.170296065,
perphenazine,RGCVKNLCSQQDEP-UHFFFAOYSA-N,RGCVKNLCSQQDEP,full,cyp-challenge-single-concentration-TRAIN.csv,OCNT-0022119,CYP1A2,screen_log2fc,-1.865198621,
perphenazine,RGCVKNLCSQQDEP-UHFFFAOYSA-N,RGCVKNLCSQQDEP,full,cyp-challenge-single-concentration-TRAIN.csv,OCNT-0022119,CYP2C9,screen_log2fc,-1.123074697,
perphenazine,RGCVKNLCSQQDEP-UHFFFAOYSA-N,RGCVKNLCSQQDEP,full,cyp-challenge-single-concentration-TRAIN.csv,OCNT-0022119,CYP2D6,screen_log2fc,-2.956977202,
perphenazine,RGCVKNLCSQQDEP-UHFFFAOYSA-N,RGCVKNLCSQQDEP,full,cyp-challenge-single-concentration-TRAIN.csv,OCNT-0022119,CYP3A4,screen_log2fc,-2.606772401,
perphenazine,RGCVKNLCSQQDEP-UHFFFAOYSA-N,RGCVKNLCSQQDEP,full,inhibition.tsv,OCNT-0022119-AA-003,CYP3A4,pIC50_direct,4.96393765,
pimozide,YVUQSNJEYSNKRX-UHFFFAOYSA-N,YVUQSNJEYSNKRX,full,cyp-challenge-TRAIN_TDI.csv,OCNT-0022271,CYP2D6,is_TDI,0.0,
pimozide,YVUQSNJEYSNKRX-UHFFFAOYSA-N,YVUQSNJEYSNKRX,full,cyp-challenge-TRAIN_TDI.csv,OCNT-0022271,CYP2D6,pIC50_TDI_condition,5.539989298,
pimozide,YVUQSNJEYSNKRX-UHFFFAOYSA-N,YVUQSNJEYSNKRX,full,cyp-challenge-TRAIN_inhibition.csv,OCNT-0022271,CYP2D6,pIC50_direct,5.429762353,
pimozide,YVUQSNJEYSNKRX-UHFFFAOYSA-N,YVUQSNJEYSNKRX,full,cyp-challenge-single-concentration-TRAIN.csv,OCNT-0022271,CYP1A2,screen_log2fc,0.01209224843,
pimozide,YVUQSNJEYSNKRX-UHFFFAOYSA-N,YVUQSNJEYSNKRX,full,cyp-challenge-single-concentration-TRAIN.csv,OCNT-0022271,CYP2C9,screen_log2fc,-1.294120218,
pimozide,YVUQSNJEYSNKRX-UHFFFAOYSA-N,YVUQSNJEYSNKRX,full,cyp-challenge-single-concentration-TRAIN.csv,OCNT-0022271,CYP2D6,screen_log2fc,-2.568753732,
pimozide,YVUQSNJEYSNKRX-UHFFFAOYSA-N,YVUQSNJEYSNKRX,full,cyp-challenge-single-concentration-TRAIN.csv,OCNT-0022271,CYP3A4,screen_log2fc,-3.926119767,
pioglitazone,HYAFETHFCAUJAY-UHFFFAOYSA-N,HYAFETHFCAUJAY,full,pxr-challenge_TRAIN.csv,OADMET-0003734,PXR,pEC50_PXR,4.67,
pioglitazone,HYAFETHFCAUJAY-UHFFFAOYSA-N,HYAFETHFCAUJAY,full,pxr-challenge_counter-assay_TRAIN.csv,OADMET-0003734,PXR,pEC50_PXR_counter,2.93,
propafenone,JWHAUXFOSRPERK-UHFFFAOYSA-N,JWHAUXFOSRPERK,full,cyp-challenge-TRAIN_TDI.csv,OCNT-0381046,CYP1A2,pIC50_TDI_condition,5.773089175,
propafenone,JWHAUXFOSRPERK-UHFFFAOYSA-N,JWHAUXFOSRPERK,full,cyp-challenge-TRAIN_TDI.csv,OCNT-0381046,CYP2D6,is_TDI,0.0,
propafenone,JWHAUXFOSRPERK-UHFFFAOYSA-N,JWHAUXFOSRPERK,full,cyp-challenge-TRAIN_TDI.csv,OCNT-0381046,CYP2D6,pIC50_TDI_condition,6.164402798,
propafenone,JWHAUXFOSRPERK-UHFFFAOYSA-N,JWHAUXFOSRPERK,full,cyp-challenge-TRAIN_inhibition.csv,OCNT-0381046,CYP1A2,pIC50_direct,5.753405707,
propafenone,JWHAUXFOSRPERK-UHFFFAOYSA-N,JWHAUXFOSRPERK,full,cyp-challenge-TRAIN_inhibition.csv,OCNT-0381046,CYP2D6,pIC50_direct,6.27227232,
propafenone,JWHAUXFOSRPERK-UHFFFAOYSA-N,JWHAUXFOSRPERK,full,cyp-challenge-single-concentration-TRAIN.csv,OCNT-0381046,CYP1A2,screen_log2fc,-1.777037556,
propafenone,JWHAUXFOSRPERK-UHFFFAOYSA-N,JWHAUXFOSRPERK,full,cyp-challenge-single-concentration-TRAIN.csv,OCNT-0381046,CYP2C9,screen_log2fc,-0.3043162074,
propafenone,JWHAUXFOSRPERK-UHFFFAOYSA-N,JWHAUXFOSRPERK,full,cyp-challenge-single-concentration-TRAIN.csv,OCNT-0381046,CYP2D6,screen_log2fc,-3.22475189,
propafenone,JWHAUXFOSRPERK-UHFFFAOYSA-N,JWHAUXFOSRPERK,full,cyp-challenge-single-concentration-TRAIN.csv,OCNT-0381046,CYP3A4,screen_log2fc,-2.22235619,
propranolol,AQHHHDLHHXJYJD-UHFFFAOYSA-N,AQHHHDLHHXJYJD,full,cyp-challenge-TRAIN_TDI.csv,OCNT-0018684,CYP1A2,pIC50_TDI_condition,5.739094973,
propranolol,AQHHHDLHHXJYJD-UHFFFAOYSA-N,AQHHHDLHHXJYJD,full,cyp-challenge-TRAIN_TDI.csv,OCNT-0018684,CYP2C9,pIC50_TDI_condition,3.589719642,
propranolol,AQHHHDLHHXJYJD-UHFFFAOYSA-N,AQHHHDLHHXJYJD,full,cyp-challenge-TRAIN_TDI.csv,OCNT-0018684,CYP2D6,is_TDI,1.0,
propranolol,AQHHHDLHHXJYJD-UHFFFAOYSA-N,AQHHHDLHHXJYJD,full,cyp-challenge-TRAIN_TDI.csv,OCNT-0018684,CYP2D6,pIC50_TDI_condition,5.315580657,
propranolol,AQHHHDLHHXJYJD-UHFFFAOYSA-N,AQHHHDLHHXJYJD,full,cyp-challenge-TRAIN_inhibition.csv,OCNT-0018684,CYP1A2,pIC50_direct,5.783014945,
propranolol,AQHHHDLHHXJYJD-UHFFFAOYSA-N,AQHHHDLHHXJYJD,full,cyp-challenge-TRAIN_inhibition.csv,OCNT-0018684,CYP2C9,pIC50_direct,2.834837307,
propranolol,AQHHHDLHHXJYJD-UHFFFAOYSA-N,AQHHHDLHHXJYJD,full,cyp-challenge-TRAIN_inhibition.csv,OCNT-0018684,CYP2D6,pIC50_direct,4.615706783,
propranolol,AQHHHDLHHXJYJD-UHFFFAOYSA-N,AQHHHDLHHXJYJD,full,cyp-challenge-single-concentration-TRAIN.csv,OCNT-0018684,CYP1A2,screen_log2fc,-1.842162663,
propranolol,AQHHHDLHHXJYJD-UHFFFAOYSA-N,AQHHHDLHHXJYJD,full,cyp-challenge-single-concentration-TRAIN.csv,OCNT-0018684,CYP2C9,screen_log2fc,-0.1489162451,
propranolol,AQHHHDLHHXJYJD-UHFFFAOYSA-N,AQHHHDLHHXJYJD,full,cyp-challenge-single-concentration-TRAIN.csv,OCNT-0018684,CYP2D6,screen_log2fc,-1.554408331,
propranolol,AQHHHDLHHXJYJD-UHFFFAOYSA-N,AQHHHDLHHXJYJD,full,cyp-challenge-single-concentration-TRAIN.csv,OCNT-0018684,CYP3A4,screen_log2fc,-0.3620744171,
pyrimethamine,WKSAUQYGYAYLPV-UHFFFAOYSA-N,WKSAUQYGYAYLPV,full,cyp-challenge-TRAIN_TDI.csv,OCNT-0498011,CYP3A4,is_TDI,0.0,
pyrimethamine,WKSAUQYGYAYLPV-UHFFFAOYSA-N,WKSAUQYGYAYLPV,full,cyp-challenge-TRAIN_TDI.csv,OCNT-0498011,CYP3A4,pIC50_TDI_condition,3.8333898,
pyrimethamine,WKSAUQYGYAYLPV-UHFFFAOYSA-N,WKSAUQYGYAYLPV,full,inhibition.tsv,OCNT-0498011-AA-001,CYP3A4,pIC50_direct,4.3475605875,
pyrimethamine,WKSAUQYGYAYLPV-UHFFFAOYSA-N,WKSAUQYGYAYLPV,full,pxr-challenge_TRAIN.csv,OADMET-0003627,PXR,pEC50_PXR,2.95,
pyrimethamine,WKSAUQYGYAYLPV-UHFFFAOYSA-N,WKSAUQYGYAYLPV,full,pxr-challenge_counter-assay_TRAIN.csv,OADMET-0003627,PXR,pEC50_PXR_counter,2.42,
quetiapine,URKOMYMAXPYINW-UHFFFAOYSA-N,URKOMYMAXPYINW,full,pxr-challenge_TRAIN.csv,OADMET-0003548,PXR,pEC50_PXR,4.18,
quetiapine,URKOMYMAXPYINW-UHFFFAOYSA-N,URKOMYMAXPYINW,full,pxr-challenge_counter-assay_TRAIN.csv,OADMET-0003548,PXR,pEC50_PXR_counter,2.23,
quinidine,LOUPRKONTZGTKE-LHHVKLHASA-N,LOUPRKONTZGTKE,full,cyp-challenge-TRAIN_TDI.csv,OCNT-1911794,CYP2D6,is_TDI,0.0,
quinidine,LOUPRKONTZGTKE-LHHVKLHASA-N,LOUPRKONTZGTKE,full,cyp-challenge-TRAIN_TDI.csv,OCNT-1911794,CYP2D6,pIC50_TDI_condition,7.597448745,
quinidine,LOUPRKONTZGTKE-LHHVKLHASA-N,LOUPRKONTZGTKE,full,cyp-challenge-TRAIN_inhibition.csv,OCNT-1911794,CYP2D6,pIC50_direct,7.46628706,
quinidine,LOUPRKONTZGTKE-LHHVKLHASA-N,LOUPRKONTZGTKE,full,cyp-challenge-single-concentration-TRAIN.csv,OCNT-1911794,CYP1A2,screen_log2fc,0.03185249872,
quinidine,LOUPRKONTZGTKE-LHHVKLHASA-N,LOUPRKONTZGTKE,full,cyp-challenge-single-concentration-TRAIN.csv,OCNT-1911794,CYP2C9,screen_log2fc,-0.184853403,
quinidine,LOUPRKONTZGTKE-LHHVKLHASA-N,LOUPRKONTZGTKE,full,cyp-challenge-single-concentration-TRAIN.csv,OCNT-1911794,CYP2D6,screen_log2fc,-2.835321902,
quinidine,LOUPRKONTZGTKE-LHHVKLHASA-N,LOUPRKONTZGTKE,full,cyp-challenge-single-concentration-TRAIN.csv,OCNT-1911794,CYP3A4,screen_log2fc,-1.706770811,
quinine,LOUPRKONTZGTKE-WZBLMQSHSA-N,LOUPRKONTZGTKE,full,cyp-challenge-TRAIN_TDI.csv,OCNT-0494161,CYP2D6,is_TDI,0.0,
quinine,LOUPRKONTZGTKE-WZBLMQSHSA-N,LOUPRKONTZGTKE,full,cyp-challenge-TRAIN_TDI.csv,OCNT-0494161,CYP2D6,pIC50_TDI_condition,5.079241085,
quinine,LOUPRKONTZGTKE-WZBLMQSHSA-N,LOUPRKONTZGTKE,full,cyp-challenge-TRAIN_TDI.csv,OCNT-0494161,CYP3A4,is_TDI,0.0,
quinine,LOUPRKONTZGTKE-WZBLMQSHSA-N,LOUPRKONTZGTKE,full,cyp-challenge-TRAIN_TDI.csv,OCNT-0494161,CYP3A4,pIC50_TDI_condition,4.637503308,
quinine,LOUPRKONTZGTKE-WZBLMQSHSA-N,LOUPRKONTZGTKE,full,cyp-challenge-TRAIN_inhibition.csv,OCNT-0494161,CYP2D6,pIC50_direct,4.907063575,
quinine,LOUPRKONTZGTKE-WZBLMQSHSA-N,LOUPRKONTZGTKE,full,cyp-challenge-single-concentration-TRAIN.csv,OCNT-0494161,CYP1A2,screen_log2fc,0.1095016852,
quinine,LOUPRKONTZGTKE-WZBLMQSHSA-N,LOUPRKONTZGTKE,full,cyp-challenge-single-concentration-TRAIN.csv,OCNT-0494161,CYP2C9,screen_log2fc,-0.3234080899,
quinine,LOUPRKONTZGTKE-WZBLMQSHSA-N,LOUPRKONTZGTKE,full,cyp-challenge-single-concentration-TRAIN.csv,OCNT-0494161,CYP2D6,screen_log2fc,-1.991804329,
quinine,LOUPRKONTZGTKE-WZBLMQSHSA-N,LOUPRKONTZGTKE,full,cyp-challenge-single-concentration-TRAIN.csv,OCNT-0494161,CYP3A4,screen_log2fc,-1.706226037,
ramelteon,YLXDSYKOBKBWJQ-LBPRGKRZSA-N,YLXDSYKOBKBWJQ,full,cyp-challenge-TRAIN_TDI.csv,OCNT-0494193,CYP3A4,is_TDI,0.0,
ramelteon,YLXDSYKOBKBWJQ-LBPRGKRZSA-N,YLXDSYKOBKBWJQ,full,cyp-challenge-TRAIN_TDI.csv,OCNT-0494193,CYP3A4,pIC50_TDI_condition,3.929631272,
ramelteon,YLXDSYKOBKBWJQ-LBPRGKRZSA-N,YLXDSYKOBKBWJQ,full,inhibition.tsv,OCNT-0494193-AA-001,CYP3A4,pIC50_direct,5.16589526,
ranolazine,XKLMZUWKNUAPSZ-UHFFFAOYSA-N,XKLMZUWKNUAPSZ,full,cyp-challenge-TRAIN_TDI.csv,OCNT-0494021,CYP3A4,is_TDI,0.0,
ranolazine,XKLMZUWKNUAPSZ-UHFFFAOYSA-N,XKLMZUWKNUAPSZ,full,cyp-challenge-TRAIN_TDI.csv,OCNT-0494021,CYP3A4,pIC50_TDI_condition,4.249200838,
ranolazine,XKLMZUWKNUAPSZ-UHFFFAOYSA-N,XKLMZUWKNUAPSZ,full,inhibition.tsv,OCNT-0494021-AA-001,CYP3A4,pIC50_direct,4.48697973,
rifampicin,JQXXHWHPUNPDRT-GHGVGPBWSA-N,JQXXHWHPUNPDRT,connectivity,pxr-challenge_TRAIN.csv,OADMET-0003649,PXR,pEC50_PXR,6.69,the published structure states less stereochemistry than the drug has
rifampicin,JQXXHWHPUNPDRT-WLSIYKJHSA-N,JQXXHWHPUNPDRT,full,pxr-challenge_TRAIN.csv,OADMET-0002338,PXR,pEC50_PXR,6.12,
rifampicin,JQXXHWHPUNPDRT-GHGVGPBWSA-N,JQXXHWHPUNPDRT,connectivity,pxr-challenge_counter-assay_TRAIN.csv,OADMET-0003649,PXR,pEC50_PXR_counter,2.0,the published structure states less stereochemistry than the drug has
ritonavir,NCDNCNXCDXHOMX-XGKFQTDJSA-N,NCDNCNXCDXHOMX,full,cyp-challenge-TRAIN_TDI.csv,OCNT-0495340,CYP2D6,is_TDI,1.0,
ritonavir,NCDNCNXCDXHOMX-XGKFQTDJSA-N,NCDNCNXCDXHOMX,full,cyp-challenge-TRAIN_TDI.csv,OCNT-0495340,CYP2D6,pIC50_TDI_condition,5.276127645,
ritonavir,NCDNCNXCDXHOMX-XGKFQTDJSA-N,NCDNCNXCDXHOMX,full,cyp-challenge-TRAIN_inhibition.csv,OCNT-0495340,CYP2D6,pIC50_direct,4.374838627,
ritonavir,NCDNCNXCDXHOMX-XGKFQTDJSA-N,NCDNCNXCDXHOMX,full,cyp-challenge-single-concentration-TRAIN.csv,OCNT-0495340,CYP1A2,screen_log2fc,-0.1088454687,
ritonavir,NCDNCNXCDXHOMX-XGKFQTDJSA-N,NCDNCNXCDXHOMX,full,cyp-challenge-single-concentration-TRAIN.csv,OCNT-0495340,CYP2C9,screen_log2fc,-1.350367275,
ritonavir,NCDNCNXCDXHOMX-XGKFQTDJSA-N,NCDNCNXCDXHOMX,full,cyp-challenge-single-concentration-TRAIN.csv,OCNT-0495340,CYP2D6,screen_log2fc,-1.357415686,
ritonavir,NCDNCNXCDXHOMX-XGKFQTDJSA-N,NCDNCNXCDXHOMX,full,cyp-challenge-single-concentration-TRAIN.csv,OCNT-0495340,CYP3A4,screen_log2fc,-3.86215429,
ritonavir,NCDNCNXCDXHOMX-XGKFQTDJSA-N,NCDNCNXCDXHOMX,full,pxr-challenge_TRAIN.csv,OADMET-0003608,PXR,pEC50_PXR,5.55,
ritonavir,NCDNCNXCDXHOMX-XGKFQTDJSA-N,NCDNCNXCDXHOMX,full,pxr-challenge_counter-assay_TRAIN.csv,OADMET-0003608,PXR,pEC50_PXR_counter,1.8,
rosiglitazone,YASAKCUCGLMORW-UHFFFAOYSA-N,YASAKCUCGLMORW,full,pxr-challenge_TRAIN.csv,OADMET-0003724,PXR,pEC50_PXR,4.55,
rosiglitazone,YASAKCUCGLMORW-UHFFFAOYSA-N,YASAKCUCGLMORW,full,pxr-challenge_counter-assay_TRAIN.csv,OADMET-0003724,PXR,pEC50_PXR_counter,3.07,
rupatadine,WUZYKBABMWJHDL-UHFFFAOYSA-N,WUZYKBABMWJHDL,full,cyp-challenge-TRAIN_TDI.csv,OCNT-2328938,CYP1A2,pIC50_TDI_condition,5.45602391,
rupatadine,WUZYKBABMWJHDL-UHFFFAOYSA-N,WUZYKBABMWJHDL,full,cyp-challenge-TRAIN_TDI.csv,OCNT-2328938,CYP3A4,is_TDI,0.0,
rupatadine,WUZYKBABMWJHDL-UHFFFAOYSA-N,WUZYKBABMWJHDL,full,cyp-challenge-TRAIN_TDI.csv,OCNT-2328938,CYP3A4,pIC50_TDI_condition,5.8299774,
rupatadine,WUZYKBABMWJHDL-UHFFFAOYSA-N,WUZYKBABMWJHDL,full,cyp-challenge-TRAIN_inhibition.csv,OCNT-2328938,CYP1A2,pIC50_direct,5.325893385,
rupatadine,WUZYKBABMWJHDL-UHFFFAOYSA-N,WUZYKBABMWJHDL,full,cyp-challenge-TRAIN_inhibition.csv,OCNT-2328938,CYP3A4,pIC50_direct,5.745036395,
rupatadine,WUZYKBABMWJHDL-UHFFFAOYSA-N,WUZYKBABMWJHDL,full,cyp-challenge-single-concentration-TRAIN.csv,OCNT-2328938,CYP1A2,screen_log2fc,-1.552094465,
rupatadine,WUZYKBABMWJHDL-UHFFFAOYSA-N,WUZYKBABMWJHDL,full,cyp-challenge-single-concentration-TRAIN.csv,OCNT-2328938,CYP2C9,screen_log2fc,-1.315225884,
rupatadine,WUZYKBABMWJHDL-UHFFFAOYSA-N,WUZYKBABMWJHDL,full,cyp-challenge-single-concentration-TRAIN.csv,OCNT-2328938,CYP2D6,screen_log2fc,-0.4662238298,
rupatadine,WUZYKBABMWJHDL-UHFFFAOYSA-N,WUZYKBABMWJHDL,full,cyp-challenge-single-concentration-TRAIN.csv,OCNT-2328938,CYP3A4,screen_log2fc,-3.586589606,
selexipag,QXWZQTURMXZVHJ-UHFFFAOYSA-N,QXWZQTURMXZVHJ,full,pxr-challenge_TRAIN.csv,OADMET-0003711,PXR,pEC50_PXR,4.87,
selexipag,QXWZQTURMXZVHJ-UHFFFAOYSA-N,QXWZQTURMXZVHJ,full,pxr-challenge_counter-assay_TRAIN.csv,OADMET-0003711,PXR,pEC50_PXR_counter,4.0,
sertraline,VGKDLMBJGBXTGI-SJCJKPOMSA-N,VGKDLMBJGBXTGI,full,cyp-challenge-TRAIN_TDI.csv,OCNT-2328788,CYP2D6,is_TDI,0.0,
sertraline,VGKDLMBJGBXTGI-SJCJKPOMSA-N,VGKDLMBJGBXTGI,full,cyp-challenge-TRAIN_TDI.csv,OCNT-2328788,CYP2D6,pIC50_TDI_condition,4.99152292,
sertraline,VGKDLMBJGBXTGI-SJCJKPOMSA-N,VGKDLMBJGBXTGI,full,cyp-challenge-TRAIN_inhibition.csv,OCNT-2328788,CYP2D6,pIC50_direct,4.98170079,
sertraline,VGKDLMBJGBXTGI-SJCJKPOMSA-N,VGKDLMBJGBXTGI,full,cyp-challenge-single-concentration-TRAIN.csv,OCNT-2328788,CYP1A2,screen_log2fc,-0.725810329,
sertraline,VGKDLMBJGBXTGI-SJCJKPOMSA-N,VGKDLMBJGBXTGI,full,cyp-challenge-single-concentration-TRAIN.csv,OCNT-2328788,CYP2C9,screen_log2fc,-0.5162630788,
sertraline,VGKDLMBJGBXTGI-SJCJKPOMSA-N,VGKDLMBJGBXTGI,full,cyp-challenge-single-concentration-TRAIN.csv,OCNT-2328788,CYP2D6,screen_log2fc,-2.7083957,
sertraline,VGKDLMBJGBXTGI-SJCJKPOMSA-N,VGKDLMBJGBXTGI,full,cyp-challenge-single-concentration-TRAIN.csv,OCNT-2328788,CYP3A4,screen_log2fc,-3.368387133,
sildenafil,BNRNXUUZRGQAQC-UHFFFAOYSA-N,BNRNXUUZRGQAQC,full,pxr-challenge_TRAIN.csv,OADMET-0003570,PXR,pEC50_PXR,4.65,
sildenafil,BNRNXUUZRGQAQC-UHFFFAOYSA-N,BNRNXUUZRGQAQC,full,pxr-challenge_counter-assay_TRAIN.csv,OADMET-0003570,PXR,pEC50_PXR_counter,2.8,
simvastatin,RYMZZMVNJRMUDD-HGQWONQESA-N,RYMZZMVNJRMUDD,full,pxr-challenge_TRAIN.csv,OADMET-0004677,PXR,pEC50_PXR,3.93,
simvastatin,RYMZZMVNJRMUDD-HGQWONQESA-N,RYMZZMVNJRMUDD,full,pxr-challenge_counter-assay_TRAIN.csv,OADMET-0004677,PXR,pEC50_PXR_counter,2.78,
sunitinib,WINHZLLDWRZWRT-ATVHPVEESA-N,WINHZLLDWRZWRT,full,cyp-challenge-TRAIN_TDI.csv,OCNT-0494135,CYP3A4,is_TDI,0.0,
sunitinib,WINHZLLDWRZWRT-ATVHPVEESA-N,WINHZLLDWRZWRT,full,cyp-challenge-TRAIN_TDI.csv,OCNT-0494135,CYP3A4,pIC50_TDI_condition,4.981330835,
sunitinib,WINHZLLDWRZWRT-ATVHPVEESA-N,WINHZLLDWRZWRT,full,inhibition.tsv,OCNT-0494135-AA-001,CYP3A4,pIC50_direct,5.021115165,
sunitinib,WINHZLLDWRZWRT-ATVHPVEESA-N,WINHZLLDWRZWRT,full,pxr-challenge_TRAIN.csv,OADMET-0003585,PXR,pEC50_PXR,1.74,
sunitinib,WINHZLLDWRZWRT-ATVHPVEESA-N,WINHZLLDWRZWRT,full,pxr-challenge_counter-assay_TRAIN.csv,OADMET-0003585,PXR,pEC50_PXR_counter,2.22,
tacrolimus,QJJXYPPXXYFBGM-CLAWHKJSSA-N,QJJXYPPXXYFBGM,connectivity,cyp-challenge-TRAIN_TDI.csv,OCNT-0496415,CYP2D6,is_TDI,0.0,the published structure states less stereochemistry than the drug has
tacrolimus,QJJXYPPXXYFBGM-CLAWHKJSSA-N,QJJXYPPXXYFBGM,connectivity,cyp-challenge-TRAIN_TDI.csv,OCNT-0496415,CYP2D6,pIC50_TDI_condition,4.450363363,the published structure states less stereochemistry than the drug has
tacrolimus,QJJXYPPXXYFBGM-CLAWHKJSSA-N,QJJXYPPXXYFBGM,connectivity,cyp-challenge-TRAIN_inhibition.csv,OCNT-0496415,CYP2D6,pIC50_direct,4.258582557,the published structure states less stereochemistry than the drug has
tacrolimus,QJJXYPPXXYFBGM-CLAWHKJSSA-N,QJJXYPPXXYFBGM,connectivity,cyp-challenge-single-concentration-TRAIN.csv,OCNT-0496415,CYP1A2,screen_log2fc,-0.07373201922,the published structure states less stereochemistry than the drug has
tacrolimus,QJJXYPPXXYFBGM-CLAWHKJSSA-N,QJJXYPPXXYFBGM,connectivity,cyp-challenge-single-concentration-TRAIN.csv,OCNT-0496415,CYP2C9,screen_log2fc,-0.5165557334,the published structure states less stereochemistry than the drug has
tacrolimus,QJJXYPPXXYFBGM-CLAWHKJSSA-N,QJJXYPPXXYFBGM,connectivity,cyp-challenge-single-concentration-TRAIN.csv,OCNT-0496415,CYP2D6,screen_log2fc,-1.149732246,the published structure states less stereochemistry than the drug has
tacrolimus,QJJXYPPXXYFBGM-CLAWHKJSSA-N,QJJXYPPXXYFBGM,connectivity,cyp-challenge-single-concentration-TRAIN.csv,OCNT-0496415,CYP3A4,screen_log2fc,-3.809546684,the published structure states less stereochemistry than the drug has
tenofovir_alafenamide,LDEKQSIMHVQZJK-CAQYMETFSA-N,LDEKQSIMHVQZJK,full,cyp-challenge-TRAIN_TDI.csv,OCNT-2328822,CYP3A4,is_TDI,1.0,
tenofovir_alafenamide,LDEKQSIMHVQZJK-CAQYMETFSA-N,LDEKQSIMHVQZJK,full,cyp-challenge-TRAIN_TDI.csv,OCNT-2328822,CYP3A4,pIC50_TDI_condition,4.403154265,
tenofovir_alafenamide,LDEKQSIMHVQZJK-CAQYMETFSA-N,LDEKQSIMHVQZJK,full,cyp-challenge-TRAIN_inhibition.csv,OCNT-2328822,CYP3A4,pIC50_direct,3.870445152,
tenofovir_alafenamide,LDEKQSIMHVQZJK-CAQYMETFSA-N,LDEKQSIMHVQZJK,full,cyp-challenge-single-concentration-TRAIN.csv,OCNT-2328822,CYP1A2,screen_log2fc,-0.01412833319,
tenofovir_alafenamide,LDEKQSIMHVQZJK-CAQYMETFSA-N,LDEKQSIMHVQZJK,full,cyp-challenge-single-concentration-TRAIN.csv,OCNT-2328822,CYP2C9,screen_log2fc,-0.1071389618,
tenofovir_alafenamide,LDEKQSIMHVQZJK-CAQYMETFSA-N,LDEKQSIMHVQZJK,full,cyp-challenge-single-concentration-TRAIN.csv,OCNT-2328822,CYP2D6,screen_log2fc,0.03003884201,
tenofovir_alafenamide,LDEKQSIMHVQZJK-CAQYMETFSA-N,LDEKQSIMHVQZJK,full,cyp-challenge-single-concentration-TRAIN.csv,OCNT-2328822,CYP3A4,screen_log2fc,-1.063470529,
terbinafine,DOMXUEMWDBAQBQ-WEVVVXLNSA-N,DOMXUEMWDBAQBQ,full,cyp-challenge-TRAIN_TDI.csv,OCNT-0497979,CYP2D6,is_TDI,0.0,
terbinafine,DOMXUEMWDBAQBQ-WEVVVXLNSA-N,DOMXUEMWDBAQBQ,full,cyp-challenge-TRAIN_TDI.csv,OCNT-0497979,CYP2D6,pIC50_TDI_condition,6.549937717,
terbinafine,DOMXUEMWDBAQBQ-WEVVVXLNSA-N,DOMXUEMWDBAQBQ,full,cyp-challenge-TRAIN_TDI.csv,OCNT-0497979,CYP3A4,is_TDI,0.0,
terbinafine,DOMXUEMWDBAQBQ-WEVVVXLNSA-N,DOMXUEMWDBAQBQ,full,cyp-challenge-TRAIN_TDI.csv,OCNT-0497979,CYP3A4,pIC50_TDI_condition,2.797857872,
terbinafine,DOMXUEMWDBAQBQ-WEVVVXLNSA-N,DOMXUEMWDBAQBQ,full,cyp-challenge-TRAIN_inhibition.csv,OCNT-0497979,CYP2D6,pIC50_direct,6.411201408,
terbinafine,DOMXUEMWDBAQBQ-WEVVVXLNSA-N,DOMXUEMWDBAQBQ,full,cyp-challenge-single-concentration-TRAIN.csv,OCNT-0497979,CYP1A2,screen_log2fc,-0.6317507392,
terbinafine,DOMXUEMWDBAQBQ-WEVVVXLNSA-N,DOMXUEMWDBAQBQ,full,cyp-challenge-single-concentration-TRAIN.csv,OCNT-0497979,CYP2C9,screen_log2fc,-0.4579690239,
terbinafine,DOMXUEMWDBAQBQ-WEVVVXLNSA-N,DOMXUEMWDBAQBQ,full,cyp-challenge-single-concentration-TRAIN.csv,OCNT-0497979,CYP2D6,screen_log2fc,-2.914966494,
terbinafine,DOMXUEMWDBAQBQ-WEVVVXLNSA-N,DOMXUEMWDBAQBQ,full,cyp-challenge-single-concentration-TRAIN.csv,OCNT-0497979,CYP3A4,screen_log2fc,-0.3916914443,
terbinafine,DOMXUEMWDBAQBQ-WEVVVXLNSA-N,DOMXUEMWDBAQBQ,full,inhibition.tsv,OCNT-0497979-AA-001,CYP3A4,pIC50_direct,3.1840303325,
terbinafine,DOMXUEMWDBAQBQ-WEVVVXLNSA-N,DOMXUEMWDBAQBQ,full,pxr-challenge_TRAIN.csv,OADMET-0003623,PXR,pEC50_PXR,4.7,
terbinafine,DOMXUEMWDBAQBQ-WEVVVXLNSA-N,DOMXUEMWDBAQBQ,full,pxr-challenge_counter-assay_TRAIN.csv,OADMET-0003623,PXR,pEC50_PXR_counter,2.04,
teriflunomide,UTNUDOFZCWSZMS-UHFFFAOYSA-N,UTNUDOFZCWSZMS,connectivity,pxr-challenge_TRAIN.csv,OADMET-0003674,PXR,pEC50_PXR,1.78,the published structure states less stereochemistry than the drug has
teriflunomide,UTNUDOFZCWSZMS-UHFFFAOYSA-N,UTNUDOFZCWSZMS,connectivity,pxr-challenge_counter-assay_TRAIN.csv,OADMET-0003674,PXR,pEC50_PXR_counter,2.77,the published structure states less stereochemistry than the drug has
ticagrelor,OEKWJQXRCDYSHL-FNOIDJSQSA-N,OEKWJQXRCDYSHL,full,pxr-challenge_TRAIN.csv,OADMET-0003769,PXR,pEC50_PXR,4.12,
ticagrelor,OEKWJQXRCDYSHL-FNOIDJSQSA-N,OEKWJQXRCDYSHL,full,pxr-challenge_counter-assay_TRAIN.csv,OADMET-0003769,PXR,pEC50_PXR_counter,3.12,
ticlopidine,PHWBOXQYWZNQIN-UHFFFAOYSA-N,PHWBOXQYWZNQIN,full,cyp-challenge-TRAIN_TDI.csv,OCNT-0496475,CYP1A2,pIC50_TDI_condition,4.773439953,
ticlopidine,PHWBOXQYWZNQIN-UHFFFAOYSA-N,PHWBOXQYWZNQIN,full,cyp-challenge-TRAIN_TDI.csv,OCNT-0496475,CYP2D6,is_TDI,0.0,
ticlopidine,PHWBOXQYWZNQIN-UHFFFAOYSA-N,PHWBOXQYWZNQIN,full,cyp-challenge-TRAIN_TDI.csv,OCNT-0496475,CYP2D6,pIC50_TDI_condition,5.44608389,
ticlopidine,PHWBOXQYWZNQIN-UHFFFAOYSA-N,PHWBOXQYWZNQIN,full,cyp-challenge-TRAIN_inhibition.csv,OCNT-0496475,CYP1A2,pIC50_direct,4.765568825,
ticlopidine,PHWBOXQYWZNQIN-UHFFFAOYSA-N,PHWBOXQYWZNQIN,full,cyp-challenge-TRAIN_inhibition.csv,OCNT-0496475,CYP2D6,pIC50_direct,5.264508453,
ticlopidine,PHWBOXQYWZNQIN-UHFFFAOYSA-N,PHWBOXQYWZNQIN,full,cyp-challenge-single-concentration-TRAIN.csv,OCNT-0496475,CYP1A2,screen_log2fc,-1.443136161,
ticlopidine,PHWBOXQYWZNQIN-UHFFFAOYSA-N,PHWBOXQYWZNQIN,full,cyp-challenge-single-concentration-TRAIN.csv,OCNT-0496475,CYP2C9,screen_log2fc,-0.861098109,
ticlopidine,PHWBOXQYWZNQIN-UHFFFAOYSA-N,PHWBOXQYWZNQIN,full,cyp-challenge-single-concentration-TRAIN.csv,OCNT-0496475,CYP2D6,screen_log2fc,-2.887946217,
ticlopidine,PHWBOXQYWZNQIN-UHFFFAOYSA-N,PHWBOXQYWZNQIN,full,cyp-challenge-single-concentration-TRAIN.csv,OCNT-0496475,CYP3A4,screen_log2fc,-1.738553638,
ticlopidine,PHWBOXQYWZNQIN-UHFFFAOYSA-N,PHWBOXQYWZNQIN,full,pxr-challenge_TRAIN.csv,OADMET-0003611,PXR,pEC50_PXR,4.28,
ticlopidine,PHWBOXQYWZNQIN-UHFFFAOYSA-N,PHWBOXQYWZNQIN,full,pxr-challenge_counter-assay_TRAIN.csv,OADMET-0003611,PXR,pEC50_PXR_counter,1.83,
tizanidine,XFYDIVBRZNQMJC-UHFFFAOYSA-N,XFYDIVBRZNQMJC,full,cyp-challenge-TRAIN_TDI.csv,OCNT-1911799,CYP2D6,is_TDI,1.0,
tizanidine,XFYDIVBRZNQMJC-UHFFFAOYSA-N,XFYDIVBRZNQMJC,full,cyp-challenge-TRAIN_TDI.csv,OCNT-1911799,CYP2D6,pIC50_TDI_condition,5.491886795,
tizanidine,XFYDIVBRZNQMJC-UHFFFAOYSA-N,XFYDIVBRZNQMJC,full,cyp-challenge-TRAIN_inhibition.csv,OCNT-1911799,CYP2D6,pIC50_direct,4.377315923,
tizanidine,XFYDIVBRZNQMJC-UHFFFAOYSA-N,XFYDIVBRZNQMJC,full,cyp-challenge-single-concentration-TRAIN.csv,OCNT-1911799,CYP1A2,screen_log2fc,-0.1695361352,
tizanidine,XFYDIVBRZNQMJC-UHFFFAOYSA-N,XFYDIVBRZNQMJC,full,cyp-challenge-single-concentration-TRAIN.csv,OCNT-1911799,CYP2C9,screen_log2fc,-0.06263665765,
tizanidine,XFYDIVBRZNQMJC-UHFFFAOYSA-N,XFYDIVBRZNQMJC,full,cyp-challenge-single-concentration-TRAIN.csv,OCNT-1911799,CYP2D6,screen_log2fc,-0.9291292889,
tizanidine,XFYDIVBRZNQMJC-UHFFFAOYSA-N,XFYDIVBRZNQMJC,full,cyp-challenge-single-concentration-TRAIN.csv,OCNT-1911799,CYP3A4,screen_log2fc,-0.3107706893,
tolterodine,OOGJQPCLVADCPB-HXUWFJFHSA-N,OOGJQPCLVADCPB,full,cyp-challenge-TRAIN_TDI.csv,OCNT-2328518,CYP2D6,is_TDI,0.0,
tolterodine,OOGJQPCLVADCPB-HXUWFJFHSA-N,OOGJQPCLVADCPB,full,cyp-challenge-TRAIN_TDI.csv,OCNT-2328518,CYP2D6,pIC50_TDI_condition,5.023869345,
tolterodine,OOGJQPCLVADCPB-HXUWFJFHSA-N,OOGJQPCLVADCPB,full,cyp-challenge-TRAIN_inhibition.csv,OCNT-2328518,CYP2D6,pIC50_direct,5.032902293,
tolterodine,OOGJQPCLVADCPB-HXUWFJFHSA-N,OOGJQPCLVADCPB,full,cyp-challenge-single-concentration-TRAIN.csv,OCNT-2328518,CYP1A2,screen_log2fc,-0.005252202696,
tolterodine,OOGJQPCLVADCPB-HXUWFJFHSA-N,OOGJQPCLVADCPB,full,cyp-challenge-single-concentration-TRAIN.csv,OCNT-2328518,CYP2C9,screen_log2fc,-0.2961129842,
tolterodine,OOGJQPCLVADCPB-HXUWFJFHSA-N,OOGJQPCLVADCPB,full,cyp-challenge-single-concentration-TRAIN.csv,OCNT-2328518,CYP2D6,screen_log2fc,-2.326280747,
tolterodine,OOGJQPCLVADCPB-HXUWFJFHSA-N,OOGJQPCLVADCPB,full,cyp-challenge-single-concentration-TRAIN.csv,OCNT-2328518,CYP3A4,screen_log2fc,-2.049319064,
tolterodine,OOGJQPCLVADCPB-HXUWFJFHSA-N,OOGJQPCLVADCPB,full,pxr-challenge_TRAIN.csv,OADMET-0003699,PXR,pEC50_PXR,5.06,
tolterodine,OOGJQPCLVADCPB-HXUWFJFHSA-N,OOGJQPCLVADCPB,full,pxr-challenge_counter-assay_TRAIN.csv,OADMET-0003699,PXR,pEC50_PXR_counter,1.86,
tolvaptan,GYHCTFXIZSNGJT-UHFFFAOYSA-N,GYHCTFXIZSNGJT,full,pxr-challenge_TRAIN.csv,OADMET-0001928,PXR,pEC50_PXR,5.62,
trazodone,PHLBKPHSAVXXEF-UHFFFAOYSA-N,PHLBKPHSAVXXEF,full,cyp-challenge-TRAIN_TDI.csv,OCNT-2328352,CYP2C9,pIC50_TDI_condition,3.804994263,
trazodone,PHLBKPHSAVXXEF-UHFFFAOYSA-N,PHLBKPHSAVXXEF,full,cyp-challenge-TRAIN_TDI.csv,OCNT-2328352,CYP3A4,is_TDI,1.0,
trazodone,PHLBKPHSAVXXEF-UHFFFAOYSA-N,PHLBKPHSAVXXEF,full,cyp-challenge-TRAIN_TDI.csv,OCNT-2328352,CYP3A4,pIC50_TDI_condition,4.47538625,
trazodone,PHLBKPHSAVXXEF-UHFFFAOYSA-N,PHLBKPHSAVXXEF,full,cyp-challenge-TRAIN_inhibition.csv,OCNT-2328352,CYP2C9,pIC50_direct,3.938473065,
trazodone,PHLBKPHSAVXXEF-UHFFFAOYSA-N,PHLBKPHSAVXXEF,full,cyp-challenge-TRAIN_inhibition.csv,OCNT-2328352,CYP3A4,pIC50_direct,3.925884955,
trazodone,PHLBKPHSAVXXEF-UHFFFAOYSA-N,PHLBKPHSAVXXEF,full,cyp-challenge-single-concentration-TRAIN.csv,OCNT-2328352,CYP1A2,screen_log2fc,0.04800973847,
trazodone,PHLBKPHSAVXXEF-UHFFFAOYSA-N,PHLBKPHSAVXXEF,full,cyp-challenge-single-concentration-TRAIN.csv,OCNT-2328352,CYP2C9,screen_log2fc,-0.3456969641,
trazodone,PHLBKPHSAVXXEF-UHFFFAOYSA-N,PHLBKPHSAVXXEF,full,cyp-challenge-single-concentration-TRAIN.csv,OCNT-2328352,CYP2D6,screen_log2fc,-0.1508447969,
trazodone,PHLBKPHSAVXXEF-UHFFFAOYSA-N,PHLBKPHSAVXXEF,full,cyp-challenge-single-concentration-TRAIN.csv,OCNT-2328352,CYP3A4,screen_log2fc,-1.00640357,
trazodone,PHLBKPHSAVXXEF-UHFFFAOYSA-N,PHLBKPHSAVXXEF,full,pxr-challenge_TRAIN.csv,OADMET-0003656,PXR,pEC50_PXR,4.53,
trazodone,PHLBKPHSAVXXEF-UHFFFAOYSA-N,PHLBKPHSAVXXEF,full,pxr-challenge_counter-assay_TRAIN.csv,OADMET-0003656,PXR,pEC50_PXR_counter,3.96,
trimethoprim,IEDVJHCEMCRBQM-UHFFFAOYSA-N,IEDVJHCEMCRBQM,full,cyp-challenge-TRAIN_TDI.csv,OCNT-0493917,CYP3A4,is_TDI,0.0,
trimethoprim,IEDVJHCEMCRBQM-UHFFFAOYSA-N,IEDVJHCEMCRBQM,full,cyp-challenge-TRAIN_TDI.csv,OCNT-0493917,CYP3A4,pIC50_TDI_condition,3.899746508,
trimethoprim,IEDVJHCEMCRBQM-UHFFFAOYSA-N,IEDVJHCEMCRBQM,full,inhibition.tsv,OCNT-0493917-AA-001,CYP3A4,pIC50_direct,4.41306696,
trimethoprim,IEDVJHCEMCRBQM-UHFFFAOYSA-N,IEDVJHCEMCRBQM,full,pxr-challenge_TRAIN.csv,OADMET-0003574,PXR,pEC50_PXR,2.36,
trimethoprim,IEDVJHCEMCRBQM-UHFFFAOYSA-N,IEDVJHCEMCRBQM,full,pxr-challenge_counter-assay_TRAIN.csv,OADMET-0003574,PXR,pEC50_PXR_counter,2.78,
vardenafil,SECKRCOLJRRGGV-UHFFFAOYSA-N,SECKRCOLJRRGGV,full,cyp-challenge-TRAIN_TDI.csv,OCNT-0494220,CYP3A4,is_TDI,0.0,
vardenafil,SECKRCOLJRRGGV-UHFFFAOYSA-N,SECKRCOLJRRGGV,full,cyp-challenge-TRAIN_TDI.csv,OCNT-0494220,CYP3A4,pIC50_TDI_condition,5.589669365,
vardenafil,SECKRCOLJRRGGV-UHFFFAOYSA-N,SECKRCOLJRRGGV,full,inhibition.tsv,OCNT-0494220-AA-001,CYP3A4,pIC50_direct,5.3972915375,
vardenafil,SECKRCOLJRRGGV-UHFFFAOYSA-N,SECKRCOLJRRGGV,full,pxr-challenge_TRAIN.csv,OADMET-0003593,PXR,pEC50_PXR,4.31,
vardenafil,SECKRCOLJRRGGV-UHFFFAOYSA-N,SECKRCOLJRRGGV,full,pxr-challenge_counter-assay_TRAIN.csv,OADMET-0003593,PXR,pEC50_PXR_counter,2.06,
venetoclax,LQBVNQSMGBZMKD-UHFFFAOYSA-N,LQBVNQSMGBZMKD,full,pxr-challenge_TRAIN.csv,OADMET-0003691,PXR,pEC50_PXR,2.4,
venetoclax,LQBVNQSMGBZMKD-UHFFFAOYSA-N,LQBVNQSMGBZMKD,full,pxr-challenge_counter-assay_TRAIN.csv,OADMET-0003691,PXR,pEC50_PXR_counter,3.04,
verapamil,SGTNSNPWRIOYBX-UHFFFAOYSA-N,SGTNSNPWRIOYBX,full,pxr-challenge_TRAIN.csv,OADMET-0003647,PXR,pEC50_PXR,4.75,
verapamil,SGTNSNPWRIOYBX-UHFFFAOYSA-N,SGTNSNPWRIOYBX,full,pxr-challenge_counter-assay_TRAIN.csv,OADMET-0003647,PXR,pEC50_PXR_counter,1.87,
viloxazine,YWPHCCPCQOJSGZ-UHFFFAOYSA-N,YWPHCCPCQOJSGZ,full,cyp-challenge-TRAIN_TDI.csv,OCNT-0493904,CYP1A2,pIC50_TDI_condition,6.67256383,
viloxazine,YWPHCCPCQOJSGZ-UHFFFAOYSA-N,YWPHCCPCQOJSGZ,full,cyp-challenge-TRAIN_inhibition.csv,OCNT-0493904,CYP1A2,pIC50_direct,6.40645018,
viloxazine,YWPHCCPCQOJSGZ-UHFFFAOYSA-N,YWPHCCPCQOJSGZ,full,cyp-challenge-single-concentration-TRAIN.csv,OCNT-0493904,CYP1A2,screen_log2fc,-1.794282078,
viloxazine,YWPHCCPCQOJSGZ-UHFFFAOYSA-N,YWPHCCPCQOJSGZ,full,cyp-challenge-single-concentration-TRAIN.csv,OCNT-0493904,CYP2C9,screen_log2fc,-0.02575863518,
viloxazine,YWPHCCPCQOJSGZ-UHFFFAOYSA-N,YWPHCCPCQOJSGZ,full,cyp-challenge-single-concentration-TRAIN.csv,OCNT-0493904,CYP2D6,screen_log2fc,0.5971237562,
viloxazine,YWPHCCPCQOJSGZ-UHFFFAOYSA-N,YWPHCCPCQOJSGZ,full,cyp-challenge-single-concentration-TRAIN.csv,OCNT-0493904,CYP3A4,screen_log2fc,-0.3606439983,
voriconazole,BCEHBSKCWLPMDN-MGPLVRAMSA-N,BCEHBSKCWLPMDN,full,cyp-challenge-TRAIN_TDI.csv,OCNT-0497983,CYP3A4,is_TDI,0.0,
voriconazole,BCEHBSKCWLPMDN-MGPLVRAMSA-N,BCEHBSKCWLPMDN,full,cyp-challenge-TRAIN_TDI.csv,OCNT-0497983,CYP3A4,pIC50_TDI_condition,4.023414563,
voriconazole,BCEHBSKCWLPMDN-MGPLVRAMSA-N,BCEHBSKCWLPMDN,full,cyp-challenge-TRAIN_inhibition.csv,OCNT-0497983,CYP3A4,pIC50_direct,3.80082054,
voriconazole,BCEHBSKCWLPMDN-MGPLVRAMSA-N,BCEHBSKCWLPMDN,full,cyp-challenge-single-concentration-TRAIN.csv,OCNT-0497983,CYP1A2,screen_log2fc,-0.08645322505,
voriconazole,BCEHBSKCWLPMDN-MGPLVRAMSA-N,BCEHBSKCWLPMDN,full,cyp-challenge-single-concentration-TRAIN.csv,OCNT-0497983,CYP2C9,screen_log2fc,-1.035970416,
voriconazole,BCEHBSKCWLPMDN-MGPLVRAMSA-N,BCEHBSKCWLPMDN,full,cyp-challenge-single-concentration-TRAIN.csv,OCNT-0497983,CYP2D6,screen_log2fc,0.3655405017,
voriconazole,BCEHBSKCWLPMDN-MGPLVRAMSA-N,BCEHBSKCWLPMDN,full,cyp-challenge-single-concentration-TRAIN.csv,OCNT-0497983,CYP3A4,screen_log2fc,-0.8218930382,
